config,rule,bound,lr_bas,lr_ap,lr_policy,lr_td,lr_trace,theta_0,theta_bas_0,rule_sees_gain,lr_dep,dep_form,theta_gate,n_noise,n_z,init,init_power,n_trials,n_trials_inhibited,snapshot_every,store_full,gate_power,gh_post,gh_theta_scale,oja_decay,burst_tau,burst_kappa,bcm_tau,us_tau,bcm_e0_scale,ca_beta,ca_theta_p,ca_ltd_frac,ca_gamma_d,ca_smooth,n_failed,diverged,expert_proxy,expert_proxy_n_not_reached,expert_after_lift,perf_inhibited_end,final_perf,w_bas_change,w_bas_change_inhibited,w_bas_sum_mean,w_bas_min,w_bas_max,task_frac_start,task_frac_end,selectivity_start,selectivity_end,det_tone_start,det_texture_start,det_distractor_start,det_tone,det_texture,det_distractor,w_ap_mean,w_ap_max
n_noise-100_init_power-128,none,soft,0.016,0.064,0.128,0.032,0.016,4,,True,0.0,thr,,100,203,random,128,1800,0,50,False,1.0,som,1.0,1.0,20.0,0.0,100.0,inf,1.0,2.0,1.5,0.5,0.5,0.15,0,0,774.0,0,nan,nan,0.99735,0.0,nan,1.0,0.0,0.9996644258499146,0.03619654017231886,0.03619654017231886,0.3588652429497472,0.3588652429497472,1.0,3.6666666666666665,132.0,1.0,3.6666666666666665,132.0,0.04230777050058047,0.9999999403953552
n_noise-100_init_power-192,none,soft,0.016,0.064,0.128,0.032,0.016,4,,True,0.0,thr,,100,203,random,192,1800,0,50,False,1.0,som,1.0,1.0,20.0,0.0,100.0,inf,1.0,2.0,1.5,0.5,0.5,0.15,0,0,589.3333333333334,0,nan,nan,0.99735,0.0,nan,1.0,0.0,0.999995211760203,0.03698155986438062,0.03698155986438062,0.2748627652009451,0.2748627652009451,1.6666666666666667,4.333333333333333,161.0,1.6666666666666667,4.333333333333333,161.0,0.047561854124069214,0.9999999403953552
n_noise-100_init_power-64,none,soft,0.016,0.064,0.128,0.032,0.016,4,,True,0.0,thr,,100,203,random,64,1800,0,50,False,1.0,som,1.0,1.0,20.0,0.0,100.0,inf,1.0,2.0,1.5,0.5,0.5,0.15,0,0,1003.5,1,nan,nan,0.8382166666666667,0.0,nan,1.0,0.0,0.970747689406077,0.03419271999918268,0.03419271999918268,0.5797254129606305,0.5797254129606305,0.6666666666666666,1.6666666666666667,52.333333333333336,0.6666666666666666,1.6666666666666667,52.333333333333336,0.027142716222442687,0.7579303681850433
n_noise-100_init_power-96,none,soft,0.016,0.064,0.128,0.032,0.016,4,,True,0.0,thr,,100,203,random,96,1800,0,50,False,1.0,som,1.0,1.0,20.0,0.0,100.0,inf,1.0,2.0,1.5,0.5,0.5,0.15,0,0,981.6666666666666,0,nan,nan,0.9224666666666667,0.0,nan,1.0,0.0,0.9970519542694092,0.03542633632714302,0.03542633632714302,0.4467638486468038,0.4467638486468038,1.0,3.0,99.33333333333333,1.0,3.0,99.33333333333333,0.04147938328484694,0.9999999403953552
n_noise-150_init_power-128,none,soft,0.016,0.064,0.128,0.032,0.016,4,,True,0.0,thr,,150,203,random,128,1800,0,50,False,1.0,som,1.0,1.0,20.0,0.0,100.0,inf,1.0,2.0,1.5,0.5,0.5,0.15,0,0,1042.0,2,nan,nan,0.6848333333333333,0.0,nan,1.0,0.0,0.9891010125478109,0.023155137245487747,0.023155137245487747,0.3574037802591623,0.3574037802591623,1.0,1.0,96.66666666666667,1.0,1.0,96.66666666666667,0.020834649136910837,0.9999998807907104
n_noise-150_init_power-192,none,soft,0.016,0.064,0.128,0.032,0.016,4,,True,0.0,thr,,150,203,random,192,1800,0,50,False,1.0,som,1.0,1.0,20.0,0.0,100.0,inf,1.0,2.0,1.5,0.5,0.5,0.15,0,0,991.0,1,nan,nan,0.8197333333333333,0.0,nan,1.0,0.0,0.9987305402755737,0.023834052159462948,0.023834052159462948,0.27091444728783426,0.27091444728783426,1.3333333333333333,1.3333333333333333,135.66666666666666,1.3333333333333333,1.3333333333333333,135.66666666666666,0.02308103209361434,0.9999999205271403
n_noise-150_init_power-64,none,soft,0.016,0.064,0.128,0.032,0.016,4,,True,0.0,thr,,150,203,random,64,1800,0,50,False,1.0,som,1.0,1.0,20.0,0.0,100.0,inf,1.0,2.0,1.5,0.5,0.5,0.15,0,0,nan,3,nan,nan,0.5262166666666667,0.0,nan,1.0,0.0,0.8721163670221964,0.022059725045170536,0.022059725045170536,0.5747215770617978,0.5747215770617978,0.0,0.3333333333333333,21.666666666666668,0.0,0.3333333333333333,21.666666666666668,0.0019106535279812913,0.2634446248412132
n_noise-150_init_power-96,none,soft,0.016,0.064,0.128,0.032,0.016,4,,True,0.0,thr,,150,203,random,96,1800,0,50,False,1.0,som,1.0,1.0,20.0,0.0,100.0,inf,1.0,2.0,1.5,0.5,0.5,0.15,0,0,1777.0,2,nan,nan,0.5592166666666667,0.0,nan,1.0,0.0,0.9648218552271525,0.02264932973600486,0.02264932973600486,0.4374633645921055,0.4374633645921055,1.0,0.6666666666666666,64.66666666666667,1.0,0.6666666666666666,64.66666666666667,0.009394177235662937,0.9999997814496359
n_noise-200_init_power-128,none,soft,0.016,0.064,0.128,0.032,0.016,4,,True,0.0,thr,,200,203,random,128,1800,0,50,False,1.0,som,1.0,1.0,20.0,0.0,100.0,inf,1.0,2.0,1.5,0.5,0.5,0.15,0,0,1344.0,2,nan,nan,0.6818666666666667,0.0,nan,1.0,0.0,0.9579673806826273,0.0189926963855824,0.0189926963855824,0.3519925150135375,0.3519925150135375,0.6666666666666666,1.0,59.0,0.6666666666666666,1.0,59.0,0.014220475452020764,0.743496244152387
n_noise-200_init_power-192,none,soft,0.016,0.064,0.128,0.032,0.016,4,,True,0.0,thr,,200,203,random,192,1800,0,50,False,1.0,som,1.0,1.0,20.0,0.0,100.0,inf,1.0,2.0,1.5,0.5,0.5,0.15,0,0,849.0,2,nan,nan,0.68635,0.0,nan,1.0,0.0,0.9949355324109396,0.020083596977874287,0.020083596977874287,0.26828089249750064,0.26828089249750064,1.3333333333333333,1.0,108.33333333333333,1.3333333333333333,1.0,108.33333333333333,0.020793301053345203,0.9999999205271403
n_noise-200_init_power-64,none,soft,0.016,0.064,0.128,0.032,0.016,4,,True,0.0,thr,,200,203,random,64,1800,0,50,False,1.0,som,1.0,1.0,20.0,0.0,100.0,inf,1.0,2.0,1.5,0.5,0.5,0.15,0,0,nan,3,nan,nan,0.50125,0.0,nan,1.0,0.0,0.6610313256581625,0.017227785677168903,0.017227785677168903,0.5717886950726739,0.5717886950726739,0.0,0.0,7.333333333333333,0.0,0.0,7.333333333333333,0.0006550657368885974,0.026573804207146168
n_noise-200_init_power-96,none,soft,0.016,0.064,0.128,0.032,0.016,4,,True,0.0,thr,,200,203,random,96,1800,0,50,False,1.0,som,1.0,1.0,20.0,0.0,100.0,inf,1.0,2.0,1.5,0.5,0.5,0.15,0,0,nan,3,nan,nan,0.5015833333333334,0.0,nan,1.0,0.0,0.8762992819150289,0.018176854304340205,0.018176854304340205,0.4340362168850355,0.4340362168850355,0.6666666666666666,0.6666666666666666,25.666666666666668,0.6666666666666666,0.6666666666666666,25.666666666666668,0.004048361248957614,0.34781360005338985
