config,rule,bound,lr_bas,theta_0,n_noise,n_z,init,init_power,n_trials,n_trials_inhibited,snapshot_every,store_full,gate_power,oja_decay,burst_tau,burst_kappa,bcm_tau,us_tau,bcm_e0_scale,ca_beta,ca_theta_p,ca_ltd_frac,ca_gamma_d,ca_smooth,n_failed,diverged,expert_proxy,expert_proxy_n_not_reached,expert_after_lift,perf_inhibited_end,final_perf,w_bas_change,w_bas_change_inhibited,w_bas_sum_mean,w_bas_min,w_bas_max,task_frac_start,task_frac_end,selectivity_start,selectivity_end,det_tone_start,det_texture_start,det_distractor_start,det_tone,det_texture,det_distractor,w_ap_mean,w_ap_max
gate_power-0.5_lr_bas-0.004_bound-l1,gated_hebb,l1,0.004,4.0,30,203,random,12,1800,0,50,False,0.5,1.0,20.0,0.0,100.0,inf,1.0,2.0,1.5,0.5,0.5,0.15,0,0,1522.0,4,nan,nan,0.65053,0.008375127334147692,nan,1.0,0.0,0.7732365131378174,0.09588589738623271,0.128649737913905,0.8807857714881034,0.539234732888566,0.8,0.6,11.6,2.6,0.2,16.4,0.154512619972229,0.9999994277954102
gate_power-0.5_lr_bas-0.004_bound-soft,gated_hebb,soft,0.004,4.0,30,203,random,12,1800,0,50,False,0.5,1.0,20.0,0.0,100.0,inf,1.0,2.0,1.5,0.5,0.5,0.15,0,1,1453.0,3,nan,nan,0.7655272413793104,0.0028579955105669796,nan,1.0924122631549835,1.0860063098517332e-43,0.9989924877882004,0.09588589753262526,0.11142025834535599,0.8807857713760245,0.8825297891403803,0.8,0.6,11.6,2.8,15.2,14.6,0.1217140257358551,0.9999998807907104
gate_power-0.5_lr_bas-0.016_bound-l1,gated_hebb,l1,0.016,4.0,30,203,random,12,1800,0,50,False,0.5,1.0,20.0,0.0,100.0,inf,1.0,2.0,1.5,0.5,0.5,0.15,0,2,nan,5,nan,nan,0.5667188253012048,0.021113862593968708,nan,1.0,0.0,0.8676431973775228,0.09588589738623271,0.18154573843279362,0.8807857714881034,0.48838892087939234,0.8,0.6,11.6,4.6,0.6,11.8,0.47015883525212604,0.9999997417132059
gate_power-0.5_lr_bas-0.016_bound-soft,gated_hebb,soft,0.016,4.0,30,203,random,12,1800,0,50,False,0.5,1.0,20.0,0.0,100.0,inf,1.0,2.0,1.5,0.5,0.5,0.15,0,5,nan,5,nan,nan,nan,nan,nan,nan,nan,nan,0.09588589753262526,nan,0.8807857713760245,nan,0.8,0.6,11.6,9.6,22.2,65.0,nan,nan
gate_power-1_lr_bas-0.004_bound-l1,gated_hebb,l1,0.004,4.0,30,203,random,12,1800,0,50,False,1,1.0,20.0,0.0,100.0,inf,1.0,2.0,1.5,0.5,0.5,0.15,0,0,1783.0,4,nan,nan,0.59948,0.0038493535481393336,nan,1.0,0.0,0.7287179589271545,0.09588589738623271,0.1099055873572552,0.8807857714881034,0.6304781758052264,0.8,0.6,11.6,0.6,0.0,10.8,0.1211175873875618,0.9999967336654663
gate_power-1_lr_bas-0.004_bound-soft,gated_hebb,soft,0.004,4.0,30,203,random,12,1800,0,50,False,1,1.0,20.0,0.0,100.0,inf,1.0,2.0,1.5,0.5,0.5,0.15,0,0,1499.3333333333333,2,nan,nan,0.7222500000000001,0.0018444612855091692,nan,1.0607403993606568,8.688050478813866e-44,0.9855221152305603,0.09588589753262526,0.10844549819842172,0.8807857713760245,0.8804361468800224,0.8,0.6,11.6,0.8,11.8,11.0,0.1064641997218132,0.9999998450279236
gate_power-1_lr_bas-0.016_bound-l1,gated_hebb,l1,0.016,4.0,30,203,random,12,1800,0,50,False,1,1.0,20.0,0.0,100.0,inf,1.0,2.0,1.5,0.5,0.5,0.15,0,0,nan,5,nan,nan,0.51919,0.006757320184260607,nan,1.0,0.0,0.739612877368927,0.09588589738623271,0.12140919470097071,0.8807857714881034,0.5450746944324951,0.8,0.6,11.6,1.0,0.2,12.4,0.14694156646728515,0.9999995708465577
gate_power-1_lr_bas-0.016_bound-soft,gated_hebb,soft,0.016,4.0,30,203,random,12,1800,0,50,False,1,1.0,20.0,0.0,100.0,inf,1.0,2.0,1.5,0.5,0.5,0.15,0,3,nan,5,nan,nan,0.6405342818428185,0.0035552731715142727,nan,1.1168303489685059,2.1509931427385942e-43,0.9999999403953552,0.09588589753262526,0.105586241753584,0.8807857713760245,0.8863590761156127,0.8,0.6,11.6,4.2,15.6,38.8,0.10307658463716507,0.9999999105930328
gate_power-2_lr_bas-0.004_bound-l1,gated_hebb,l1,0.004,4.0,30,203,random,12,1800,0,50,False,2,1.0,20.0,0.0,100.0,inf,1.0,2.0,1.5,0.5,0.5,0.15,0,0,nan,5,nan,nan,0.5638500000000001,0.0026788840070366858,nan,1.0,0.0,0.7236568689346313,0.09588589738623271,0.10596118725828818,0.8807857714881034,0.7415634491763505,0.8,0.6,11.6,0.6,0.0,10.8,0.11014473289251328,0.9999720454216003
gate_power-2_lr_bas-0.004_bound-soft,gated_hebb,soft,0.004,4.0,30,203,random,12,1800,0,50,False,2,1.0,20.0,0.0,100.0,inf,1.0,2.0,1.5,0.5,0.5,0.15,0,0,1387.5,3,nan,nan,0.71015,0.001416497683385387,nan,1.0467424154281617,8.688050478813866e-44,0.964344573020935,0.09588589753262526,0.10588995037324718,0.8807857713760245,0.8802799223785133,0.8,0.6,11.6,0.8,9.8,11.2,0.10139190852642059,0.9999996662139893
gate_power-2_lr_bas-0.016_bound-l1,gated_hebb,l1,0.016,4.0,30,203,random,12,1800,0,50,False,2,1.0,20.0,0.0,100.0,inf,1.0,2.0,1.5,0.5,0.5,0.15,0,0,nan,5,nan,nan,0.5182300000000001,0.0030795429600402715,nan,1.0,0.0,0.7238619565963745,0.09588589738623271,0.10520407250557422,0.8807857714881034,0.7098006690016148,0.8,0.6,11.6,0.6,0.0,10.8,0.10517440885305404,0.9999781727790833
gate_power-2_lr_bas-0.016_bound-soft,gated_hebb,soft,0.016,4.0,30,203,random,12,1800,0,50,False,2,1.0,20.0,0.0,100.0,inf,1.0,2.0,1.5,0.5,0.5,0.15,0,2,1699.0,4,nan,nan,0.7361201449275361,0.0047313237737398595,nan,1.1561272740364075,1.0754965713692971e-43,0.999999925494194,0.09588589753262526,0.10497752819262382,0.8807857713760245,0.8790129855306956,0.8,0.6,11.6,1.6,12.2,25.0,0.08937066048383713,0.9999999006589254
gate_power-4_lr_bas-0.004_bound-l1,gated_hebb,l1,0.004,4.0,30,203,random,12,1800,0,50,False,4,1.0,20.0,0.0,100.0,inf,1.0,2.0,1.5,0.5,0.5,0.15,0,0,1798.0,4,nan,nan,0.56524,0.0024363217991776763,nan,1.0,0.0,0.7235713005065918,0.09588589738623271,0.10495668175493056,0.8807857714881034,0.8245746948597041,0.8,0.6,11.6,0.6,0.0,10.8,0.10833325237035751,0.9999675631523133
gate_power-4_lr_bas-0.004_bound-soft,gated_hebb,soft,0.004,4.0,30,203,random,12,1800,0,50,False,4,1.0,20.0,0.0,100.0,inf,1.0,2.0,1.5,0.5,0.5,0.15,0,0,1406.5,3,nan,nan,0.70659,0.0011987213569227607,nan,1.0395578384399413,8.688050478813866e-44,0.9514150738716125,0.09588589753262526,0.10483233501878002,0.8807857713760245,0.8803864793442735,0.8,0.6,11.6,0.8,9.0,11.2,0.10076133906841278,0.9999992728233338
gate_power-4_lr_bas-0.016_bound-l1,gated_hebb,l1,0.016,4.0,30,203,random,12,1800,0,50,False,4,1.0,20.0,0.0,100.0,inf,1.0,2.0,1.5,0.5,0.5,0.15,0,0,nan,5,nan,nan,0.51929,0.002582584461197257,nan,1.0,0.0,0.7235714673995972,0.09588589738623271,0.1030234400911092,0.8807857714881034,0.8072158774271584,0.8,0.6,11.6,0.6,0.0,10.8,0.10095481127500534,0.9999675393104553
gate_power-4_lr_bas-0.016_bound-soft,gated_hebb,soft,0.016,4.0,30,203,random,12,1800,0,50,False,4,1.0,20.0,0.0,100.0,inf,1.0,2.0,1.5,0.5,0.5,0.15,0,2,1715.0,4,nan,nan,0.7318186215538847,0.004848752461839467,nan,1.1600084602832794,1.0754965713692971e-43,0.9999998360872269,0.09588589753262526,0.10400824808355064,0.8807857713760245,0.8791276741737699,0.8,0.6,11.6,2.0,11.0,27.6,0.0867286945382754,0.9999999006589254
