config,rule,bound,lr_bas,lr_ap,lr_policy,lr_td,lr_trace,theta_0,theta_bas_0,rule_sees_gain,lr_dep,dep_form,theta_gate,n_noise,n_z,init,init_power,init_sigma,init_alpha,init_norm,w_bas_scale,gain_at_preferred,sort_neurons,n_trials,reset_at_lift,n_trials_inhibited,snapshot_every,store_full,gate_power,gh_post,gh_theta_scale,oja_decay,burst_tau,burst_kappa,bcm_tau,us_tau,bcm_e0_scale,ca_beta,ca_theta_p,ca_ltd_frac,ca_gamma_d,ca_smooth,n_failed,diverged,expert_proxy,expert_proxy_n_not_reached,expert_after_lift,perf_inhibited_end,final_perf,w_bas_change,w_bas_change_inhibited,w_bas_sum_mean,w_bas_min,w_bas_max,task_frac_start,task_frac_end,selectivity_start,selectivity_end,det_tone_start,det_texture_start,det_distractor_start,det_tone,det_texture,det_distractor,w_ap_mean,w_ap_max
init-lognormal_init_sigma-1.5_init_norm-neuron_lr_td-0.008_w_bas_scale-1,none,soft,0.016,0.256,0.016,0.008,0.256,4.0,,True,0.0,thr,,30,203,lognormal,6,1.5,0.1,neuron,1,False,False,2500,,0,50,False,1.0,som,1.0,1.0,20.0,0.0,100.0,inf,1.0,2.0,1.5,0.5,0.5,0.15,0,0,nan,5,nan,nan,0.49236,0.0,nan,1.0,3.6315934994490814e-05,0.8189188003540039,0.09272876165051717,0.09272876165051717,0.5642003389567434,0.5642003389567434,0.6,0.6,12.2,0.6,0.6,12.2,0.010870759565281673,0.6000087159784016
init-lognormal_init_sigma-1.5_init_norm-neuron_lr_td-0.008_w_bas_scale-2,none,soft,0.016,0.256,0.016,0.008,0.256,4.0,,True,0.0,thr,,30,203,lognormal,6,1.5,0.1,neuron,2,False,False,2500,,0,50,False,1.0,som,1.0,1.0,20.0,0.0,100.0,inf,1.0,2.0,1.5,0.5,0.5,0.15,0,0,831.0,1,nan,nan,0.9242000000000001,0.0,nan,2.0,7.263186998898163e-05,1.6378376007080078,0.09272876165051717,0.09272876165051717,0.5642003389567434,0.5642003389567434,4.2,6.4,81.6,4.2,6.4,81.6,0.4443414032459259,1.0
init-lognormal_init_sigma-1.5_init_norm-neuron_lr_td-0.008_w_bas_scale-4,none,soft,0.016,0.256,0.016,0.008,0.256,4.0,,True,0.0,thr,,30,203,lognormal,6,1.5,0.1,neuron,4,False,False,2500,,0,50,False,1.0,som,1.0,1.0,20.0,0.0,100.0,inf,1.0,2.0,1.5,0.5,0.5,0.15,0,5,nan,5,nan,nan,nan,0.0,nan,4.0,0.00014526373997796326,3.2756752014160155,0.09272876165051717,0.09272876165051717,0.5642003389567434,0.5642003389567434,6.4,12.4,177.0,6.4,12.4,177.0,nan,nan
init-lognormal_init_sigma-1.5_init_norm-neuron_lr_td-0.016_w_bas_scale-1,none,soft,0.016,0.256,0.016,0.016,0.256,4.0,,True,0.0,thr,,30,203,lognormal,6,1.5,0.1,neuron,1,False,False,2500,,0,50,False,1.0,som,1.0,1.0,20.0,0.0,100.0,inf,1.0,2.0,1.5,0.5,0.5,0.15,0,0,nan,5,nan,nan,0.49790999999999996,0.0,nan,1.0,3.6315934994490814e-05,0.8189188003540039,0.09272876165051717,0.09272876165051717,0.5642003389567434,0.5642003389567434,0.6,0.6,12.2,0.6,0.6,12.2,0.013988810582077349,0.6001698512409348
init-lognormal_init_sigma-1.5_init_norm-neuron_lr_td-0.016_w_bas_scale-2,none,soft,0.016,0.256,0.016,0.016,0.256,4.0,,True,0.0,thr,,30,203,lognormal,6,1.5,0.1,neuron,2,False,False,2500,,0,50,False,1.0,som,1.0,1.0,20.0,0.0,100.0,inf,1.0,2.0,1.5,0.5,0.5,0.15,0,5,nan,5,nan,nan,nan,0.0,nan,2.0,7.263186998898163e-05,1.6378376007080078,0.09272876165051717,0.09272876165051717,0.5642003389567434,0.5642003389567434,4.2,6.4,81.6,4.2,6.4,81.6,nan,nan
init-lognormal_init_sigma-1.5_init_norm-neuron_lr_td-0.016_w_bas_scale-4,none,soft,0.016,0.256,0.016,0.016,0.256,4.0,,True,0.0,thr,,30,203,lognormal,6,1.5,0.1,neuron,4,False,False,2500,,0,50,False,1.0,som,1.0,1.0,20.0,0.0,100.0,inf,1.0,2.0,1.5,0.5,0.5,0.15,0,5,nan,5,nan,nan,nan,0.0,nan,4.0,0.00014526373997796326,3.2756752014160155,0.09272876165051717,0.09272876165051717,0.5642003389567434,0.5642003389567434,6.4,12.4,177.0,6.4,12.4,177.0,nan,nan
init-lognormal_init_sigma-1.5_init_norm-neuron_lr_td-0.032_w_bas_scale-1,none,soft,0.016,0.256,0.016,0.032,0.256,4.0,,True,0.0,thr,,30,203,lognormal,6,1.5,0.1,neuron,1,False,False,2500,,0,50,False,1.0,som,1.0,1.0,20.0,0.0,100.0,inf,1.0,2.0,1.5,0.5,0.5,0.15,0,0,nan,5,nan,nan,0.5573300000000001,0.0,nan,1.0,3.6315934994490814e-05,0.8189188003540039,0.09272876165051717,0.09272876165051717,0.5642003389567434,0.5642003389567434,0.6,0.6,12.2,0.6,0.6,12.2,0.014795926585793494,1.0
init-lognormal_init_sigma-1.5_init_norm-neuron_lr_td-0.032_w_bas_scale-2,none,soft,0.016,0.256,0.016,0.032,0.256,4.0,,True,0.0,thr,,30,203,lognormal,6,1.5,0.1,neuron,2,False,False,2500,,0,50,False,1.0,som,1.0,1.0,20.0,0.0,100.0,inf,1.0,2.0,1.5,0.5,0.5,0.15,0,5,nan,5,nan,nan,nan,0.0,nan,2.0,7.263186998898163e-05,1.6378376007080078,0.09272876165051717,0.09272876165051717,0.5642003389567434,0.5642003389567434,4.2,6.4,81.6,4.2,6.4,81.6,nan,nan
init-lognormal_init_sigma-1.5_init_norm-neuron_lr_td-0.032_w_bas_scale-4,none,soft,0.016,0.256,0.016,0.032,0.256,4.0,,True,0.0,thr,,30,203,lognormal,6,1.5,0.1,neuron,4,False,False,2500,,0,50,False,1.0,som,1.0,1.0,20.0,0.0,100.0,inf,1.0,2.0,1.5,0.5,0.5,0.15,0,5,nan,5,nan,nan,nan,0.0,nan,4.0,0.00014526373997796326,3.2756752014160155,0.09272876165051717,0.09272876165051717,0.5642003389567434,0.5642003389567434,6.4,12.4,177.0,6.4,12.4,177.0,nan,nan
init-lognormal_init_sigma-1.5_init_norm-stimulus_lr_td-0.008_w_bas_scale-1,none,soft,0.016,0.256,0.016,0.008,0.256,4.0,,True,0.0,thr,,30,203,lognormal,6,1.5,0.1,stimulus,1,False,False,2500,,0,50,False,1.0,som,1.0,1.0,20.0,0.0,100.0,inf,1.0,2.0,1.5,0.5,0.5,0.15,0,0,nan,5,nan,nan,0.48773999999999995,0.0,nan,0.1625615745782852,7.748764164716704e-06,0.3676391005516052,0.09042583228723991,0.09042583228723991,0.5732039541334725,0.5732039541334725,0.0,0.0,0.2,0.0,0.0,0.2,0.01154819056391716,0.06099726557731629
init-lognormal_init_sigma-1.5_init_norm-stimulus_lr_td-0.008_w_bas_scale-2,none,soft,0.016,0.256,0.016,0.008,0.256,4.0,,True,0.0,thr,,30,203,lognormal,6,1.5,0.1,stimulus,2,False,False,2500,,0,50,False,1.0,som,1.0,1.0,20.0,0.0,100.0,inf,1.0,2.0,1.5,0.5,0.5,0.15,0,0,nan,5,nan,nan,0.4906400000000001,0.0,nan,0.3251231491565704,1.549752832943341e-05,0.7352782011032104,0.09042583228723991,0.09042583228723991,0.5732039541334725,0.5732039541334725,0.4,0.2,1.6,0.4,0.2,1.6,0.05772150382399559,0.45538399517536166
init-lognormal_init_sigma-1.5_init_norm-stimulus_lr_td-0.008_w_bas_scale-4,none,soft,0.016,0.256,0.016,0.008,0.256,4.0,,True,0.0,thr,,30,203,lognormal,6,1.5,0.1,stimulus,4,False,False,2500,,0,50,False,1.0,som,1.0,1.0,20.0,0.0,100.0,inf,1.0,2.0,1.5,0.5,0.5,0.15,0,0,1653.5,3,nan,nan,0.6814600000000001,0.0,nan,0.6502462983131408,3.099505665886682e-05,1.4705564022064208,0.09042583228723991,0.09042583228723991,0.5732039541334725,0.5732039541334725,0.4,0.4,8.8,0.4,0.4,8.8,1.0,1.0
init-lognormal_init_sigma-1.5_init_norm-stimulus_lr_td-0.016_w_bas_scale-1,none,soft,0.016,0.256,0.016,0.016,0.256,4.0,,True,0.0,thr,,30,203,lognormal,6,1.5,0.1,stimulus,1,False,False,2500,,0,50,False,1.0,som,1.0,1.0,20.0,0.0,100.0,inf,1.0,2.0,1.5,0.5,0.5,0.15,0,0,nan,5,nan,nan,0.48936,0.0,nan,0.1625615745782852,7.748764164716704e-06,0.3676391005516052,0.09042583228723991,0.09042583228723991,0.5732039541334725,0.5732039541334725,0.0,0.0,0.2,0.0,0.0,0.2,0.011126451939344407,0.06018376424908638
init-lognormal_init_sigma-1.5_init_norm-stimulus_lr_td-0.016_w_bas_scale-2,none,soft,0.016,0.256,0.016,0.016,0.256,4.0,,True,0.0,thr,,30,203,lognormal,6,1.5,0.1,stimulus,2,False,False,2500,,0,50,False,1.0,som,1.0,1.0,20.0,0.0,100.0,inf,1.0,2.0,1.5,0.5,0.5,0.15,0,0,nan,5,nan,nan,0.50318,0.0,nan,0.3251231491565704,1.549752832943341e-05,0.7352782011032104,0.09042583228723991,0.09042583228723991,0.5732039541334725,0.5732039541334725,0.4,0.2,1.6,0.4,0.2,1.6,0.18089407868683338,0.49819221198558805
init-lognormal_init_sigma-1.5_init_norm-stimulus_lr_td-0.016_w_bas_scale-4,none,soft,0.016,0.256,0.016,0.016,0.256,4.0,,True,0.0,thr,,30,203,lognormal,6,1.5,0.1,stimulus,4,False,False,2500,,0,50,False,1.0,som,1.0,1.0,20.0,0.0,100.0,inf,1.0,2.0,1.5,0.5,0.5,0.15,0,0,1185.0,3,nan,nan,0.6978500000000001,0.0,nan,0.6502462983131408,3.099505665886682e-05,1.4705564022064208,0.09042583228723991,0.09042583228723991,0.5732039541334725,0.5732039541334725,0.4,0.4,8.8,0.4,0.4,8.8,1.0,1.0
init-lognormal_init_sigma-1.5_init_norm-stimulus_lr_td-0.032_w_bas_scale-1,none,soft,0.016,0.256,0.016,0.032,0.256,4.0,,True,0.0,thr,,30,203,lognormal,6,1.5,0.1,stimulus,1,False,False,2500,,0,50,False,1.0,som,1.0,1.0,20.0,0.0,100.0,inf,1.0,2.0,1.5,0.5,0.5,0.15,0,0,nan,5,nan,nan,0.49084000000000005,0.0,nan,0.1625615745782852,7.748764164716704e-06,0.3676391005516052,0.09042583228723991,0.09042583228723991,0.5732039541334725,0.5732039541334725,0.0,0.0,0.2,0.0,0.0,0.2,0.013328542932868004,0.24545635357499124
init-lognormal_init_sigma-1.5_init_norm-stimulus_lr_td-0.032_w_bas_scale-2,none,soft,0.016,0.256,0.016,0.032,0.256,4.0,,True,0.0,thr,,30,203,lognormal,6,1.5,0.1,stimulus,2,False,False,2500,,0,50,False,1.0,som,1.0,1.0,20.0,0.0,100.0,inf,1.0,2.0,1.5,0.5,0.5,0.15,0,0,nan,5,nan,nan,0.5509999999999999,0.0,nan,0.3251231491565704,1.549752832943341e-05,0.7352782011032104,0.09042583228723991,0.09042583228723991,0.5732039541334725,0.5732039541334725,0.4,0.2,1.6,0.4,0.2,1.6,0.3462733119726181,0.8518703639507293
init-lognormal_init_sigma-1.5_init_norm-stimulus_lr_td-0.032_w_bas_scale-4,none,soft,0.016,0.256,0.016,0.032,0.256,4.0,,True,0.0,thr,,30,203,lognormal,6,1.5,0.1,stimulus,4,False,False,2500,,0,50,False,1.0,som,1.0,1.0,20.0,0.0,100.0,inf,1.0,2.0,1.5,0.5,0.5,0.15,0,1,1560.5,3,nan,nan,0.7414625000000001,0.0,nan,0.6502462983131408,3.099505665886682e-05,1.4705564022064208,0.09042583228723991,0.09042583228723991,0.5732039541334725,0.5732039541334725,0.4,0.4,8.8,0.4,0.4,8.8,1.0,1.0
init-lognormal_init_sigma-2.5_init_norm-neuron_lr_td-0.008_w_bas_scale-1,none,soft,0.016,0.256,0.016,0.008,0.256,4.0,,True,0.0,thr,,30,203,lognormal,6,2.5,0.1,neuron,1,False,False,2500,,0,50,False,1.0,som,1.0,1.0,20.0,0.0,100.0,inf,1.0,2.0,1.5,0.5,0.5,0.15,0,0,1187.6,0,nan,nan,0.98253,0.0,nan,1.0,1.0055152799282041e-07,0.9816151857376099,0.09470540916469883,0.09470540916469883,0.7015838411377928,0.7015838411377928,3.2,4.6,70.2,3.2,4.6,70.2,0.07981145530939102,1.0
init-lognormal_init_sigma-2.5_init_norm-neuron_lr_td-0.008_w_bas_scale-2,none,soft,0.016,0.256,0.016,0.008,0.256,4.0,,True,0.0,thr,,30,203,lognormal,6,2.5,0.1,neuron,2,False,False,2500,,0,50,False,1.0,som,1.0,1.0,20.0,0.0,100.0,inf,1.0,2.0,1.5,0.5,0.5,0.15,0,1,310.5,1,nan,nan,0.9962000000000001,0.0,nan,2.0,2.0110305598564082e-07,1.9632303714752197,0.09470540916469883,0.09470540916469883,0.7015838411377928,0.7015838411377928,6.0,11.2,162.4,6.0,11.2,162.4,0.4076370447874069,1.0
init-lognormal_init_sigma-2.5_init_norm-neuron_lr_td-0.008_w_bas_scale-4,none,soft,0.016,0.256,0.016,0.008,0.256,4.0,,True,0.0,thr,,30,203,lognormal,6,2.5,0.1,neuron,4,False,False,2500,,0,50,False,1.0,som,1.0,1.0,20.0,0.0,100.0,inf,1.0,2.0,1.5,0.5,0.5,0.15,0,5,nan,5,nan,nan,nan,0.0,nan,4.0,4.0220611197128164e-07,3.9264607429504395,0.09470540916469883,0.09470540916469883,0.7015838411377928,0.7015838411377928,6.4,13.0,183.4,6.4,13.0,183.4,nan,nan
init-lognormal_init_sigma-2.5_init_norm-neuron_lr_td-0.016_w_bas_scale-1,none,soft,0.016,0.256,0.016,0.016,0.256,4.0,,True,0.0,thr,,30,203,lognormal,6,2.5,0.1,neuron,1,False,False,2500,,0,50,False,1.0,som,1.0,1.0,20.0,0.0,100.0,inf,1.0,2.0,1.5,0.5,0.5,0.15,0,0,780.4,0,nan,nan,0.98651,0.0,nan,1.0,1.0055152799282041e-07,0.9816151857376099,0.09470540916469883,0.09470540916469883,0.7015838411377928,0.7015838411377928,3.2,4.6,70.2,3.2,4.6,70.2,0.09065303057432175,1.0
init-lognormal_init_sigma-2.5_init_norm-neuron_lr_td-0.016_w_bas_scale-2,none,soft,0.016,0.256,0.016,0.016,0.256,4.0,,True,0.0,thr,,30,203,lognormal,6,2.5,0.1,neuron,2,False,False,2500,,0,50,False,1.0,som,1.0,1.0,20.0,0.0,100.0,inf,1.0,2.0,1.5,0.5,0.5,0.15,0,5,nan,5,nan,nan,nan,0.0,nan,2.0,2.0110305598564082e-07,1.9632303714752197,0.09470540916469883,0.09470540916469883,0.7015838411377928,0.7015838411377928,6.0,11.2,162.4,6.0,11.2,162.4,nan,nan
init-lognormal_init_sigma-2.5_init_norm-neuron_lr_td-0.016_w_bas_scale-4,none,soft,0.016,0.256,0.016,0.016,0.256,4.0,,True,0.0,thr,,30,203,lognormal,6,2.5,0.1,neuron,4,False,False,2500,,0,50,False,1.0,som,1.0,1.0,20.0,0.0,100.0,inf,1.0,2.0,1.5,0.5,0.5,0.15,0,5,nan,5,nan,nan,nan,0.0,nan,4.0,4.0220611197128164e-07,3.9264607429504395,0.09470540916469883,0.09470540916469883,0.7015838411377928,0.7015838411377928,6.4,13.0,183.4,6.4,13.0,183.4,nan,nan
init-lognormal_init_sigma-2.5_init_norm-neuron_lr_td-0.032_w_bas_scale-1,none,soft,0.016,0.256,0.016,0.032,0.256,4.0,,True,0.0,thr,,30,203,lognormal,6,2.5,0.1,neuron,1,False,False,2500,,0,50,False,1.0,som,1.0,1.0,20.0,0.0,100.0,inf,1.0,2.0,1.5,0.5,0.5,0.15,0,0,617.0,1,nan,nan,0.88182,0.0,nan,1.0,1.0055152799282041e-07,0.9816151857376099,0.09470540916469883,0.09470540916469883,0.7015838411377928,0.7015838411377928,3.2,4.6,70.2,3.2,4.6,70.2,0.09065019562840462,1.0
init-lognormal_init_sigma-2.5_init_norm-neuron_lr_td-0.032_w_bas_scale-2,none,soft,0.016,0.256,0.016,0.032,0.256,4.0,,True,0.0,thr,,30,203,lognormal,6,2.5,0.1,neuron,2,False,False,2500,,0,50,False,1.0,som,1.0,1.0,20.0,0.0,100.0,inf,1.0,2.0,1.5,0.5,0.5,0.15,0,5,nan,5,nan,nan,nan,0.0,nan,2.0,2.0110305598564082e-07,1.9632303714752197,0.09470540916469883,0.09470540916469883,0.7015838411377928,0.7015838411377928,6.0,11.2,162.4,6.0,11.2,162.4,nan,nan
init-lognormal_init_sigma-2.5_init_norm-neuron_lr_td-0.032_w_bas_scale-4,none,soft,0.016,0.256,0.016,0.032,0.256,4.0,,True,0.0,thr,,30,203,lognormal,6,2.5,0.1,neuron,4,False,False,2500,,0,50,False,1.0,som,1.0,1.0,20.0,0.0,100.0,inf,1.0,2.0,1.5,0.5,0.5,0.15,0,5,nan,5,nan,nan,nan,0.0,nan,4.0,4.0220611197128164e-07,3.9264607429504395,0.09470540916469883,0.09470540916469883,0.7015838411377928,0.7015838411377928,6.4,13.0,183.4,6.4,13.0,183.4,nan,nan
init-lognormal_init_sigma-2.5_init_norm-stimulus_lr_td-0.008_w_bas_scale-1,none,soft,0.016,0.256,0.016,0.008,0.256,4.0,,True,0.0,thr,,30,203,lognormal,6,2.5,0.1,stimulus,1,False,False,2500,,0,50,False,1.0,som,1.0,1.0,20.0,0.0,100.0,inf,1.0,2.0,1.5,0.5,0.5,0.15,0,0,nan,5,nan,nan,0.49199000000000004,0.0,nan,0.16256157755851747,2.358724797701939e-08,0.8162400960922241,0.09175599138882214,0.09175599138882214,0.7271420928895325,0.7271420928895325,0.2,0.4,4.2,0.2,0.4,4.2,0.02331689968705177,0.11244266182184219
init-lognormal_init_sigma-2.5_init_norm-stimulus_lr_td-0.008_w_bas_scale-2,none,soft,0.016,0.256,0.016,0.008,0.256,4.0,,True,0.0,thr,,30,203,lognormal,6,2.5,0.1,stimulus,2,False,False,2500,,0,50,False,1.0,som,1.0,1.0,20.0,0.0,100.0,inf,1.0,2.0,1.5,0.5,0.5,0.15,0,0,1526.0,2,nan,nan,0.7554100000000001,0.0,nan,0.32512315511703493,4.717449595403878e-08,1.6324801921844483,0.09175599138882214,0.09175599138882214,0.7271420928895325,0.7271420928895325,0.4,0.6,12.8,0.4,0.6,12.8,0.5283827424049378,1.0
init-lognormal_init_sigma-2.5_init_norm-stimulus_lr_td-0.008_w_bas_scale-4,none,soft,0.016,0.256,0.016,0.008,0.256,4.0,,True,0.0,thr,,30,203,lognormal,6,2.5,0.1,stimulus,4,False,False,2500,,0,50,False,1.0,som,1.0,1.0,20.0,0.0,100.0,inf,1.0,2.0,1.5,0.5,0.5,0.15,0,0,701.4,0,nan,nan,0.98558,0.0,nan,0.6502463102340699,9.434899190807755e-08,3.2649603843688966,0.09175599138882214,0.09175599138882214,0.7271420928895325,0.7271420928895325,2.0,2.8,37.8,2.0,2.8,37.8,1.0,1.0
init-lognormal_init_sigma-2.5_init_norm-stimulus_lr_td-0.016_w_bas_scale-1,none,soft,0.016,0.256,0.016,0.016,0.256,4.0,,True,0.0,thr,,30,203,lognormal,6,2.5,0.1,stimulus,1,False,False,2500,,0,50,False,1.0,som,1.0,1.0,20.0,0.0,100.0,inf,1.0,2.0,1.5,0.5,0.5,0.15,0,0,nan,5,nan,nan,0.49219000000000007,0.0,nan,0.16256157755851747,2.358724797701939e-08,0.8162400960922241,0.09175599138882214,0.09175599138882214,0.7271420928895325,0.7271420928895325,0.2,0.4,4.2,0.2,0.4,4.2,0.02568930871784687,0.28764605075120925
init-lognormal_init_sigma-2.5_init_norm-stimulus_lr_td-0.016_w_bas_scale-2,none,soft,0.016,0.256,0.016,0.016,0.256,4.0,,True,0.0,thr,,30,203,lognormal,6,2.5,0.1,stimulus,2,False,False,2500,,0,50,False,1.0,som,1.0,1.0,20.0,0.0,100.0,inf,1.0,2.0,1.5,0.5,0.5,0.15,0,0,1588.8,0,nan,nan,0.9225900000000001,0.0,nan,0.32512315511703493,4.717449595403878e-08,1.6324801921844483,0.09175599138882214,0.09175599138882214,0.7271420928895325,0.7271420928895325,0.4,0.6,12.8,0.4,0.6,12.8,0.6428909301757812,1.0
init-lognormal_init_sigma-2.5_init_norm-stimulus_lr_td-0.016_w_bas_scale-4,none,soft,0.016,0.256,0.016,0.016,0.256,4.0,,True,0.0,thr,,30,203,lognormal,6,2.5,0.1,stimulus,4,False,False,2500,,0,50,False,1.0,som,1.0,1.0,20.0,0.0,100.0,inf,1.0,2.0,1.5,0.5,0.5,0.15,0,2,475.6666666666667,2,nan,nan,0.9752333333333333,0.0,nan,0.6502463102340699,9.434899190807755e-08,3.2649603843688966,0.09175599138882214,0.09175599138882214,0.7271420928895325,0.7271420928895325,2.0,2.8,37.8,2.0,2.8,37.8,1.0,1.0
init-lognormal_init_sigma-2.5_init_norm-stimulus_lr_td-0.032_w_bas_scale-1,none,soft,0.016,0.256,0.016,0.032,0.256,4.0,,True,0.0,thr,,30,203,lognormal,6,2.5,0.1,stimulus,1,False,False,2500,,0,50,False,1.0,som,1.0,1.0,20.0,0.0,100.0,inf,1.0,2.0,1.5,0.5,0.5,0.15,0,0,nan,5,nan,nan,0.59616,0.0,nan,0.16256157755851747,2.358724797701939e-08,0.8162400960922241,0.09175599138882214,0.09175599138882214,0.7271420928895325,0.7271420928895325,0.2,0.4,4.2,0.2,0.4,4.2,0.08459820002317428,0.5019463300704956
init-lognormal_init_sigma-2.5_init_norm-stimulus_lr_td-0.032_w_bas_scale-2,none,soft,0.016,0.256,0.016,0.032,0.256,4.0,,True,0.0,thr,,30,203,lognormal,6,2.5,0.1,stimulus,2,False,False,2500,,0,50,False,1.0,som,1.0,1.0,20.0,0.0,100.0,inf,1.0,2.0,1.5,0.5,0.5,0.15,0,0,1202.8,0,nan,nan,0.9534900000000001,0.0,nan,0.32512315511703493,4.717449595403878e-08,1.6324801921844483,0.09175599138882214,0.09175599138882214,0.7271420928895325,0.7271420928895325,0.4,0.6,12.8,0.4,0.6,12.8,0.6898558139801025,1.0
init-lognormal_init_sigma-2.5_init_norm-stimulus_lr_td-0.032_w_bas_scale-4,none,soft,0.016,0.256,0.016,0.032,0.256,4.0,,True,0.0,thr,,30,203,lognormal,6,2.5,0.1,stimulus,4,False,False,2500,,0,50,False,1.0,som,1.0,1.0,20.0,0.0,100.0,inf,1.0,2.0,1.5,0.5,0.5,0.15,0,5,nan,5,nan,nan,nan,0.0,nan,0.6502463102340699,9.434899190807755e-08,3.2649603843688966,0.09175599138882214,0.09175599138882214,0.7271420928895325,0.7271420928895325,2.0,2.8,37.8,2.0,2.8,37.8,nan,nan
init-lognormal_init_sigma-2_init_norm-neuron_lr_td-0.008_w_bas_scale-1,none,soft,0.016,0.256,0.016,0.008,0.256,4.0,,True,0.0,thr,,30,203,lognormal,6,2,0.1,neuron,1,False,False,2500,,0,50,False,1.0,som,1.0,1.0,20.0,0.0,100.0,inf,1.0,2.0,1.5,0.5,0.5,0.15,0,0,1778.6666666666667,2,nan,nan,0.7825399999999999,0.0,nan,1.0,1.992251810634116e-06,0.9427100539207458,0.0937500138649778,0.0937500138649778,0.6450116960966783,0.6450116960966783,1.6,2.2,38.8,1.6,2.2,38.8,0.03747230861335993,1.0
init-lognormal_init_sigma-2_init_norm-neuron_lr_td-0.008_w_bas_scale-2,none,soft,0.016,0.256,0.016,0.008,0.256,4.0,,True,0.0,thr,,30,203,lognormal,6,2,0.1,neuron,2,False,False,2500,,0,50,False,1.0,som,1.0,1.0,20.0,0.0,100.0,inf,1.0,2.0,1.5,0.5,0.5,0.15,0,1,410.5,1,nan,nan,0.9936875000000001,0.0,nan,2.0,3.984503621268232e-06,1.8854201078414916,0.0937500138649778,0.0937500138649778,0.6450116960966783,0.6450116960966783,5.8,9.0,133.4,5.8,9.0,133.4,0.42118319123983383,1.0
init-lognormal_init_sigma-2_init_norm-neuron_lr_td-0.008_w_bas_scale-4,none,soft,0.016,0.256,0.016,0.008,0.256,4.0,,True,0.0,thr,,30,203,lognormal,6,2,0.1,neuron,4,False,False,2500,,0,50,False,1.0,som,1.0,1.0,20.0,0.0,100.0,inf,1.0,2.0,1.5,0.5,0.5,0.15,0,5,nan,5,nan,nan,nan,0.0,nan,4.0,7.969007242536463e-06,3.770840215682983,0.0937500138649778,0.0937500138649778,0.6450116960966783,0.6450116960966783,6.4,13.0,183.2,6.4,13.0,183.2,nan,nan
init-lognormal_init_sigma-2_init_norm-neuron_lr_td-0.016_w_bas_scale-1,none,soft,0.016,0.256,0.016,0.016,0.256,4.0,,True,0.0,thr,,30,203,lognormal,6,2,0.1,neuron,1,False,False,2500,,0,50,False,1.0,som,1.0,1.0,20.0,0.0,100.0,inf,1.0,2.0,1.5,0.5,0.5,0.15,0,0,1236.75,1,nan,nan,0.8810800000000001,0.0,nan,1.0,1.992251810634116e-06,0.9427100539207458,0.0937500138649778,0.0937500138649778,0.6450116960966783,0.6450116960966783,1.6,2.2,38.8,1.6,2.2,38.8,0.050400109961628914,1.0
init-lognormal_init_sigma-2_init_norm-neuron_lr_td-0.016_w_bas_scale-2,none,soft,0.016,0.256,0.016,0.016,0.256,4.0,,True,0.0,thr,,30,203,lognormal,6,2,0.1,neuron,2,False,False,2500,,0,50,False,1.0,som,1.0,1.0,20.0,0.0,100.0,inf,1.0,2.0,1.5,0.5,0.5,0.15,0,5,nan,5,nan,nan,nan,0.0,nan,2.0,3.984503621268232e-06,1.8854201078414916,0.0937500138649778,0.0937500138649778,0.6450116960966783,0.6450116960966783,5.8,9.0,133.4,5.8,9.0,133.4,nan,nan
init-lognormal_init_sigma-2_init_norm-neuron_lr_td-0.016_w_bas_scale-4,none,soft,0.016,0.256,0.016,0.016,0.256,4.0,,True,0.0,thr,,30,203,lognormal,6,2,0.1,neuron,4,False,False,2500,,0,50,False,1.0,som,1.0,1.0,20.0,0.0,100.0,inf,1.0,2.0,1.5,0.5,0.5,0.15,0,5,nan,5,nan,nan,nan,0.0,nan,4.0,7.969007242536463e-06,3.770840215682983,0.0937500138649778,0.0937500138649778,0.6450116960966783,0.6450116960966783,6.4,13.0,183.2,6.4,13.0,183.2,nan,nan
init-lognormal_init_sigma-2_init_norm-neuron_lr_td-0.032_w_bas_scale-1,none,soft,0.016,0.256,0.016,0.032,0.256,4.0,,True,0.0,thr,,30,203,lognormal,6,2,0.1,neuron,1,False,False,2500,,0,50,False,1.0,som,1.0,1.0,20.0,0.0,100.0,inf,1.0,2.0,1.5,0.5,0.5,0.15,0,0,1123.25,1,nan,nan,0.8667199999999999,0.0,nan,1.0,1.992251810634116e-06,0.9427100539207458,0.0937500138649778,0.0937500138649778,0.6450116960966783,0.6450116960966783,1.6,2.2,38.8,1.6,2.2,38.8,0.06108959466218948,1.0
init-lognormal_init_sigma-2_init_norm-neuron_lr_td-0.032_w_bas_scale-2,none,soft,0.016,0.256,0.016,0.032,0.256,4.0,,True,0.0,thr,,30,203,lognormal,6,2,0.1,neuron,2,False,False,2500,,0,50,False,1.0,som,1.0,1.0,20.0,0.0,100.0,inf,1.0,2.0,1.5,0.5,0.5,0.15,0,5,nan,5,nan,nan,nan,0.0,nan,2.0,3.984503621268232e-06,1.8854201078414916,0.0937500138649778,0.0937500138649778,0.6450116960966783,0.6450116960966783,5.8,9.0,133.4,5.8,9.0,133.4,nan,nan
init-lognormal_init_sigma-2_init_norm-neuron_lr_td-0.032_w_bas_scale-4,none,soft,0.016,0.256,0.016,0.032,0.256,4.0,,True,0.0,thr,,30,203,lognormal,6,2,0.1,neuron,4,False,False,2500,,0,50,False,1.0,som,1.0,1.0,20.0,0.0,100.0,inf,1.0,2.0,1.5,0.5,0.5,0.15,0,5,nan,5,nan,nan,nan,0.0,nan,4.0,7.969007242536463e-06,3.770840215682983,0.0937500138649778,0.0937500138649778,0.6450116960966783,0.6450116960966783,6.4,13.0,183.2,6.4,13.0,183.2,nan,nan
init-lognormal_init_sigma-2_init_norm-stimulus_lr_td-0.008_w_bas_scale-1,none,soft,0.016,0.256,0.016,0.008,0.256,4.0,,True,0.0,thr,,30,203,lognormal,6,2,0.1,stimulus,1,False,False,2500,,0,50,False,1.0,som,1.0,1.0,20.0,0.0,100.0,inf,1.0,2.0,1.5,0.5,0.5,0.15,0,0,nan,5,nan,nan,0.48938000000000004,0.0,nan,0.16256158351898192,5.047973246519177e-07,0.6362283647060394,0.09076644167482134,0.09076644167482134,0.6628299408045915,0.6628299408045915,0.0,0.0,1.2,0.0,0.0,1.2,0.016879986226558685,0.08959347605705262
init-lognormal_init_sigma-2_init_norm-stimulus_lr_td-0.008_w_bas_scale-2,none,soft,0.016,0.256,0.016,0.008,0.256,4.0,,True,0.0,thr,,30,203,lognormal,6,2,0.1,stimulus,2,False,False,2500,,0,50,False,1.0,som,1.0,1.0,20.0,0.0,100.0,inf,1.0,2.0,1.5,0.5,0.5,0.15,0,0,1819.5,3,nan,nan,0.67355,0.0,nan,0.32512316703796384,1.0095946493038354e-06,1.2724567294120788,0.09076644167482134,0.09076644167482134,0.6628299408045915,0.6628299408045915,0.4,0.4,6.6,0.4,0.4,6.6,0.23276594951748847,0.8489239573478699
init-lognormal_init_sigma-2_init_norm-stimulus_lr_td-0.008_w_bas_scale-4,none,soft,0.016,0.256,0.016,0.008,0.256,4.0,,True,0.0,thr,,30,203,lognormal,6,2,0.1,stimulus,4,False,False,2500,,0,50,False,1.0,som,1.0,1.0,20.0,0.0,100.0,inf,1.0,2.0,1.5,0.5,0.5,0.15,0,0,1238.6,0,nan,nan,0.96098,0.0,nan,0.6502463340759277,2.0191892986076708e-06,2.5449134588241575,0.09076644167482134,0.09076644167482134,0.6628299408045915,0.6628299408045915,0.6,1.8,24.2,0.6,1.8,24.2,1.0,1.0
init-lognormal_init_sigma-2_init_norm-stimulus_lr_td-0.016_w_bas_scale-1,none,soft,0.016,0.256,0.016,0.016,0.256,4.0,,True,0.0,thr,,30,203,lognormal,6,2,0.1,stimulus,1,False,False,2500,,0,50,False,1.0,som,1.0,1.0,20.0,0.0,100.0,inf,1.0,2.0,1.5,0.5,0.5,0.15,0,0,nan,5,nan,nan,0.49009,0.0,nan,0.16256158351898192,5.047973246519177e-07,0.6362283647060394,0.09076644167482134,0.09076644167482134,0.6628299408045915,0.6628299408045915,0.0,0.0,1.2,0.0,0.0,1.2,0.018840784206986427,0.2679820403456688
init-lognormal_init_sigma-2_init_norm-stimulus_lr_td-0.016_w_bas_scale-2,none,soft,0.016,0.256,0.016,0.016,0.256,4.0,,True,0.0,thr,,30,203,lognormal,6,2,0.1,stimulus,2,False,False,2500,,0,50,False,1.0,som,1.0,1.0,20.0,0.0,100.0,inf,1.0,2.0,1.5,0.5,0.5,0.15,0,0,1262.0,3,nan,nan,0.68636,0.0,nan,0.32512316703796384,1.0095946493038354e-06,1.2724567294120788,0.09076644167482134,0.09076644167482134,0.6628299408045915,0.6628299408045915,0.4,0.4,6.6,0.4,0.4,6.6,0.5134102523326873,1.0
init-lognormal_init_sigma-2_init_norm-stimulus_lr_td-0.016_w_bas_scale-4,none,soft,0.016,0.256,0.016,0.016,0.256,4.0,,True,0.0,thr,,30,203,lognormal,6,2,0.1,stimulus,4,False,False,2500,,0,50,False,1.0,som,1.0,1.0,20.0,0.0,100.0,inf,1.0,2.0,1.5,0.5,0.5,0.15,0,0,880.8,0,nan,nan,0.9794499999999999,0.0,nan,0.6502463340759277,2.0191892986076708e-06,2.5449134588241575,0.09076644167482134,0.09076644167482134,0.6628299408045915,0.6628299408045915,0.6,1.8,24.2,0.6,1.8,24.2,1.0,1.0
init-lognormal_init_sigma-2_init_norm-stimulus_lr_td-0.032_w_bas_scale-1,none,soft,0.016,0.256,0.016,0.032,0.256,4.0,,True,0.0,thr,,30,203,lognormal,6,2,0.1,stimulus,1,False,False,2500,,0,50,False,1.0,som,1.0,1.0,20.0,0.0,100.0,inf,1.0,2.0,1.5,0.5,0.5,0.15,0,0,nan,5,nan,nan,0.4914300000000001,0.0,nan,0.16256158351898192,5.047973246519177e-07,0.6362283647060394,0.09076644167482134,0.09076644167482134,0.6628299408045915,0.6628299408045915,0.0,0.0,1.2,0.0,0.0,1.2,0.01885815802961588,0.29665164202451705
init-lognormal_init_sigma-2_init_norm-stimulus_lr_td-0.032_w_bas_scale-2,none,soft,0.016,0.256,0.016,0.032,0.256,4.0,,True,0.0,thr,,30,203,lognormal,6,2,0.1,stimulus,2,False,False,2500,,0,50,False,1.0,som,1.0,1.0,20.0,0.0,100.0,inf,1.0,2.0,1.5,0.5,0.5,0.15,0,0,1059.5,3,nan,nan,0.7407999999999999,0.0,nan,0.32512316703796384,1.0095946493038354e-06,1.2724567294120788,0.09076644167482134,0.09076644167482134,0.6628299408045915,0.6628299408045915,0.4,0.4,6.6,0.4,0.4,6.6,0.6507725477218628,1.0
init-lognormal_init_sigma-2_init_norm-stimulus_lr_td-0.032_w_bas_scale-4,none,soft,0.016,0.256,0.016,0.032,0.256,4.0,,True,0.0,thr,,30,203,lognormal,6,2,0.1,stimulus,4,False,False,2500,,0,50,False,1.0,som,1.0,1.0,20.0,0.0,100.0,inf,1.0,2.0,1.5,0.5,0.5,0.15,0,5,nan,5,nan,nan,nan,0.0,nan,0.6502463340759277,2.0191892986076708e-06,2.5449134588241575,0.09076644167482134,0.09076644167482134,0.6628299408045915,0.6628299408045915,0.6,1.8,24.2,0.6,1.8,24.2,nan,nan
init-random_init_power-12_init_norm-neuron_lr_td-0.008_w_bas_scale-1,none,soft,0.016,0.256,0.016,0.008,0.256,4.0,,True,0.0,thr,,30,203,random,12,1.0,0.1,neuron,1,False,False,2500,,0,50,False,1.0,som,1.0,1.0,20.0,0.0,100.0,inf,1.0,2.0,1.5,0.5,0.5,0.15,0,0,1579.0,3,nan,nan,0.68118,0.0,nan,1.0,8.688050478813866e-44,0.7493292331695557,0.09588589753262526,0.09588589753262526,0.8807857713760245,0.8807857713760245,0.8,0.6,11.6,0.8,0.6,11.6,0.037616252712905404,1.0
init-random_init_power-12_init_norm-neuron_lr_td-0.008_w_bas_scale-2,none,soft,0.016,0.256,0.016,0.008,0.256,4.0,,True,0.0,thr,,30,203,random,12,1.0,0.1,neuron,2,False,False,2500,,0,50,False,1.0,som,1.0,1.0,20.0,0.0,100.0,inf,1.0,2.0,1.5,0.5,0.5,0.15,0,0,447.0,0,nan,nan,0.99328,0.0,nan,2.0,1.7376100957627732e-43,1.4986584663391114,0.09588589753262526,0.09588589753262526,0.8818797871599713,0.8818797871599713,4.6,9.0,132.8,4.6,9.0,132.8,0.42561606764793397,1.0
init-random_init_power-12_init_norm-neuron_lr_td-0.008_w_bas_scale-4,none,soft,0.016,0.256,0.016,0.008,0.256,4.0,,True,0.0,thr,,30,203,random,12,1.0,0.1,neuron,4,False,False,2500,,0,50,False,1.0,som,1.0,1.0,20.0,0.0,100.0,inf,1.0,2.0,1.5,0.5,0.5,0.15,0,5,nan,5,nan,nan,nan,0.0,nan,4.0,3.4752201915255463e-43,2.9973169326782227,0.09588589753262526,0.09588589753262526,0.8829300076498644,0.8829300076498644,7.0,13.2,182.8,7.0,13.2,182.8,nan,nan
init-random_init_power-12_init_norm-neuron_lr_td-0.016_w_bas_scale-1,none,soft,0.016,0.256,0.016,0.016,0.256,4.0,,True,0.0,thr,,30,203,random,12,1.0,0.1,neuron,1,False,False,2500,,0,50,False,1.0,som,1.0,1.0,20.0,0.0,100.0,inf,1.0,2.0,1.5,0.5,0.5,0.15,0,0,1585.3333333333333,2,nan,nan,0.75082,0.0,nan,1.0,8.688050478813866e-44,0.7493292331695557,0.09588589753262526,0.09588589753262526,0.8807857713760245,0.8807857713760245,0.8,0.6,11.6,0.8,0.6,11.6,0.06238275729119778,1.0
init-random_init_power-12_init_norm-neuron_lr_td-0.016_w_bas_scale-2,none,soft,0.016,0.256,0.016,0.016,0.256,4.0,,True,0.0,thr,,30,203,random,12,1.0,0.1,neuron,2,False,False,2500,,0,50,False,1.0,som,1.0,1.0,20.0,0.0,100.0,inf,1.0,2.0,1.5,0.5,0.5,0.15,0,5,nan,5,nan,nan,nan,0.0,nan,2.0,1.7376100957627732e-43,1.4986584663391114,0.09588589753262526,0.09588589753262526,0.8818797871599713,0.8818797871599713,4.6,9.0,132.8,4.6,9.0,132.8,nan,nan
init-random_init_power-12_init_norm-neuron_lr_td-0.016_w_bas_scale-4,none,soft,0.016,0.256,0.016,0.016,0.256,4.0,,True,0.0,thr,,30,203,random,12,1.0,0.1,neuron,4,False,False,2500,,0,50,False,1.0,som,1.0,1.0,20.0,0.0,100.0,inf,1.0,2.0,1.5,0.5,0.5,0.15,0,5,nan,5,nan,nan,nan,0.0,nan,4.0,3.4752201915255463e-43,2.9973169326782227,0.09588589753262526,0.09588589753262526,0.8829300076498644,0.8829300076498644,7.0,13.2,182.8,7.0,13.2,182.8,nan,nan
init-random_init_power-12_init_norm-neuron_lr_td-0.032_w_bas_scale-1,none,soft,0.016,0.256,0.016,0.032,0.256,4.0,,True,0.0,thr,,30,203,random,12,1.0,0.1,neuron,1,False,False,2500,,0,50,False,1.0,som,1.0,1.0,20.0,0.0,100.0,inf,1.0,2.0,1.5,0.5,0.5,0.15,0,0,1345.25,1,nan,nan,0.8728200000000002,0.0,nan,1.0,8.688050478813866e-44,0.7493292331695557,0.09588589753262526,0.09588589753262526,0.8807857713760245,0.8807857713760245,0.8,0.6,11.6,0.8,0.6,11.6,0.06373319253325463,1.0
init-random_init_power-12_init_norm-neuron_lr_td-0.032_w_bas_scale-2,none,soft,0.016,0.256,0.016,0.032,0.256,4.0,,True,0.0,thr,,30,203,random,12,1.0,0.1,neuron,2,False,False,2500,,0,50,False,1.0,som,1.0,1.0,20.0,0.0,100.0,inf,1.0,2.0,1.5,0.5,0.5,0.15,0,5,nan,5,nan,nan,nan,0.0,nan,2.0,1.7376100957627732e-43,1.4986584663391114,0.09588589753262526,0.09588589753262526,0.8818797871599713,0.8818797871599713,4.6,9.0,132.8,4.6,9.0,132.8,nan,nan
init-random_init_power-12_init_norm-neuron_lr_td-0.032_w_bas_scale-4,none,soft,0.016,0.256,0.016,0.032,0.256,4.0,,True,0.0,thr,,30,203,random,12,1.0,0.1,neuron,4,False,False,2500,,0,50,False,1.0,som,1.0,1.0,20.0,0.0,100.0,inf,1.0,2.0,1.5,0.5,0.5,0.15,0,5,nan,5,nan,nan,nan,0.0,nan,4.0,3.4752201915255463e-43,2.9973169326782227,0.09588589753262526,0.09588589753262526,0.8829300076498644,0.8829300076498644,7.0,13.2,182.8,7.0,13.2,182.8,nan,nan
init-random_init_power-12_init_norm-stimulus_lr_td-0.008_w_bas_scale-1,none,soft,0.016,0.256,0.016,0.008,0.256,4.0,,True,0.0,thr,,30,203,random,12,1.0,0.1,stimulus,1,False,False,2500,,0,50,False,1.0,som,1.0,1.0,20.0,0.0,100.0,inf,1.0,2.0,1.5,0.5,0.5,0.15,0,0,nan,5,nan,nan,0.48917,0.0,nan,0.16256158649921418,4.484155085839415e-45,0.09012130051851272,0.09215468985180253,0.09215468985180253,0.8760913373216248,0.8760913373216248,0.0,0.0,0.0,0.0,0.0,0.0,0.01377173736691475,0.08837097734212876
init-random_init_power-12_init_norm-stimulus_lr_td-0.008_w_bas_scale-2,none,soft,0.016,0.256,0.016,0.008,0.256,4.0,,True,0.0,thr,,30,203,random,12,1.0,0.1,stimulus,2,False,False,2500,,0,50,False,1.0,som,1.0,1.0,20.0,0.0,100.0,inf,1.0,2.0,1.5,0.5,0.5,0.15,0,0,nan,5,nan,nan,0.4840299999999999,0.0,nan,0.32512317299842836,8.96831017167883e-45,0.18024260103702544,0.09215468985180253,0.09215468985180253,0.8771215624480648,0.8771215624480648,0.0,0.0,0.0,0.0,0.0,0.0,0.02761560194194317,0.12709363102912902
init-random_init_power-12_init_norm-stimulus_lr_td-0.008_w_bas_scale-4,none,soft,0.016,0.256,0.016,0.008,0.256,4.0,,True,0.0,thr,,30,203,random,12,1.0,0.1,stimulus,4,False,False,2500,,0,50,False,1.0,som,1.0,1.0,20.0,0.0,100.0,inf,1.0,2.0,1.5,0.5,0.5,0.15,0,0,nan,5,nan,nan,0.49757999999999997,0.0,nan,0.6502463459968567,1.793662034335766e-44,0.3604852020740509,0.09215468985180253,0.09215468985180253,0.8785711587524296,0.8785711587524296,0.0,0.0,0.0,0.0,0.0,0.0,1.0,1.0
init-random_init_power-12_init_norm-stimulus_lr_td-0.016_w_bas_scale-1,none,soft,0.016,0.256,0.016,0.016,0.256,4.0,,True,0.0,thr,,30,203,random,12,1.0,0.1,stimulus,1,False,False,2500,,0,50,False,1.0,som,1.0,1.0,20.0,0.0,100.0,inf,1.0,2.0,1.5,0.5,0.5,0.15,0,0,nan,5,nan,nan,0.4896000000000001,0.0,nan,0.16256158649921418,4.484155085839415e-45,0.09012130051851272,0.09215468985180253,0.09215468985180253,0.8760913373216248,0.8760913373216248,0.0,0.0,0.0,0.0,0.0,0.0,0.013260655105113983,0.08744861334562301
init-random_init_power-12_init_norm-stimulus_lr_td-0.016_w_bas_scale-2,none,soft,0.016,0.256,0.016,0.016,0.256,4.0,,True,0.0,thr,,30,203,random,12,1.0,0.1,stimulus,2,False,False,2500,,0,50,False,1.0,som,1.0,1.0,20.0,0.0,100.0,inf,1.0,2.0,1.5,0.5,0.5,0.15,0,0,nan,5,nan,nan,0.4844799999999999,0.0,nan,0.32512317299842836,8.96831017167883e-45,0.18024260103702544,0.09215468985180253,0.09215468985180253,0.8771215624480648,0.8771215624480648,0.0,0.0,0.0,0.0,0.0,0.0,0.03815970122814179,0.4456923931837082
init-random_init_power-12_init_norm-stimulus_lr_td-0.016_w_bas_scale-4,none,soft,0.016,0.256,0.016,0.016,0.256,4.0,,True,0.0,thr,,30,203,random,12,1.0,0.1,stimulus,4,False,False,2500,,0,50,False,1.0,som,1.0,1.0,20.0,0.0,100.0,inf,1.0,2.0,1.5,0.5,0.5,0.15,0,0,1989.0,3,nan,nan,0.6595799999999999,0.0,nan,0.6502463459968567,1.793662034335766e-44,0.3604852020740509,0.09215468985180253,0.09215468985180253,0.8785711587524296,0.8785711587524296,0.0,0.0,0.0,0.0,0.0,0.0,1.0,1.0
init-random_init_power-12_init_norm-stimulus_lr_td-0.032_w_bas_scale-1,none,soft,0.016,0.256,0.016,0.032,0.256,4.0,,True,0.0,thr,,30,203,random,12,1.0,0.1,stimulus,1,False,False,2500,,0,50,False,1.0,som,1.0,1.0,20.0,0.0,100.0,inf,1.0,2.0,1.5,0.5,0.5,0.15,0,0,nan,5,nan,nan,0.48962000000000006,0.0,nan,0.16256158649921418,4.484155085839415e-45,0.09012130051851272,0.09215468985180253,0.09215468985180253,0.8760913373216248,0.8760913373216248,0.0,0.0,0.0,0.0,0.0,0.0,0.0134663799777627,0.08776920437812805
init-random_init_power-12_init_norm-stimulus_lr_td-0.032_w_bas_scale-2,none,soft,0.016,0.256,0.016,0.032,0.256,4.0,,True,0.0,thr,,30,203,random,12,1.0,0.1,stimulus,2,False,False,2500,,0,50,False,1.0,som,1.0,1.0,20.0,0.0,100.0,inf,1.0,2.0,1.5,0.5,0.5,0.15,0,0,nan,5,nan,nan,0.49625,0.0,nan,0.32512317299842836,8.96831017167883e-45,0.18024260103702544,0.09215468985180253,0.09215468985180253,0.8771215624480648,0.8771215624480648,0.0,0.0,0.0,0.0,0.0,0.0,0.34080752581357954,0.9999741315841675
init-random_init_power-12_init_norm-stimulus_lr_td-0.032_w_bas_scale-4,none,soft,0.016,0.256,0.016,0.032,0.256,4.0,,True,0.0,thr,,30,203,random,12,1.0,0.1,stimulus,4,False,False,2500,,0,50,False,1.0,som,1.0,1.0,20.0,0.0,100.0,inf,1.0,2.0,1.5,0.5,0.5,0.15,0,0,1824.3333333333333,2,nan,nan,0.7673700000000001,0.0,nan,0.6502463459968567,1.793662034335766e-44,0.3604852020740509,0.09215468985180253,0.09215468985180253,0.8785711587524296,0.8785711587524296,0.0,0.0,0.0,0.0,0.0,0.0,1.0,1.0
