config,rule,bound,lr_bas,theta_0,n_noise,n_z,init,init_power,n_trials,n_trials_inhibited,snapshot_every,store_full,gate_power,oja_decay,burst_tau,burst_kappa,bcm_tau,bcm_e0_scale,ca_beta,ca_theta_p,ca_ltd_frac,ca_gamma_d,ca_smooth,n_failed,diverged,expert_proxy,expert_proxy_n_not_reached,expert_after_lift,perf_inhibited_end,final_perf,w_bas_change,w_bas_change_inhibited,w_bas_sum_mean,w_bas_min,w_bas_max,task_frac_start,task_frac_end,selectivity_start,selectivity_end,det_tone_start,det_texture_start,det_distractor_start,det_tone,det_texture,det_distractor,w_ap_mean,w_ap_max
rule-bcm_bound-l1_lr_bas-0.004,bcm,l1,0.004,4.0,30,203,random,12,1800,0,50,False,1.0,1.0,20.0,0.0,100.0,1.0,2.0,1.5,0.5,0.5,0.15,0,0,1798.0,4,nan,nan,0.53745,0.018218817189335823,nan,1.0,0.0,0.9911144852638245,0.09590426742577758,0.09103629483906638,0.8744894644220956,0.4142222445861635,0.8,0.6,11.6,6.0,1.8,74.4,0.13301054686307906,0.9994235277175904
rule-bcm_bound-l1_lr_bas-0.016,bcm,l1,0.016,4.0,30,203,random,12,1800,0,50,False,1.0,1.0,20.0,0.0,100.0,1.0,2.0,1.5,0.5,0.5,0.15,0,0,nan,5,nan,nan,0.5107,0.03976650685071945,nan,0.9802955508232116,0.0,1.0,0.09595967542353866,0.04576949828512076,0.8771808733367721,0.3514785387767523,0.8,0.6,11.2,3.4,1.6,183.0,0.14015547633171083,0.9986647486686706
rule-bcm_bound-l1_lr_bas-0.064,bcm,l1,0.064,4.0,30,203,random,12,1800,0,50,False,1.0,1.0,20.0,0.0,100.0,1.0,2.0,1.5,0.5,0.5,0.15,0,0,nan,5,nan,nan,0.51217,0.04179988279938698,nan,0.9487684726715088,0.0,1.0,0.0961810440280828,0.04044309653697946,0.8752559752365702,0.40182060961182453,0.8,0.6,11.2,3.0,1.6,184.6,0.1348194435238838,0.9966223955154419
rule-bcm_bound-l1_lr_bas-0.256,bcm,l1,0.256,4.0,30,203,random,12,1800,0,50,False,1.0,1.0,20.0,0.0,100.0,1.0,2.0,1.5,0.5,0.5,0.15,0,0,nan,5,nan,nan,0.5111100000000001,0.04246741309762001,nan,0.8768472790718078,0.0,1.0,0.09703683272728116,0.06615016022046641,0.8746297834559853,0.333456498736468,0.6,0.6,11.2,3.6,7.6,164.4,0.14748731553554534,0.9422391057014465
rule-bcm_bound-soft_lr_bas-0.004,bcm,soft,0.004,4.0,30,203,random,12,1800,0,50,False,1.0,1.0,20.0,0.0,100.0,1.0,2.0,1.5,0.5,0.5,0.15,0,0,nan,5,nan,nan,0.52149,0.004771436750888825,nan,1.0587669134140014,8.688050478813866e-44,0.9811198472976684,0.09588817140282889,0.07797434931549355,0.8807871943558577,0.8799747311834902,0.8,0.6,11.6,2.6,0.2,37.8,0.13528969883918762,0.9997564554214478
rule-bcm_bound-soft_lr_bas-0.016,bcm,soft,0.016,4.0,30,203,random,12,1800,0,50,False,1.0,1.0,20.0,0.0,100.0,1.0,2.0,1.5,0.5,0.5,0.15,0,0,1532.5,1,nan,nan,0.75765,0.016119657270610332,nan,1.23907790184021,0.0,1.0,0.09589498716068356,0.062404193493780825,0.8807914541094031,0.875821317440573,0.8,0.6,11.6,1.2,3.6,110.0,0.1629996418952942,0.9999998688697815
rule-bcm_bound-soft_lr_bas-0.064,bcm,soft,0.064,4.0,30,203,random,12,1800,0,50,False,1.0,1.0,20.0,0.0,100.0,1.0,2.0,1.5,0.5,0.5,0.15,0,2,637.0,2,nan,nan,0.9954166666666667,0.0340274286766847,nan,1.2372483015060425,0.0,1.0,0.09592216009854279,0.09692053132770893,0.8808083597832003,0.8564284599081516,0.8,0.6,12.2,5.0,20.8,146.6,0.16423984368642172,0.9999998807907104
rule-bcm_bound-soft_lr_bas-0.256,bcm,soft,0.256,4.0,30,203,random,12,1800,0,50,False,1.0,1.0,20.0,0.0,100.0,1.0,2.0,1.5,0.5,0.5,0.15,0,5,nan,5,nan,nan,nan,0.04629512503743172,nan,1.4319355487823486,0.0,1.0,0.09602944765863622,0.14191958075074512,0.8808739465932695,0.8472407039387588,0.8,0.6,12.8,7.8,37.6,103.6,nan,nan
rule-burst_bound-l1_lr_bas-0.004,burst,l1,0.004,4.0,30,203,random,12,1800,0,50,False,1.0,1.0,20.0,0.0,100.0,1.0,2.0,1.5,0.5,0.5,0.15,0,0,nan,5,nan,nan,0.5665800000000001,0.005494474759325385,nan,1.0,0.0,0.7476229190826416,0.09588589738623271,0.11392388942173189,0.8807857714881034,0.5079966199296009,0.8,0.6,11.6,0.6,0.0,12.0,0.12462681829929352,0.9999987006187439
rule-burst_bound-l1_lr_bas-0.016,burst,l1,0.016,4.0,30,203,random,12,1800,0,50,False,1.0,1.0,20.0,0.0,100.0,1.0,2.0,1.5,0.5,0.5,0.15,0,0,nan,5,nan,nan,0.52369,0.01208560336381197,nan,1.0,0.0,0.8014447331428528,0.09588589738623271,0.1270264100018022,0.8807857714881034,0.3926929530731539,0.8,0.6,11.6,0.6,0.0,21.2,0.14985098391771318,0.9999994993209839
rule-burst_bound-l1_lr_bas-0.064,burst,l1,0.064,4.0,30,203,random,12,1800,0,50,False,1.0,1.0,20.0,0.0,100.0,1.0,2.0,1.5,0.5,0.5,0.15,0,0,nan,5,nan,nan,0.51883,0.02834104113280773,nan,1.0,0.0,0.9285510301589965,0.09588589738623271,0.13929738752084625,0.8807857714881034,0.27645065938717106,0.8,0.6,11.6,0.0,2.8,77.2,0.1970055103302002,0.9999995946884155
rule-burst_bound-l1_lr_bas-0.256,burst,l1,0.256,4.0,30,203,random,12,1800,0,50,False,1.0,1.0,20.0,0.0,100.0,1.0,2.0,1.5,0.5,0.5,0.15,0,1,nan,5,nan,nan,0.5139625,0.044229660928249356,nan,1.0,3.0652016480559043e-10,0.8200114443898201,0.09588589738623271,0.10955869197953827,0.8807857714881034,0.31185502288582295,0.8,0.6,11.6,0.0,1.8,125.2,0.13882930390536785,0.8371053263545036
rule-burst_bound-soft_lr_bas-0.004,burst,soft,0.004,4.0,30,203,random,12,1800,0,50,False,1.0,1.0,20.0,0.0,100.0,1.0,2.0,1.5,0.5,0.5,0.15,0,0,1415.0,3,nan,nan,0.70782,0.0017057400196790694,nan,1.0248180627822876,8.688050478813866e-44,0.9214614391326904,0.09588589753262526,0.10641548397645037,0.8807857713760245,0.8805498147271477,0.8,0.6,11.6,0.8,9.4,8.2,0.09801102727651596,0.9999955654144287
rule-burst_bound-soft_lr_bas-0.016,burst,soft,0.016,4.0,30,203,random,12,1800,0,50,False,1.0,1.0,20.0,0.0,100.0,1.0,2.0,1.5,0.5,0.5,0.15,0,2,1756.0,4,nan,nan,0.7206284126984127,0.004427668638527393,nan,1.0385865569114685,1.0754965713692971e-43,0.9953720718622208,0.09588589753262526,0.10580745501536093,0.8807857713760245,0.880075165940752,0.8,0.6,11.6,1.4,10.4,11.4,0.06795400381088257,0.9997881253560384
rule-burst_bound-soft_lr_bas-0.064,burst,soft,0.064,4.0,30,203,random,12,1800,0,50,False,1.0,1.0,20.0,0.0,100.0,1.0,2.0,1.5,0.5,0.5,0.15,0,2,nan,5,nan,nan,0.6204000000000001,0.010290170554071665,nan,0.9441521018743515,1.0754965713692971e-43,0.8246911913156509,0.09588589753262526,0.09808904547655828,0.8807857713760245,0.8777728976435426,0.8,0.6,11.6,0.6,8.8,12.0,0.04108028610547384,0.42587819198767346
rule-burst_bound-soft_lr_bas-0.256,burst,soft,0.256,4.0,30,203,random,12,1800,0,50,False,1.0,1.0,20.0,0.0,100.0,1.0,2.0,1.5,0.5,0.5,0.15,0,0,nan,5,nan,nan,0.51954,0.017236825823783875,nan,0.43118475675582885,8.183583031656931e-44,0.44102153182029724,0.09588589753262526,0.08091180195249864,0.8807857713760245,0.8683400006513231,0.8,0.6,11.6,0.0,0.0,0.4,0.03560409918427467,0.09241931289434432
rule-calcium_bound-l1_lr_bas-0.004,calcium,l1,0.004,4.0,30,203,random,12,1800,0,50,False,1.0,1.0,20.0,0.0,100.0,1.0,2.0,1.5,0.5,0.5,0.15,0,0,1107.2,0,nan,nan,0.9482700000000002,0.035221508145332335,nan,1.0,0.0,0.9891652584075927,0.09582893327382122,0.075479882361662,0.8824217176367414,0.4532562639479406,0.8,0.6,11.6,0.0,9.8,164.4,0.09244460761547088,0.9999996304512024
rule-calcium_bound-l1_lr_bas-0.016,calcium,l1,0.016,4.0,30,203,random,12,1800,0,50,False,1.0,1.0,20.0,0.0,100.0,1.0,2.0,1.5,0.5,0.5,0.15,0,0,1327.0,3,nan,nan,0.7125199999999999,0.04404994398355484,nan,1.0,0.0,0.9990797638893127,0.09566960113550314,0.045221445223094306,0.880711597255863,0.39116734779006773,0.8,0.8,11.6,0.0,0.8,191.2,0.0681898333132267,0.9999993801116943
rule-calcium_bound-l1_lr_bas-0.064,calcium,l1,0.064,4.0,30,203,random,12,1800,0,50,False,1.0,1.0,20.0,0.0,100.0,1.0,2.0,1.5,0.5,0.5,0.15,0,0,nan,5,nan,nan,0.5513000000000001,0.04459400773048401,nan,1.0,0.0,1.0,0.09509401556974821,0.04204385779278898,0.883897903569504,0.2997509111861403,0.8,0.8,11.8,0.0,0.2,193.6,0.06864369809627532,0.9999929904937744
rule-calcium_bound-l1_lr_bas-0.256,calcium,l1,0.256,4.0,30,203,random,12,1800,0,50,False,1.0,1.0,20.0,0.0,100.0,1.0,2.0,1.5,0.5,0.5,0.15,0,0,nan,5,nan,nan,0.51373,0.043740908801555636,nan,1.0,0.0,1.0,0.09266752643537329,0.04218448677611379,0.8949451377589641,0.16929739237474167,0.8,0.8,13.2,2.4,1.2,194.2,0.0659518413245678,0.9999402403831482
rule-calcium_bound-soft_lr_bas-0.004,calcium,soft,0.004,4.0,30,203,random,12,1800,0,50,False,1.0,1.0,20.0,0.0,100.0,1.0,2.0,1.5,0.5,0.5,0.15,0,0,nan,5,nan,nan,0.52491,0.009536368399858474,nan,0.685624361038208,8.688050478813866e-44,0.6671337604522705,0.09588150007623289,0.08643963760991773,0.8807832986216064,0.8755201466495635,0.8,0.6,11.6,0.0,0.6,2.0,0.041089285910129544,0.41863651275634767
rule-calcium_bound-soft_lr_bas-0.016,calcium,soft,0.016,4.0,30,203,random,12,1800,0,50,False,1.0,1.0,20.0,0.0,100.0,1.0,2.0,1.5,0.5,0.5,0.15,0,0,nan,5,nan,nan,0.51805,0.018109053000807764,nan,0.4013135492801666,8.155557062370436e-44,0.47662326097488406,0.09586828409961716,0.07546829278753822,0.880775831063497,0.8667442530216378,0.8,0.6,11.6,0.0,0.0,0.4,0.036745821684598924,0.08932797908782959
rule-calcium_bound-soft_lr_bas-0.064,calcium,soft,0.064,4.0,30,203,random,12,1800,0,50,False,1.0,1.0,20.0,0.0,100.0,1.0,2.0,1.5,0.5,0.5,0.15,0,0,nan,5,nan,nan,0.51488,0.02532429024577141,nan,0.15994745790958403,6.558076813040143e-44,0.30643226206302643,0.09581506286229205,0.056185860626744175,0.8807452075190495,0.8577858071887505,0.8,0.6,11.0,0.0,0.0,0.0,0.04023286253213883,0.08996056765317917
rule-calcium_bound-soft_lr_bas-0.256,calcium,soft,0.256,4.0,30,203,random,12,1800,0,50,False,1.0,1.0,20.0,0.0,100.0,1.0,2.0,1.5,0.5,0.5,0.15,0,0,nan,5,nan,nan,0.49567000000000005,0.028663929924368857,nan,0.036686334758996964,2.214051573633211e-44,0.14205051064491273,0.09559637877375715,0.015729923752807233,0.8806102541415953,0.8488367664602168,0.8,0.6,9.6,0.0,0.0,0.0,0.04505263492465019,0.09444453716278076
rule-gated_hebb_bound-l1_lr_bas-0.004,gated_hebb,l1,0.004,4.0,30,203,random,12,1800,0,50,False,1.0,1.0,20.0,0.0,100.0,1.0,2.0,1.5,0.5,0.5,0.15,0,0,1783.0,4,nan,nan,0.59948,0.0038493535481393336,nan,1.0,0.0,0.7287179589271545,0.09588589738623271,0.1099055873572552,0.8807857714881034,0.6304781758052264,0.8,0.6,11.6,0.6,0.0,10.8,0.1211175873875618,0.9999967336654663
rule-gated_hebb_bound-l1_lr_bas-0.016,gated_hebb,l1,0.016,4.0,30,203,random,12,1800,0,50,False,1.0,1.0,20.0,0.0,100.0,1.0,2.0,1.5,0.5,0.5,0.15,0,0,nan,5,nan,nan,0.51919,0.006757320184260607,nan,1.0,0.0,0.739612877368927,0.09588589738623271,0.12140919470097071,0.8807857714881034,0.5450746944324951,0.8,0.6,11.6,1.0,0.2,12.4,0.14694156646728515,0.9999995708465577
rule-gated_hebb_bound-l1_lr_bas-0.064,gated_hebb,l1,0.064,4.0,30,203,random,12,1800,0,50,False,1.0,1.0,20.0,0.0,100.0,1.0,2.0,1.5,0.5,0.5,0.15,0,0,nan,5,nan,nan,0.51614,0.013424677960574626,nan,1.0,0.0,0.7636824607849121,0.09588589738623271,0.15394301678251932,0.8807857714881034,0.4712406563946264,0.8,0.6,11.6,3.4,8.0,14.6,0.21847646832466125,0.9999996781349182
rule-gated_hebb_bound-l1_lr_bas-0.256,gated_hebb,l1,0.256,4.0,30,203,random,12,1800,0,50,False,1.0,1.0,20.0,0.0,100.0,1.0,2.0,1.5,0.5,0.5,0.15,0,5,nan,5,nan,nan,nan,nan,nan,nan,nan,nan,0.09588589738623271,nan,0.8807857714881034,nan,0.8,0.6,11.6,0.0,0.0,0.0,nan,nan
rule-gated_hebb_bound-soft_lr_bas-0.004,gated_hebb,soft,0.004,4.0,30,203,random,12,1800,0,50,False,1.0,1.0,20.0,0.0,100.0,1.0,2.0,1.5,0.5,0.5,0.15,0,0,1499.3333333333333,2,nan,nan,0.7222500000000001,0.0018444612855091692,nan,1.0607403993606568,8.688050478813866e-44,0.9855221152305603,0.09588589753262526,0.10844549819842172,0.8807857713760245,0.8804361468800224,0.8,0.6,11.6,0.8,11.8,11.0,0.1064641997218132,0.9999998450279236
rule-gated_hebb_bound-soft_lr_bas-0.016,gated_hebb,soft,0.016,4.0,30,203,random,12,1800,0,50,False,1.0,1.0,20.0,0.0,100.0,1.0,2.0,1.5,0.5,0.5,0.15,0,3,nan,5,nan,nan,0.6405342818428185,0.0035552731715142727,nan,1.1168303489685059,2.1509931427385942e-43,0.9999999403953552,0.09588589753262526,0.105586241753584,0.8807857713760245,0.8863590761156127,0.8,0.6,11.6,4.2,15.6,38.8,0.10307658463716507,0.9999999105930328
rule-gated_hebb_bound-soft_lr_bas-0.064,gated_hebb,soft,0.064,4.0,30,203,random,12,1800,0,50,False,1.0,1.0,20.0,0.0,100.0,1.0,2.0,1.5,0.5,0.5,0.15,0,5,nan,5,nan,nan,nan,nan,nan,nan,nan,nan,0.09588589753262526,nan,0.8807857713760245,nan,0.8,0.6,11.6,12.8,21.4,106.0,nan,nan
rule-gated_hebb_bound-soft_lr_bas-0.256,gated_hebb,soft,0.256,4.0,30,203,random,12,1800,0,50,False,1.0,1.0,20.0,0.0,100.0,1.0,2.0,1.5,0.5,0.5,0.15,0,5,nan,5,nan,nan,nan,nan,nan,nan,nan,nan,0.09588589753262526,nan,0.8807857713760245,nan,0.8,0.6,11.6,26.4,32.4,100.8,nan,nan
rule-hebb_bound-l1_lr_bas-0.004,hebb,l1,0.004,4.0,30,203,random,12,1800,0,50,False,1.0,1.0,20.0,0.0,100.0,1.0,2.0,1.5,0.5,0.5,0.15,0,4,nan,5,nan,nan,0.5840494053838882,0.037212952971458435,nan,1.0,0.0,0.9963842630386353,0.09593102104232917,0.16191507279005124,0.8763284340336497,0.5737591516809734,0.8,0.6,11.6,2.8,0.4,40.8,0.256201833486557,0.9999997019767761
rule-hebb_bound-l1_lr_bas-0.016,hebb,l1,0.016,4.0,30,203,random,12,1800,0,50,False,1.0,1.0,20.0,0.0,100.0,1.0,2.0,1.5,0.5,0.5,0.15,0,5,nan,5,nan,nan,nan,nan,nan,nan,nan,nan,0.09606610090146639,nan,0.8756311238602175,nan,0.8,0.6,12.2,0.0,0.0,0.0,nan,nan
rule-hebb_bound-l1_lr_bas-0.064,hebb,l1,0.064,4.0,30,203,random,12,1800,0,50,False,1.0,1.0,20.0,0.0,100.0,1.0,2.0,1.5,0.5,0.5,0.15,0,5,nan,5,nan,nan,nan,nan,nan,nan,nan,nan,0.09668282675987531,nan,0.8843415200659761,nan,0.8,0.6,11.8,0.0,0.0,0.0,nan,nan
rule-hebb_bound-l1_lr_bas-0.256,hebb,l1,0.256,4.0,30,203,random,12,1800,0,50,False,1.0,1.0,20.0,0.0,100.0,1.0,2.0,1.5,0.5,0.5,0.15,0,5,nan,5,nan,nan,nan,nan,nan,nan,nan,nan,0.0994220847135978,nan,0.887921741344319,nan,1.0,0.6,13.2,0.0,0.0,0.0,nan,nan
rule-hebb_bound-soft_lr_bas-0.004,hebb,soft,0.004,4.0,30,203,random,12,1800,0,50,False,1.0,1.0,20.0,0.0,100.0,1.0,2.0,1.5,0.5,0.5,0.15,0,5,nan,5,nan,nan,nan,nan,nan,nan,nan,nan,0.09589154498154212,nan,0.8807922990518853,nan,0.8,0.6,11.6,8.8,21.2,88.4,nan,nan
rule-hebb_bound-soft_lr_bas-0.016,hebb,soft,0.016,4.0,30,203,random,12,1800,0,50,False,1.0,1.0,20.0,0.0,100.0,1.0,2.0,1.5,0.5,0.5,0.15,0,5,nan,5,nan,nan,nan,nan,nan,nan,nan,nan,0.09590846407646607,nan,0.8808118271454664,nan,0.8,0.6,11.6,14.0,23.8,136.8,nan,nan
rule-hebb_bound-soft_lr_bas-0.064,hebb,soft,0.064,4.0,30,203,random,12,1800,0,50,False,1.0,1.0,20.0,0.0,100.0,1.0,2.0,1.5,0.5,0.5,0.15,0,5,nan,5,nan,nan,nan,nan,nan,nan,nan,nan,0.09597579278083754,nan,0.8808891089387687,nan,0.8,0.6,12.4,18.0,31.6,142.4,nan,nan
rule-hebb_bound-soft_lr_bas-0.256,hebb,soft,0.256,4.0,30,203,random,12,1800,0,50,False,1.0,1.0,20.0,0.0,100.0,1.0,2.0,1.5,0.5,0.5,0.15,0,5,nan,5,nan,nan,nan,nan,nan,nan,nan,nan,0.09623970293629236,nan,0.8811852735729039,nan,1.0,0.6,14.0,32.8,53.2,90.8,nan,nan
rule-none_bound-l1_lr_bas-0.004,none,l1,0.004,4.0,30,203,random,12,1800,0,50,False,1.0,1.0,20.0,0.0,100.0,1.0,2.0,1.5,0.5,0.5,0.15,0,0,1621.0,4,nan,nan,0.60131,0.0,nan,1.0,8.688050478813866e-44,0.7493292331695557,0.09588589753262526,0.09588589753262526,0.8807857713760245,0.8807857713760245,0.8,0.6,11.6,0.8,0.6,11.6,0.10547921359539032,0.9999320268630981
rule-none_bound-l1_lr_bas-0.016,none,l1,0.016,4.0,30,203,random,12,1800,0,50,False,1.0,1.0,20.0,0.0,100.0,1.0,2.0,1.5,0.5,0.5,0.15,0,0,1621.0,4,nan,nan,0.60131,0.0,nan,1.0,8.688050478813866e-44,0.7493292331695557,0.09588589753262526,0.09588589753262526,0.8807857713760245,0.8807857713760245,0.8,0.6,11.6,0.8,0.6,11.6,0.10547921359539032,0.9999320268630981
rule-none_bound-l1_lr_bas-0.064,none,l1,0.064,4.0,30,203,random,12,1800,0,50,False,1.0,1.0,20.0,0.0,100.0,1.0,2.0,1.5,0.5,0.5,0.15,0,0,1621.0,4,nan,nan,0.60131,0.0,nan,1.0,8.688050478813866e-44,0.7493292331695557,0.09588589753262526,0.09588589753262526,0.8807857713760245,0.8807857713760245,0.8,0.6,11.6,0.8,0.6,11.6,0.10547921359539032,0.9999320268630981
rule-none_bound-l1_lr_bas-0.256,none,l1,0.256,4.0,30,203,random,12,1800,0,50,False,1.0,1.0,20.0,0.0,100.0,1.0,2.0,1.5,0.5,0.5,0.15,0,0,1621.0,4,nan,nan,0.60131,0.0,nan,1.0,8.688050478813866e-44,0.7493292331695557,0.09588589753262526,0.09588589753262526,0.8807857713760245,0.8807857713760245,0.8,0.6,11.6,0.8,0.6,11.6,0.10547921359539032,0.9999320268630981
rule-none_bound-soft_lr_bas-0.004,none,soft,0.004,4.0,30,203,random,12,1800,0,50,False,1.0,1.0,20.0,0.0,100.0,1.0,2.0,1.5,0.5,0.5,0.15,0,0,1621.0,4,nan,nan,0.60131,0.0,nan,1.0,8.688050478813866e-44,0.7493292331695557,0.09588589753262526,0.09588589753262526,0.8807857713760245,0.8807857713760245,0.8,0.6,11.6,0.8,0.6,11.6,0.10547921359539032,0.9999320268630981
rule-none_bound-soft_lr_bas-0.016,none,soft,0.016,4.0,30,203,random,12,1800,0,50,False,1.0,1.0,20.0,0.0,100.0,1.0,2.0,1.5,0.5,0.5,0.15,0,0,1621.0,4,nan,nan,0.60131,0.0,nan,1.0,8.688050478813866e-44,0.7493292331695557,0.09588589753262526,0.09588589753262526,0.8807857713760245,0.8807857713760245,0.8,0.6,11.6,0.8,0.6,11.6,0.10547921359539032,0.9999320268630981
rule-none_bound-soft_lr_bas-0.064,none,soft,0.064,4.0,30,203,random,12,1800,0,50,False,1.0,1.0,20.0,0.0,100.0,1.0,2.0,1.5,0.5,0.5,0.15,0,0,1621.0,4,nan,nan,0.60131,0.0,nan,1.0,8.688050478813866e-44,0.7493292331695557,0.09588589753262526,0.09588589753262526,0.8807857713760245,0.8807857713760245,0.8,0.6,11.6,0.8,0.6,11.6,0.10547921359539032,0.9999320268630981
rule-none_bound-soft_lr_bas-0.256,none,soft,0.256,4.0,30,203,random,12,1800,0,50,False,1.0,1.0,20.0,0.0,100.0,1.0,2.0,1.5,0.5,0.5,0.15,0,0,1621.0,4,nan,nan,0.60131,0.0,nan,1.0,8.688050478813866e-44,0.7493292331695557,0.09588589753262526,0.09588589753262526,0.8807857713760245,0.8807857713760245,0.8,0.6,11.6,0.8,0.6,11.6,0.10547921359539032,0.9999320268630981
rule-us_bound-l1_lr_bas-0.004,us,l1,0.004,4.0,30,203,random,12,1800,0,50,False,1.0,1.0,20.0,0.0,100.0,1.0,2.0,1.5,0.5,0.5,0.15,0,0,nan,5,nan,nan,0.51797,0.018125654384493827,nan,1.0,2.7606331786955707e-05,0.6174166083335877,0.09588589738623271,0.22584227370580176,0.8807857714881034,0.21104980752309094,0.8,0.6,11.6,0.2,0.0,3.2,0.2267180234193802,0.9999978423118592
rule-us_bound-l1_lr_bas-0.016,us,l1,0.016,4.0,30,203,random,12,1800,0,50,False,1.0,1.0,20.0,0.0,100.0,1.0,2.0,1.5,0.5,0.5,0.15,0,3,nan,5,nan,nan,0.5159862744343544,0.0443805567920208,nan,1.0,5.908482247673347e-06,0.23035058826208116,0.09588589738623271,0.2537432164392416,0.8807857714881034,0.24758871477778363,0.8,0.6,11.6,0.0,0.0,0.0,0.4931042641401291,0.9999823570251465
rule-us_bound-l1_lr_bas-0.064,us,l1,0.064,4.0,30,203,random,12,1800,0,50,False,1.0,1.0,20.0,0.0,100.0,1.0,2.0,1.5,0.5,0.5,0.15,0,5,nan,5,nan,nan,0.5413636363636364,0.04679091200232506,nan,1.0,1.8724333330801804e-09,0.09415420293807983,0.09588589738623271,0.09127178242255538,0.8807857714881034,0.47735081755222203,0.8,0.6,11.6,0.0,0.0,0.0,nan,nan
rule-us_bound-l1_lr_bas-0.256,us,l1,0.256,4.0,30,203,random,12,1800,0,50,False,1.0,1.0,20.0,0.0,100.0,1.0,2.0,1.5,0.5,0.5,0.15,0,5,nan,5,nan,nan,nan,0.046922655403614046,nan,1.0,1.806833190721579e-16,0.09519204497337341,0.09588589738623271,0.1012326182459872,0.8807857714881034,0.9186492060611819,0.8,0.6,11.6,0.0,0.0,0.0,nan,nan
rule-us_bound-soft_lr_bas-0.004,us,soft,0.004,4.0,30,203,random,12,1800,0,50,False,1.0,1.0,20.0,0.0,100.0,1.0,2.0,1.5,0.5,0.5,0.15,0,2,1607.0,4,nan,nan,0.7864034482758621,0.0040345939341932535,nan,1.1331416070461273,1.0860063098517332e-43,0.9996338188648224,0.09588589753262526,0.11768338882793933,0.8807857713760245,0.8822658384467867,0.8,0.6,11.6,4.0,17.2,15.0,0.11994621157646179,0.9999998807907104
rule-us_bound-soft_lr_bas-0.016,us,soft,0.016,4.0,30,203,random,12,1800,0,50,False,1.0,1.0,20.0,0.0,100.0,1.0,2.0,1.5,0.5,0.5,0.15,0,5,nan,5,nan,nan,nan,nan,nan,nan,nan,nan,0.09588589753262526,nan,0.8807857713760245,nan,0.8,0.6,11.6,11.8,26.8,54.4,nan,nan
rule-us_bound-soft_lr_bas-0.064,us,soft,0.064,4.0,30,203,random,12,1800,0,50,False,1.0,1.0,20.0,0.0,100.0,1.0,2.0,1.5,0.5,0.5,0.15,0,5,nan,5,nan,nan,nan,nan,nan,nan,nan,nan,0.09588589753262526,nan,0.8807857713760245,nan,0.8,0.6,11.6,20.4,35.8,89.6,nan,nan
rule-us_bound-soft_lr_bas-0.256,us,soft,0.256,4.0,30,203,random,12,1800,0,50,False,1.0,1.0,20.0,0.0,100.0,1.0,2.0,1.5,0.5,0.5,0.15,0,5,nan,5,nan,nan,nan,nan,nan,nan,nan,nan,0.09588589753262526,nan,0.8807857713760245,nan,0.8,0.6,11.6,36.6,49.8,89.2,nan,nan
