config,rule,bound,lr_bas,lr_ap,lr_policy,lr_td,lr_trace,theta_0,n_noise,n_z,init,init_power,n_trials,n_trials_inhibited,snapshot_every,store_full,gate_power,oja_decay,burst_tau,burst_kappa,bcm_tau,us_tau,bcm_e0_scale,ca_beta,ca_theta_p,ca_ltd_frac,ca_gamma_d,ca_smooth,n_failed,diverged,expert_proxy,expert_proxy_n_not_reached,expert_after_lift,perf_inhibited_end,final_perf,w_bas_change,w_bas_change_inhibited,w_bas_sum_mean,w_bas_min,w_bas_max,task_frac_start,task_frac_end,selectivity_start,selectivity_end,det_tone_start,det_texture_start,det_distractor_start,det_tone,det_texture,det_distractor,w_ap_mean,w_ap_max
n_z-20_init_power-12_theta_0-0.25_lr_td-0.064_lr_ap-0.016_lr_bas-0.004_bound-l1,gated_hebb,l1,0.004,0.016,0.016,0.064,0.016,0.25,30,20,random,12,1800,0,50,False,2,1.0,20.0,0.0,100.0,inf,1.0,2.0,1.5,0.5,0.5,0.15,0,0,nan,5,nan,nan,0.50796,0.0014502636162433192,nan,1.0,6.1273083495905215e-09,0.5169344186782837,0.09308886334975722,0.1011635403303568,0.8630643328034567,0.6765197025829472,0.0,0.0,1.4,0.0,0.0,1.4,0.19623949527740478,0.4871203601360321
n_z-20_init_power-12_theta_0-0.25_lr_td-0.064_lr_ap-0.016_lr_bas-0.004_bound-soft,gated_hebb,soft,0.004,0.016,0.016,0.064,0.016,0.25,30,20,random,12,1800,0,50,False,2,1.0,20.0,0.0,100.0,inf,1.0,2.0,1.5,0.5,0.5,0.15,0,0,nan,5,nan,nan,0.50796,0.00021745357940403665,nan,1.0071760177612306,4.701123883578685e-31,0.5180975437164307,0.09308886284595977,0.09643260209879205,0.8630643323380575,0.8637228035475427,0.0,0.0,1.4,0.0,0.2,1.4,0.19427448958158494,0.4849461495876312
n_z-20_init_power-12_theta_0-0.25_lr_td-0.064_lr_ap-0.016_lr_bas-0.016_bound-l1,gated_hebb,l1,0.016,0.016,0.016,0.064,0.016,0.25,30,20,random,12,1800,0,50,False,2,1.0,20.0,0.0,100.0,inf,1.0,2.0,1.5,0.5,0.5,0.15,0,0,nan,5,nan,nan,0.50633,0.003225219025989645,nan,1.0,2.1249989679006374e-08,0.5249178349971771,0.09308886334975722,0.1110528422690279,0.8630643328034567,0.6044739118746951,0.0,0.0,1.4,0.0,0.0,1.4,0.20507461279630662,0.5124421864748001
n_z-20_init_power-12_theta_0-0.25_lr_td-0.064_lr_ap-0.016_lr_bas-0.016_bound-soft,gated_hebb,soft,0.016,0.016,0.016,0.064,0.016,0.25,30,20,random,12,1800,0,50,False,2,1.0,20.0,0.0,100.0,inf,1.0,2.0,1.5,0.5,0.5,0.15,0,0,nan,5,nan,nan,0.50991,0.0012867104965607723,nan,1.0424614429473877,4.701265163724055e-31,0.6677183628082275,0.09308886284595977,0.10666924458779378,0.8630643323380575,0.8660427348280436,0.0,0.0,1.4,0.0,1.2,1.4,0.20469295531511306,0.5215051412582398
n_z-20_init_power-12_theta_0-0.25_lr_td-0.064_lr_ap-0.064_lr_bas-0.004_bound-l1,gated_hebb,l1,0.004,0.064,0.016,0.064,0.016,0.25,30,20,random,12,1800,0,50,False,2,1.0,20.0,0.0,100.0,inf,1.0,2.0,1.5,0.5,0.5,0.15,0,0,nan,5,nan,nan,0.5172399999999999,0.03664076535496861,nan,1.0,3.240732270592961e-08,0.39037981629371643,0.09308886334975722,0.3995257484729119,0.8630643328034567,0.3071757661033251,0.0,0.0,1.4,0.0,0.0,0.4,0.847326010465622,0.9999994158744812
n_z-20_init_power-12_theta_0-0.25_lr_td-0.064_lr_ap-0.064_lr_bas-0.004_bound-soft,gated_hebb,soft,0.004,0.064,0.016,0.064,0.016,0.25,30,20,random,12,1800,0,50,False,2,1.0,20.0,0.0,100.0,inf,1.0,2.0,1.5,0.5,0.5,0.15,0,3,nan,5,nan,nan,0.6462638134011874,0.010997257035342045,nan,1.362909483909607,5.096375271577045e-31,0.8999764084815979,0.09308886284595977,0.14430158836766052,0.8630643323380575,0.8737003438670063,0.0,0.0,1.4,0.4,3.4,4.6,0.6281482577323914,0.9999988675117493
n_z-20_init_power-12_theta_0-0.25_lr_td-0.064_lr_ap-0.064_lr_bas-0.016_bound-l1,gated_hebb,l1,0.016,0.064,0.016,0.064,0.016,0.25,30,20,random,12,1800,0,50,False,2,1.0,20.0,0.0,100.0,inf,1.0,2.0,1.5,0.5,0.5,0.15,0,1,nan,5,nan,nan,0.510425,0.03392048329114914,nan,1.0,7.193588525167272e-06,0.3528749540448189,0.09308886334975722,0.2909703117476294,0.8630643328034567,0.26311264776525467,0.0,0.0,1.4,0.2,0.0,0.4,0.7432752773165703,0.9999995976686478
n_z-20_init_power-12_theta_0-0.25_lr_td-0.064_lr_ap-0.064_lr_bas-0.016_bound-soft,gated_hebb,soft,0.016,0.064,0.016,0.064,0.016,0.25,30,20,random,12,1800,0,50,False,2,1.0,20.0,0.0,100.0,inf,1.0,2.0,1.5,0.5,0.5,0.15,0,4,nan,5,nan,nan,0.5021,0.029758689715526997,nan,1.9820367813110351,7.155961833215726e-31,0.9976180553436279,0.09308886284595977,0.13129991161550864,0.8630643323380575,0.8698871219128718,0.0,0.0,1.4,1.0,3.8,9.2,0.28652262687683105,0.9999997615814209
n_z-20_init_power-12_theta_0-0.25_lr_td-0.25_lr_ap-0.016_lr_bas-0.004_bound-l1,gated_hebb,l1,0.004,0.016,0.016,0.25,0.016,0.25,30,20,random,12,1800,0,50,False,2,1.0,20.0,0.0,100.0,inf,1.0,2.0,1.5,0.5,0.5,0.15,0,1,nan,5,nan,nan,0.5171047058823529,0.01196904130265466,nan,1.0,2.770736204915636e-07,0.4537553906440735,0.09308886334975722,0.1513372653655647,0.8630643328034567,0.44753765336106,0.0,0.0,1.4,0.0,0.0,0.6,0.3679032102227211,0.8487985208630562
n_z-20_init_power-12_theta_0-0.25_lr_td-0.25_lr_ap-0.016_lr_bas-0.004_bound-soft,gated_hebb,soft,0.004,0.016,0.016,0.25,0.016,0.25,30,20,random,12,1800,0,50,False,2,1.0,20.0,0.0,100.0,inf,1.0,2.0,1.5,0.5,0.5,0.15,0,3,nan,5,nan,nan,0.5213814814814816,0.0029024542272054533,nan,1.0957810163497925,4.842060234888925e-31,0.8149014115333557,0.09308886284595977,0.10927740465330453,0.8630643323380575,0.8668095682873904,0.0,0.0,1.4,0.0,1.4,1.8,0.24210648983716965,0.6989346593618393
n_z-20_init_power-12_theta_0-0.25_lr_td-0.25_lr_ap-0.016_lr_bas-0.016_bound-l1,gated_hebb,l1,0.016,0.016,0.016,0.25,0.016,0.25,30,20,random,12,1800,0,50,False,2,1.0,20.0,0.0,100.0,inf,1.0,2.0,1.5,0.5,0.5,0.15,0,2,nan,5,nan,nan,0.5253606707317073,0.02054949207813479,nan,1.0,1.1488203455201074e-07,0.33954321444034574,0.09308886334975722,0.12165548139515825,0.8630643328034567,0.3675478274425988,0.0,0.0,1.4,0.0,0.0,0.6,0.29326869050661725,0.7959528267383575
n_z-20_init_power-12_theta_0-0.25_lr_td-0.25_lr_ap-0.016_lr_bas-0.016_bound-soft,gated_hebb,soft,0.016,0.016,0.016,0.25,0.016,0.25,30,20,random,12,1800,0,50,False,2,1.0,20.0,0.0,100.0,inf,1.0,2.0,1.5,0.5,0.5,0.15,0,4,nan,5,nan,nan,0.43690000000000007,0.009337502880589455,nan,1.308137631416321,5.995696330397153e-31,0.8993160605430603,0.09308886284595977,0.110197935030066,0.8630643323380575,0.8669935692799642,0.0,0.0,1.4,0.4,1.4,5.6,0.15824303030967712,0.3997481167316437
n_z-20_init_power-12_theta_0-0.25_lr_td-0.25_lr_ap-0.064_lr_bas-0.004_bound-l1,gated_hebb,l1,0.004,0.064,0.016,0.25,0.016,0.25,30,20,random,12,1800,0,50,False,2,1.0,20.0,0.0,100.0,inf,1.0,2.0,1.5,0.5,0.5,0.15,0,5,nan,5,nan,nan,nan,0.030880044773221017,nan,1.0,0.00011702554616892513,0.2725233733654022,0.09308886334975722,0.1822107574712005,0.8630643328034567,0.3021401645707632,0.0,0.0,1.4,0.0,0.0,0.0,nan,nan
n_z-20_init_power-12_theta_0-0.25_lr_td-0.25_lr_ap-0.064_lr_bas-0.004_bound-soft,gated_hebb,soft,0.004,0.064,0.016,0.25,0.016,0.25,30,20,random,12,1800,0,50,False,2,1.0,20.0,0.0,100.0,inf,1.0,2.0,1.5,0.5,0.5,0.15,0,5,nan,5,nan,nan,nan,0.004268871154636145,nan,1.1408727884292602,4.828665772137488e-31,0.8469833731651306,0.09308886284595977,0.11468061243961811,0.8630643323380575,0.8677027046039587,0.0,0.0,1.4,0.2,1.4,2.4,nan,nan
n_z-20_init_power-12_theta_0-0.25_lr_td-0.25_lr_ap-0.064_lr_bas-0.016_bound-l1,gated_hebb,l1,0.016,0.064,0.016,0.25,0.016,0.25,30,20,random,12,1800,0,50,False,2,1.0,20.0,0.0,100.0,inf,1.0,2.0,1.5,0.5,0.5,0.15,0,5,nan,5,nan,nan,nan,0.043654559552669524,nan,1.0,1.3270877984387919e-05,0.11438502073287964,0.09308886334975722,0.11338730233137748,0.8630643328034567,0.4408459112317498,0.0,0.0,1.4,0.0,0.0,0.0,nan,nan
n_z-20_init_power-12_theta_0-0.25_lr_td-0.25_lr_ap-0.064_lr_bas-0.016_bound-soft,gated_hebb,soft,0.016,0.064,0.016,0.25,0.016,0.25,30,20,random,12,1800,0,50,False,2,1.0,20.0,0.0,100.0,inf,1.0,2.0,1.5,0.5,0.5,0.15,0,5,nan,5,nan,nan,nan,0.011728153936564923,nan,1.3870290517807007,5.293221658656635e-31,0.9908496379852295,0.09308886284595977,0.11573459840046163,0.8630643323380575,0.8705967455311363,0.0,0.0,1.4,0.6,1.8,7.0,nan,nan
n_z-20_init_power-12_theta_0-0.5_lr_td-0.064_lr_ap-0.016_lr_bas-0.004_bound-l1,gated_hebb,l1,0.004,0.016,0.016,0.064,0.016,0.5,30,20,random,12,1800,0,50,False,2,1.0,20.0,0.0,100.0,inf,1.0,2.0,1.5,0.5,0.5,0.15,0,0,nan,5,nan,nan,0.5076900000000001,0.0006988558399370959,nan,1.0,2.1311727937955994e-10,0.5176185131072998,0.09308886334975722,0.09684924246677584,0.8630643328034567,0.7061245665966631,0.0,0.0,1.4,0.0,0.0,1.4,0.16699309647083282,0.4061884343624115
n_z-20_init_power-12_theta_0-0.5_lr_td-0.064_lr_ap-0.016_lr_bas-0.004_bound-soft,gated_hebb,soft,0.004,0.016,0.016,0.064,0.016,0.5,30,20,random,12,1800,0,50,False,2,1.0,20.0,0.0,100.0,inf,1.0,2.0,1.5,0.5,0.5,0.15,0,0,nan,5,nan,nan,0.5076900000000001,9.320540804083066e-05,nan,1.0030758380889893,4.701112910273014e-31,0.5179717302322387,0.09308886284595977,0.09458859554549714,0.8630643323380575,0.8632695498401507,0.0,0.0,1.4,0.0,0.2,1.4,0.1661026582121849,0.4060912251472473
n_z-20_init_power-12_theta_0-0.5_lr_td-0.064_lr_ap-0.016_lr_bas-0.016_bound-l1,gated_hebb,l1,0.016,0.016,0.016,0.064,0.016,0.5,30,20,random,12,1800,0,50,False,2,1.0,20.0,0.0,100.0,inf,1.0,2.0,1.5,0.5,0.5,0.15,0,0,nan,5,nan,nan,0.5081800000000001,0.0019516115842634462,nan,1.0,8.525819161775417e-10,0.5165186822414398,0.09308886334975722,0.10353313243828337,0.8630643328034567,0.6611030259055231,0.0,0.0,1.4,0.0,0.0,1.4,0.17297486811876298,0.4222680598497391
n_z-20_init_power-12_theta_0-0.5_lr_td-0.064_lr_ap-0.016_lr_bas-0.016_bound-soft,gated_hebb,soft,0.016,0.016,0.016,0.064,0.016,0.5,30,20,random,12,1800,0,50,False,2,1.0,20.0,0.0,100.0,inf,1.0,2.0,1.5,0.5,0.5,0.15,0,0,nan,5,nan,nan,0.50991,0.0005419195703552759,nan,1.01788330078125,4.701221980077592e-31,0.5882993519306183,0.09308886284595977,0.09970181625713806,0.8630643323380575,0.8642966843280467,0.0,0.0,1.4,0.0,0.4,1.4,0.17166473418474198,0.425918909907341
n_z-20_init_power-12_theta_0-0.5_lr_td-0.064_lr_ap-0.064_lr_bas-0.004_bound-l1,gated_hebb,l1,0.004,0.064,0.016,0.064,0.016,0.5,30,20,random,12,1800,0,50,False,2,1.0,20.0,0.0,100.0,inf,1.0,2.0,1.5,0.5,0.5,0.15,0,0,nan,5,nan,nan,0.51417,0.03303126231767237,nan,1.0,2.130997902582976e-08,0.4212749421596527,0.09308886334975722,0.36605911542371616,0.8630643328034567,0.32516588301066524,0.0,0.0,1.4,0.0,0.0,0.4,0.8065764844417572,0.9999992609024048
n_z-20_init_power-12_theta_0-0.5_lr_td-0.064_lr_ap-0.064_lr_bas-0.004_bound-soft,gated_hebb,soft,0.004,0.064,0.016,0.064,0.016,0.5,30,20,random,12,1800,0,50,False,2,1.0,20.0,0.0,100.0,inf,1.0,2.0,1.5,0.5,0.5,0.15,0,3,nan,5,nan,nan,0.6186693910795087,0.010527451458619908,nan,1.3474059104919434,4.985454846021447e-31,0.8981219530105591,0.09308886284595977,0.14278406886045017,0.8630643323380575,0.8730831504424554,0.0,0.0,1.4,0.6,3.2,3.6,0.5793709382414818,0.999998539686203
n_z-20_init_power-12_theta_0-0.5_lr_td-0.064_lr_ap-0.064_lr_bas-0.016_bound-l1,gated_hebb,l1,0.016,0.064,0.016,0.064,0.016,0.5,30,20,random,12,1800,0,50,False,2,1.0,20.0,0.0,100.0,inf,1.0,2.0,1.5,0.5,0.5,0.15,0,1,nan,5,nan,nan,0.5328757142857142,0.03240251194220036,nan,1.0,1.1221047580001198e-08,0.35899965167045594,0.09308886334975722,0.2738583510034854,0.8630643328034567,0.3183187647169161,0.0,0.0,1.4,0.2,0.0,0.4,0.7015869989991188,0.9999994337558746
n_z-20_init_power-12_theta_0-0.5_lr_td-0.064_lr_ap-0.064_lr_bas-0.016_bound-soft,gated_hebb,soft,0.016,0.064,0.016,0.064,0.016,0.5,30,20,random,12,1800,0,50,False,2,1.0,20.0,0.0,100.0,inf,1.0,2.0,1.5,0.5,0.5,0.15,0,4,nan,5,nan,nan,0.4976678571428571,0.02981011549709365,nan,1.983733868598938,6.364791280368191e-31,0.9926815032958984,0.09308886284595977,0.13533910327964,0.8630643323380575,0.874619069010477,0.0,0.0,1.4,0.8,3.8,9.4,0.23477229475975037,0.9999996423721313
n_z-20_init_power-12_theta_0-0.5_lr_td-0.25_lr_ap-0.016_lr_bas-0.004_bound-l1,gated_hebb,l1,0.004,0.016,0.016,0.25,0.016,0.5,30,20,random,12,1800,0,50,False,2,1.0,20.0,0.0,100.0,inf,1.0,2.0,1.5,0.5,0.5,0.15,0,0,nan,5,nan,nan,0.52471,0.007671865245720255,nan,1.0,7.515110952427407e-08,0.5065523564815522,0.09308886334975722,0.14308988763792996,0.8630643328034567,0.5060646365748732,0.0,0.0,1.4,0.0,0.0,1.2,0.3585655003786087,0.8688451230525971
n_z-20_init_power-12_theta_0-0.5_lr_td-0.25_lr_ap-0.016_lr_bas-0.004_bound-soft,gated_hebb,soft,0.004,0.016,0.016,0.25,0.016,0.5,30,20,random,12,1800,0,50,False,2,1.0,20.0,0.0,100.0,inf,1.0,2.0,1.5,0.5,0.5,0.15,0,3,nan,5,nan,nan,0.5116760869565218,0.002844081882994942,nan,1.0938546657562256,4.800149726027887e-31,0.7950793981552124,0.09308886284595977,0.10839732683267826,0.8630643323380575,0.8671303448637413,0.0,0.0,1.4,0.0,1.4,1.8,0.2004816010594368,0.6758696585893631
n_z-20_init_power-12_theta_0-0.5_lr_td-0.25_lr_ap-0.016_lr_bas-0.016_bound-l1,gated_hebb,l1,0.016,0.016,0.016,0.25,0.016,0.5,30,20,random,12,1800,0,50,False,2,1.0,20.0,0.0,100.0,inf,1.0,2.0,1.5,0.5,0.5,0.15,0,1,nan,5,nan,nan,0.5158503448275862,0.014191033026145305,nan,1.0,1.0947515960424425e-08,0.4046560078859329,0.09308886334975722,0.13003210102652252,0.8630643328034567,0.41410233628879134,0.0,0.0,1.4,0.0,0.0,0.6,0.3069627843797207,0.8328721672296524
n_z-20_init_power-12_theta_0-0.5_lr_td-0.25_lr_ap-0.016_lr_bas-0.016_bound-soft,gated_hebb,soft,0.016,0.016,0.016,0.25,0.016,0.5,30,20,random,12,1800,0,50,False,2,1.0,20.0,0.0,100.0,inf,1.0,2.0,1.5,0.5,0.5,0.15,0,4,nan,5,nan,nan,0.4980673509286413,0.00939887467520748,nan,1.3101628780364991,5.417518347117112e-31,0.8991224765777588,0.09308886284595977,0.10887483056084937,0.8630643323380575,0.8690717659977784,0.0,0.0,1.4,0.4,1.6,6.0,0.14320385456085205,0.3542695939540863
n_z-20_init_power-12_theta_0-0.5_lr_td-0.25_lr_ap-0.064_lr_bas-0.004_bound-l1,gated_hebb,l1,0.004,0.064,0.016,0.25,0.016,0.5,30,20,random,12,1800,0,50,False,2,1.0,20.0,0.0,100.0,inf,1.0,2.0,1.5,0.5,0.5,0.15,0,5,nan,5,nan,nan,0.46593750000000006,0.03053690418601036,nan,1.0,3.484382178839951e-05,0.292261016368866,0.09308886334975722,0.19154669434043523,0.8630643328034567,0.31330127886115344,0.0,0.0,1.4,0.0,0.0,0.0,nan,nan
n_z-20_init_power-12_theta_0-0.5_lr_td-0.25_lr_ap-0.064_lr_bas-0.004_bound-soft,gated_hebb,soft,0.004,0.064,0.016,0.25,0.016,0.5,30,20,random,12,1800,0,50,False,2,1.0,20.0,0.0,100.0,inf,1.0,2.0,1.5,0.5,0.5,0.15,0,5,nan,5,nan,nan,nan,0.004242255259305239,nan,1.1399944067001342,4.7999893596900515e-31,0.8586952090263367,0.09308886284595977,0.11409947636883515,0.8630643323380575,0.8679660891968762,0.0,0.0,1.4,0.2,1.4,2.2,nan,nan
n_z-20_init_power-12_theta_0-0.5_lr_td-0.25_lr_ap-0.064_lr_bas-0.016_bound-l1,gated_hebb,l1,0.016,0.064,0.016,0.25,0.016,0.5,30,20,random,12,1800,0,50,False,2,1.0,20.0,0.0,100.0,inf,1.0,2.0,1.5,0.5,0.5,0.15,0,5,nan,5,nan,nan,nan,0.043598304688930514,nan,1.0,8.847407972938786e-06,0.10930064022541046,0.09308886334975722,0.1258092189804822,0.8630643328034567,0.28583974659688727,0.0,0.0,1.4,0.0,0.0,0.0,nan,nan
n_z-20_init_power-12_theta_0-0.5_lr_td-0.25_lr_ap-0.064_lr_bas-0.016_bound-soft,gated_hebb,soft,0.016,0.064,0.016,0.25,0.016,0.5,30,20,random,12,1800,0,50,False,2,1.0,20.0,0.0,100.0,inf,1.0,2.0,1.5,0.5,0.5,0.15,0,5,nan,5,nan,nan,nan,0.012019958347082138,nan,1.3966585874557496,5.722106868342047e-31,0.9915441155433655,0.09308886284595977,0.11466379672540421,0.8630643323380575,0.8710252829891285,0.0,0.0,1.4,0.6,1.8,6.6,nan,nan
n_z-20_init_power-12_theta_0-1_lr_td-0.064_lr_ap-0.016_lr_bas-0.004_bound-l1,gated_hebb,l1,0.004,0.016,0.016,0.064,0.016,1,30,20,random,12,1800,0,50,False,2,1.0,20.0,0.0,100.0,inf,1.0,2.0,1.5,0.5,0.5,0.15,0,0,nan,5,nan,nan,0.50457,5.475921639117587e-05,nan,1.0,0.0,0.5178757846355438,0.09308886334975722,0.09339387926014071,0.8630643328034567,0.7755012674916043,0.0,0.0,1.4,0.0,0.0,1.4,0.12654177695512772,0.25728328824043273
n_z-20_init_power-12_theta_0-1_lr_td-0.064_lr_ap-0.016_lr_bas-0.004_bound-soft,gated_hebb,soft,0.004,0.016,0.016,0.064,0.016,1,30,20,random,12,1800,0,50,False,2,1.0,20.0,0.0,100.0,inf,1.0,2.0,1.5,0.5,0.5,0.15,0,0,nan,5,nan,nan,0.50457,5.590146497524984e-06,nan,1.0001844406127929,4.7010991819499795e-31,0.5179379224777222,0.09308886284595977,0.09318338881534426,0.8630643323380575,0.8630768663576884,0.0,0.0,1.4,0.0,0.0,1.4,0.12645258158445358,0.25666573345661164
n_z-20_init_power-12_theta_0-1_lr_td-0.064_lr_ap-0.016_lr_bas-0.016_bound-l1,gated_hebb,l1,0.016,0.016,0.016,0.064,0.016,1,30,20,random,12,1800,0,50,False,2,1.0,20.0,0.0,100.0,inf,1.0,2.0,1.5,0.5,0.5,0.15,0,0,nan,5,nan,nan,0.50457,0.0002593275357867242,nan,1.0,0.0,0.5177314519882202,0.09308886334975722,0.09449723716861821,0.8630643328034567,0.7526364751390691,0.0,0.0,1.4,0.0,0.0,1.4,0.12732353955507278,0.2639085441827774
n_z-20_init_power-12_theta_0-1_lr_td-0.064_lr_ap-0.016_lr_bas-0.016_bound-soft,gated_hebb,soft,0.016,0.016,0.016,0.064,0.016,1,30,20,random,12,1800,0,50,False,2,1.0,20.0,0.0,100.0,inf,1.0,2.0,1.5,0.5,0.5,0.15,0,0,nan,5,nan,nan,0.50457,2.6696765405631596e-05,nan,1.000880980491638,4.701161494919216e-31,0.5179912090301514,0.09308886284595977,0.09353681421865731,0.8630643323380575,0.8631189225721562,0.0,0.0,1.4,0.0,0.0,1.4,0.12692026644945145,0.26108854413032534
n_z-20_init_power-12_theta_0-1_lr_td-0.064_lr_ap-0.064_lr_bas-0.004_bound-l1,gated_hebb,l1,0.004,0.064,0.016,0.064,0.016,1,30,20,random,12,1800,0,50,False,2,1.0,20.0,0.0,100.0,inf,1.0,2.0,1.5,0.5,0.5,0.15,0,0,nan,5,nan,nan,0.5183800000000001,0.019525623158551754,nan,1.0,0.0,0.4598002672195435,0.09308886334975722,0.24320317820749587,0.8630643328034567,0.4464523149210312,0.0,0.0,1.4,0.0,0.0,0.6,0.5963418304920196,0.9999867439270019
n_z-20_init_power-12_theta_0-1_lr_td-0.064_lr_ap-0.064_lr_bas-0.004_bound-soft,gated_hebb,soft,0.004,0.064,0.016,0.064,0.016,1,30,20,random,12,1800,0,50,False,2,1.0,20.0,0.0,100.0,inf,1.0,2.0,1.5,0.5,0.5,0.15,0,0,1671.0,4,nan,nan,0.587,0.005132416423293762,nan,1.1693697214126586,4.776993025815184e-31,0.8567994952201843,0.09308886284595977,0.1385022552735111,0.8630643323380575,0.8725048576449901,0.0,0.0,1.4,0.2,2.6,1.8,0.6160535603761673,0.9999870777130127
n_z-20_init_power-12_theta_0-1_lr_td-0.064_lr_ap-0.064_lr_bas-0.016_bound-l1,gated_hebb,l1,0.016,0.064,0.016,0.064,0.016,1,30,20,random,12,1800,0,50,False,2,1.0,20.0,0.0,100.0,inf,1.0,2.0,1.5,0.5,0.5,0.15,0,0,nan,5,nan,nan,0.52092,0.016266861627809704,nan,1.0,0.0,0.4961706161499023,0.09308886334975722,0.20418948809409074,0.8630643328034567,0.4671735350259267,0.0,0.0,1.4,0.2,0.0,0.8,0.4953889787197113,0.9999970436096192
n_z-20_init_power-12_theta_0-1_lr_td-0.064_lr_ap-0.064_lr_bas-0.016_bound-soft,gated_hebb,soft,0.016,0.064,0.016,0.064,0.016,1,30,20,random,12,1800,0,50,False,2,1.0,20.0,0.0,100.0,inf,1.0,2.0,1.5,0.5,0.5,0.15,0,3,nan,5,nan,nan,0.5135493506493507,0.022783312539104372,nan,1.7518491744995117,5.319483471665235e-31,0.9744250297546386,0.09308886284595977,0.13109026130466292,0.8630643323380575,0.86416188455509,0.0,0.0,1.4,1.0,3.4,7.2,0.31936926394701004,0.9999994039535522
n_z-20_init_power-12_theta_0-1_lr_td-0.25_lr_ap-0.016_lr_bas-0.004_bound-l1,gated_hebb,l1,0.004,0.016,0.016,0.25,0.016,1,30,20,random,12,1800,0,50,False,2,1.0,20.0,0.0,100.0,inf,1.0,2.0,1.5,0.5,0.5,0.15,0,0,nan,5,nan,nan,0.52748,0.0047542128106215385,nan,1.0,0.0,0.513189172744751,0.09308886334975722,0.12016734875692572,0.8630643328034567,0.623728695195484,0.0,0.0,1.4,0.0,0.0,1.4,0.26663748472929,0.8398295223712922
n_z-20_init_power-12_theta_0-1_lr_td-0.25_lr_ap-0.016_lr_bas-0.004_bound-soft,gated_hebb,soft,0.004,0.016,0.016,0.25,0.016,1,30,20,random,12,1800,0,50,False,2,1.0,20.0,0.0,100.0,inf,1.0,2.0,1.5,0.5,0.5,0.15,0,2,nan,5,nan,nan,0.4987000000000001,0.002080031050650177,nan,1.0686410427093507,4.731135008916936e-31,0.7203505992889404,0.09308886284595977,0.10614988673878059,0.8630643323380575,0.8656365179003256,0.0,0.0,1.4,0.0,1.4,1.6,0.18798418839772543,0.74001012245814
n_z-20_init_power-12_theta_0-1_lr_td-0.25_lr_ap-0.016_lr_bas-0.016_bound-l1,gated_hebb,l1,0.016,0.016,0.016,0.25,0.016,1,30,20,random,12,1800,0,50,False,2,1.0,20.0,0.0,100.0,inf,1.0,2.0,1.5,0.5,0.5,0.15,0,1,nan,5,nan,nan,0.5210715151515152,0.0114450262633909,nan,1.0,0.0,0.4182715117931366,0.09308886334975722,0.11591444803791917,0.8630643328034567,0.6265410500615669,0.0,0.0,1.4,0.0,0.0,0.8,0.21979941613972187,0.8000281900167465
n_z-20_init_power-12_theta_0-1_lr_td-0.25_lr_ap-0.016_lr_bas-0.016_bound-soft,gated_hebb,soft,0.016,0.016,0.016,0.25,0.016,1,30,20,random,12,1800,0,50,False,2,1.0,20.0,0.0,100.0,inf,1.0,2.0,1.5,0.5,0.5,0.15,0,3,nan,5,nan,nan,0.5071084699453552,0.009364503450069606,nan,1.3090285778045654,4.981171527613278e-31,0.8989240288734436,0.09308886284595977,0.10961421783261287,0.8630643323380575,0.8694491952621423,0.0,0.0,1.4,0.4,1.4,5.8,0.5585867650806904,0.6373576372861862
n_z-20_init_power-12_theta_0-1_lr_td-0.25_lr_ap-0.064_lr_bas-0.004_bound-l1,gated_hebb,l1,0.004,0.064,0.016,0.25,0.016,1,30,20,random,12,1800,0,50,False,2,1.0,20.0,0.0,100.0,inf,1.0,2.0,1.5,0.5,0.5,0.15,0,4,nan,5,nan,nan,0.46454999999999996,0.02448885440826416,nan,1.0,8.96225387236882e-09,0.34697042107582093,0.09308886334975722,0.17149863582748712,0.8630643328034567,0.42065679732198663,0.0,0.0,1.4,0.0,0.0,0.4,0.37499332427978516,0.9999996423721313
n_z-20_init_power-12_theta_0-1_lr_td-0.25_lr_ap-0.064_lr_bas-0.004_bound-soft,gated_hebb,soft,0.004,0.064,0.016,0.25,0.016,1,30,20,random,12,1800,0,50,False,2,1.0,20.0,0.0,100.0,inf,1.0,2.0,1.5,0.5,0.5,0.15,0,5,nan,5,nan,nan,nan,0.004273070208728314,nan,1.1410112619400024,4.797986911162729e-31,0.8990280508995057,0.09308886284595977,0.11451624341421678,0.8630643323380575,0.8688660646083559,0.0,0.0,1.4,0.2,1.6,2.0,nan,nan
n_z-20_init_power-12_theta_0-1_lr_td-0.25_lr_ap-0.064_lr_bas-0.016_bound-l1,gated_hebb,l1,0.016,0.064,0.016,0.25,0.016,1,30,20,random,12,1800,0,50,False,2,1.0,20.0,0.0,100.0,inf,1.0,2.0,1.5,0.5,0.5,0.15,0,4,nan,5,nan,nan,0.45600000000000007,0.037601569667458534,nan,1.0,3.4948614484164862e-06,0.2048011377453804,0.09308886334975722,0.13875256172384706,0.8630643328034567,0.4167252787721088,0.0,0.0,1.4,0.0,0.0,0.2,0.5079015493392944,0.9999998807907104
n_z-20_init_power-12_theta_0-1_lr_td-0.25_lr_ap-0.064_lr_bas-0.016_bound-soft,gated_hebb,soft,0.016,0.064,0.016,0.25,0.016,1,30,20,random,12,1800,0,50,False,2,1.0,20.0,0.0,100.0,inf,1.0,2.0,1.5,0.5,0.5,0.15,0,5,nan,5,nan,nan,nan,0.011241411976516246,nan,1.370966625213623,4.9702918040988595e-31,0.9939870715141297,0.09308886284595977,0.11036688751885596,0.8630643323380575,0.8685713685929283,0.0,0.0,1.4,0.6,1.4,6.4,nan,nan
n_z-20_init_power-6_theta_0-0.25_lr_td-0.064_lr_ap-0.016_lr_bas-0.004_bound-l1,gated_hebb,l1,0.004,0.016,0.016,0.064,0.016,0.25,30,20,random,6,1800,0,50,False,2,1.0,20.0,0.0,100.0,inf,1.0,2.0,1.5,0.5,0.5,0.15,0,0,nan,5,nan,nan,0.4989800000000001,3.920022118109046e-06,nan,1.0,3.976561107066345e-08,0.2861786186695099,0.09520468652473843,0.09523840974652358,0.7733459283173115,0.7491803820475849,0.0,0.0,0.0,0.0,0.0,0.0,0.13026644736528398,0.19171966314315797
n_z-20_init_power-6_theta_0-0.25_lr_td-0.064_lr_ap-0.016_lr_bas-0.004_bound-soft,gated_hebb,soft,0.004,0.016,0.016,0.064,0.016,0.25,30,20,random,6,1800,0,50,False,2,1.0,20.0,0.0,100.0,inf,1.0,2.0,1.5,0.5,0.5,0.15,0,0,nan,5,nan,nan,0.4989800000000001,1.8660398524161791e-07,nan,1.0000061511993408,1.302100536839011e-16,0.2861620455980301,0.09520468680039562,0.09520715271939016,0.7733459269823681,0.7733469976443916,0.0,0.0,0.0,0.0,0.0,0.0,0.13026338666677476,0.19170952439308167
n_z-20_init_power-6_theta_0-0.25_lr_td-0.064_lr_ap-0.016_lr_bas-0.016_bound-l1,gated_hebb,l1,0.016,0.016,0.016,0.064,0.016,0.25,30,20,random,6,1800,0,50,False,2,1.0,20.0,0.0,100.0,inf,1.0,2.0,1.5,0.5,0.5,0.15,0,0,nan,5,nan,nan,0.4989800000000001,1.5571013500448315e-05,nan,1.0,1.487129274835297e-07,0.2862758934497833,0.09520468652473843,0.09533853625431951,0.7733459283173115,0.7371699263342779,0.0,0.0,0.0,0.0,0.0,0.0,0.13027787506580352,0.19176313579082488
n_z-20_init_power-6_theta_0-0.25_lr_td-0.064_lr_ap-0.016_lr_bas-0.016_bound-soft,gated_hebb,soft,0.016,0.016,0.016,0.064,0.016,0.25,30,20,random,6,1800,0,50,False,2,1.0,20.0,0.0,100.0,inf,1.0,2.0,1.5,0.5,0.5,0.15,0,0,nan,5,nan,nan,0.4989800000000001,8.678697611230746e-07,nan,1.00002863407135,1.302105965922639e-16,0.2862116128206253,0.09520468680039562,0.0952160577027887,0.7733459269823681,0.7733504403157898,0.0,0.0,0.0,0.0,0.0,0.0,0.13026612251996994,0.19172358214855195
n_z-20_init_power-6_theta_0-0.25_lr_td-0.064_lr_ap-0.064_lr_bas-0.004_bound-l1,gated_hebb,l1,0.004,0.064,0.016,0.064,0.016,0.25,30,20,random,6,1800,0,50,False,2,1.0,20.0,0.0,100.0,inf,1.0,2.0,1.5,0.5,0.5,0.15,0,0,nan,5,nan,nan,0.5005200000000001,0.0004542697353826952,nan,1.0,1.2295504028259075e-07,0.3248057425022125,0.09520468652473843,0.09919961007310862,0.7733459283173115,0.7197064646998894,0.0,0.0,0.0,0.0,0.0,0.0,0.3551279783248901,0.6785293221473694
n_z-20_init_power-6_theta_0-0.25_lr_td-0.064_lr_ap-0.064_lr_bas-0.004_bound-soft,gated_hebb,soft,0.004,0.064,0.016,0.064,0.016,0.25,30,20,random,6,1800,0,50,False,2,1.0,20.0,0.0,100.0,inf,1.0,2.0,1.5,0.5,0.5,0.15,0,0,nan,5,nan,nan,0.5005200000000001,3.628975371157139e-05,nan,1.001197624206543,1.3021216975537214e-16,0.3022759139537811,0.09520468680039562,0.0959137545721552,0.7733459269823681,0.7733715784205788,0.0,0.0,0.0,0.0,0.0,0.0,0.3520276427268982,0.6775946259498596
n_z-20_init_power-6_theta_0-0.25_lr_td-0.064_lr_ap-0.064_lr_bas-0.016_bound-l1,gated_hebb,l1,0.016,0.064,0.016,0.064,0.016,0.25,30,20,random,6,1800,0,50,False,2,1.0,20.0,0.0,100.0,inf,1.0,2.0,1.5,0.5,0.5,0.15,0,0,nan,5,nan,nan,0.50133,0.00196460244624177,nan,1.0,2.271567467460045e-07,0.3509033381938934,0.09520468652473843,0.11300019421345667,0.7733459283173115,0.6828415217402818,0.0,0.0,0.0,0.2,0.0,0.0,0.3638254255056381,0.6827807903289795
n_z-20_init_power-6_theta_0-0.25_lr_td-0.064_lr_ap-0.064_lr_bas-0.016_bound-soft,gated_hebb,soft,0.016,0.064,0.016,0.064,0.016,0.25,30,20,random,6,1800,0,50,False,2,1.0,20.0,0.0,100.0,inf,1.0,2.0,1.5,0.5,0.5,0.15,0,0,nan,5,nan,nan,0.50133,0.0002943637260614196,nan,1.0097140312194823,1.3021924313317892e-16,0.4278288185596466,0.09520468680039562,0.0992564395379248,0.7733459269823681,0.7734527447018082,0.0,0.0,0.0,0.2,0.0,0.0,0.35728609561920166,0.6791116118431091
n_z-20_init_power-6_theta_0-0.25_lr_td-0.25_lr_ap-0.016_lr_bas-0.004_bound-l1,gated_hebb,l1,0.004,0.016,0.016,0.25,0.016,0.25,30,20,random,6,1800,0,50,False,2,1.0,20.0,0.0,100.0,inf,1.0,2.0,1.5,0.5,0.5,0.15,0,0,nan,5,nan,nan,0.50421,0.001308458987477934,nan,1.0,2.1786768371612198e-07,0.2996517062187195,0.09520468652473843,0.10509871800217016,0.7733459283173115,0.662142812230272,0.0,0.0,0.0,0.0,0.0,0.0,0.23136709928512572,0.5436263084411621
n_z-20_init_power-6_theta_0-0.25_lr_td-0.25_lr_ap-0.016_lr_bas-0.004_bound-soft,gated_hebb,soft,0.004,0.016,0.016,0.25,0.016,0.25,30,20,random,6,1800,0,50,False,2,1.0,20.0,0.0,100.0,inf,1.0,2.0,1.5,0.5,0.5,0.15,0,0,nan,5,nan,nan,0.50327,0.00010019608171205619,nan,1.0033064603805542,1.3045354295416819e-16,0.28713664412498474,0.09520468680039562,0.09683386669704516,0.7733459269823681,0.7741284462076472,0.0,0.0,0.0,0.0,0.0,0.0,0.22610770761966706,0.5223296880722046
n_z-20_init_power-6_theta_0-0.25_lr_td-0.25_lr_ap-0.016_lr_bas-0.016_bound-l1,gated_hebb,l1,0.016,0.016,0.016,0.25,0.016,0.25,30,20,random,6,1800,0,50,False,2,1.0,20.0,0.0,100.0,inf,1.0,2.0,1.5,0.5,0.5,0.15,0,0,nan,5,nan,nan,0.50295,0.0033868526967125944,nan,1.0,6.325872192292082e-07,0.3039728671312332,0.09520468652473843,0.12096796396632051,0.7733459283173115,0.579885362625414,0.0,0.0,0.0,0.0,0.0,0.0,0.24473637640476226,0.5772950708866119
n_z-20_init_power-6_theta_0-0.25_lr_td-0.25_lr_ap-0.016_lr_bas-0.016_bound-soft,gated_hebb,soft,0.016,0.016,0.016,0.25,0.016,0.25,30,20,random,6,1800,0,50,False,2,1.0,20.0,0.0,100.0,inf,1.0,2.0,1.5,0.5,0.5,0.15,0,0,nan,5,nan,nan,0.50427,0.000817091550106852,nan,1.026964020729065,1.3166931839032647e-16,0.530746853351593,0.09520468680039562,0.10490309874960305,0.7733459269823681,0.777564989087659,0.0,0.0,0.0,0.0,0.4,0.0,0.23377273380756378,0.578402093052864
n_z-20_init_power-6_theta_0-0.25_lr_td-0.25_lr_ap-0.064_lr_bas-0.004_bound-l1,gated_hebb,l1,0.004,0.064,0.016,0.25,0.016,0.25,30,20,random,6,1800,0,50,False,2,1.0,20.0,0.0,100.0,inf,1.0,2.0,1.5,0.5,0.5,0.15,0,5,nan,5,nan,nan,0.4368,0.028419383242726325,nan,1.0,0.00016018568003346446,0.20755772292613983,0.09520468652473843,0.2032961792604584,0.7733459283173115,0.27530037408843666,0.0,0.0,0.0,0.0,0.0,0.0,nan,nan
n_z-20_init_power-6_theta_0-0.25_lr_td-0.25_lr_ap-0.064_lr_bas-0.004_bound-soft,gated_hebb,soft,0.004,0.064,0.016,0.25,0.016,0.25,30,20,random,6,1800,0,50,False,2,1.0,20.0,0.0,100.0,inf,1.0,2.0,1.5,0.5,0.5,0.15,0,4,nan,5,nan,nan,0.469,0.005320080835372209,nan,1.1755626440048217,1.3623999610042484e-16,0.7378721475601197,0.09520468680039562,0.14338467096997398,0.7733459269823681,0.8004581705045183,0.0,0.0,0.0,0.0,1.6,0.0,0.9559649229049683,0.9999999403953552
n_z-20_init_power-6_theta_0-0.25_lr_td-0.25_lr_ap-0.064_lr_bas-0.016_bound-l1,gated_hebb,l1,0.016,0.064,0.016,0.25,0.016,0.25,30,20,random,6,1800,0,50,False,2,1.0,20.0,0.0,100.0,inf,1.0,2.0,1.5,0.5,0.5,0.15,0,5,nan,5,nan,nan,nan,0.03780495598912239,nan,1.0,0.00012801570635048165,0.10247230976819992,0.09520468652473843,0.13669399234998306,0.7733459283173115,0.41490224850237534,0.0,0.0,0.0,0.0,0.0,0.0,nan,nan
n_z-20_init_power-6_theta_0-0.25_lr_td-0.25_lr_ap-0.064_lr_bas-0.016_bound-soft,gated_hebb,soft,0.016,0.064,0.016,0.25,0.016,0.25,30,20,random,6,1800,0,50,False,2,1.0,20.0,0.0,100.0,inf,1.0,2.0,1.5,0.5,0.5,0.15,0,5,nan,5,nan,nan,nan,0.011439818143844604,nan,1.3775140047073364,1.3174418105851637e-16,0.9750739097595215,0.09520468680039562,0.14140060337991192,0.7733459269823681,0.7960725544681149,0.0,0.0,0.0,0.4,2.2,0.8,nan,nan
n_z-20_init_power-6_theta_0-0.5_lr_td-0.064_lr_ap-0.016_lr_bas-0.004_bound-l1,gated_hebb,l1,0.004,0.016,0.016,0.064,0.016,0.5,30,20,random,6,1800,0,50,False,2,1.0,20.0,0.0,100.0,inf,1.0,2.0,1.5,0.5,0.5,0.15,0,0,nan,5,nan,nan,0.4989800000000001,3.074668688896054e-06,nan,1.0,2.6058475377510604e-08,0.286175063252449,0.09520468652473843,0.09523103588660989,0.7733459283173115,0.7519196732341646,0.0,0.0,0.0,0.0,0.0,0.0,0.12249207198619842,0.18040212988853455
n_z-20_init_power-6_theta_0-0.5_lr_td-0.064_lr_ap-0.016_lr_bas-0.004_bound-soft,gated_hebb,soft,0.004,0.016,0.016,0.064,0.016,0.5,30,20,random,6,1800,0,50,False,2,1.0,20.0,0.0,100.0,inf,1.0,2.0,1.5,0.5,0.5,0.15,0,0,nan,5,nan,nan,0.4989800000000001,1.5489370852606044e-07,nan,1.0000051021575929,1.3021003117037126e-16,0.2861597418785095,0.09520468680039562,0.09520672495878368,0.7733459269823681,0.773346797281163,0.0,0.0,0.0,0.0,0.0,0.0,0.12248951941728592,0.18039516508579254
n_z-20_init_power-6_theta_0-0.5_lr_td-0.064_lr_ap-0.016_lr_bas-0.016_bound-l1,gated_hebb,l1,0.016,0.016,0.016,0.064,0.016,0.5,30,20,random,6,1800,0,50,False,2,1.0,20.0,0.0,100.0,inf,1.0,2.0,1.5,0.5,0.5,0.15,0,0,nan,5,nan,nan,0.4989800000000001,1.2173340837762226e-05,nan,1.0,9.709551456182907e-08,0.2862623333930969,0.09520468652473843,0.09530929372011333,0.7733459283173115,0.7427780199471125,0.0,0.0,0.0,0.0,0.0,0.0,0.12250137776136398,0.18042562305927276
n_z-20_init_power-6_theta_0-0.5_lr_td-0.064_lr_ap-0.016_lr_bas-0.016_bound-soft,gated_hebb,soft,0.016,0.016,0.016,0.064,0.016,0.5,30,20,random,6,1800,0,50,False,2,1.0,20.0,0.0,100.0,inf,1.0,2.0,1.5,0.5,0.5,0.15,0,0,nan,5,nan,nan,0.4989800000000001,7.329608592954174e-07,nan,1.0000242233276366,1.3021043441575e-16,0.28620167076587677,0.09520468680039562,0.09521426408693331,0.7733459269823681,0.773350026771814,0.0,0.0,0.0,0.0,0.0,0.0,0.12249167710542679,0.1803990602493286
n_z-20_init_power-6_theta_0-0.5_lr_td-0.064_lr_ap-0.064_lr_bas-0.004_bound-l1,gated_hebb,l1,0.004,0.064,0.016,0.064,0.016,0.5,30,20,random,6,1800,0,50,False,2,1.0,20.0,0.0,100.0,inf,1.0,2.0,1.5,0.5,0.5,0.15,0,0,nan,5,nan,nan,0.50328,0.00022490992068924243,nan,1.0,4.226692142950128e-08,0.3143648266792297,0.09520468652473843,0.09711855791349477,0.7733459283173115,0.737356768792368,0.0,0.0,0.0,0.0,0.0,0.0,0.26897122859954836,0.5643198966979981
n_z-20_init_power-6_theta_0-0.5_lr_td-0.064_lr_ap-0.064_lr_bas-0.004_bound-soft,gated_hebb,soft,0.004,0.064,0.016,0.064,0.016,0.5,30,20,random,6,1800,0,50,False,2,1.0,20.0,0.0,100.0,inf,1.0,2.0,1.5,0.5,0.5,0.15,0,0,nan,5,nan,nan,0.50281,1.7615784361169063e-05,nan,1.0005812644958496,1.3021078822286998e-16,0.2952414691448212,0.09520468680039562,0.09556196891334304,0.7733459269823681,0.7733533013534195,0.0,0.0,0.0,0.0,0.0,0.0,0.2669069230556488,0.5635909378528595
n_z-20_init_power-6_theta_0-0.5_lr_td-0.064_lr_ap-0.064_lr_bas-0.016_bound-l1,gated_hebb,l1,0.016,0.064,0.016,0.064,0.016,0.5,30,20,random,6,1800,0,50,False,2,1.0,20.0,0.0,100.0,inf,1.0,2.0,1.5,0.5,0.5,0.15,0,0,nan,5,nan,nan,0.5014000000000001,0.0006899384163261857,nan,1.0,1.6563056917107133e-07,0.35045804381370543,0.09520468652473843,0.10123375445348068,0.7733459283173115,0.7144646556792883,0.0,0.0,0.0,0.2,0.0,0.0,0.27275683283805846,0.5655740201473236
n_z-20_init_power-6_theta_0-0.5_lr_td-0.064_lr_ap-0.064_lr_bas-0.016_bound-soft,gated_hebb,soft,0.016,0.064,0.016,0.064,0.016,0.5,30,20,random,6,1800,0,50,False,2,1.0,20.0,0.0,100.0,inf,1.0,2.0,1.5,0.5,0.5,0.15,0,0,nan,5,nan,nan,0.5034,0.00016575290269429387,nan,1.0054698228836059,1.3021357540923646e-16,0.37968053221702575,0.09520468680039562,0.09775205038933354,0.7733459269823681,0.77337631316631,0.0,0.0,0.0,0.2,0.0,0.0,0.2702871173620224,0.5646341502666473
n_z-20_init_power-6_theta_0-0.5_lr_td-0.25_lr_ap-0.016_lr_bas-0.004_bound-l1,gated_hebb,l1,0.004,0.016,0.016,0.25,0.016,0.5,30,20,random,6,1800,0,50,False,2,1.0,20.0,0.0,100.0,inf,1.0,2.0,1.5,0.5,0.5,0.15,0,0,nan,5,nan,nan,0.5034799999999999,0.00034763212788675447,nan,1.0,1.2997793294999837e-07,0.2859528839588165,0.09520468652473843,0.09791282349590422,0.7733459283173115,0.6996191510888965,0.0,0.0,0.0,0.0,0.0,0.0,0.18546155095100403,0.39847167730331423
n_z-20_init_power-6_theta_0-0.5_lr_td-0.25_lr_ap-0.016_lr_bas-0.004_bound-soft,gated_hebb,soft,0.004,0.016,0.016,0.25,0.016,0.5,30,20,random,6,1800,0,50,False,2,1.0,20.0,0.0,100.0,inf,1.0,2.0,1.5,0.5,0.5,0.15,0,0,nan,5,nan,nan,0.5034799999999999,2.2060003573187714e-05,nan,1.0007280111312866,1.30255348494167e-16,0.28629355132579803,0.09520468680039562,0.09556778135516605,0.7733459269823681,0.7735007299989511,0.0,0.0,0.0,0.0,0.0,0.0,0.1838728129863739,0.38767426908016206
n_z-20_init_power-6_theta_0-0.5_lr_td-0.25_lr_ap-0.016_lr_bas-0.016_bound-l1,gated_hebb,l1,0.016,0.016,0.016,0.25,0.016,0.5,30,20,random,6,1800,0,50,False,2,1.0,20.0,0.0,100.0,inf,1.0,2.0,1.5,0.5,0.5,0.15,0,0,nan,5,nan,nan,0.5030300000000001,0.001941342029022053,nan,1.0,4.380279513327423e-07,0.31138337552547457,0.09520468652473843,0.10963881876899181,0.7733459283173115,0.6381250267693475,0.0,0.0,0.0,0.0,0.0,0.0,0.19506035447120668,0.46241684556007384
n_z-20_init_power-6_theta_0-0.5_lr_td-0.25_lr_ap-0.016_lr_bas-0.016_bound-soft,gated_hebb,soft,0.016,0.016,0.016,0.25,0.016,0.5,30,20,random,6,1800,0,50,False,2,1.0,20.0,0.0,100.0,inf,1.0,2.0,1.5,0.5,0.5,0.15,0,0,nan,5,nan,nan,0.50358,0.00012944607628924133,nan,1.0042717456817627,1.304223654699806e-16,0.30057800114154815,0.09520468680039562,0.09726974490906921,0.7733459269823681,0.7741199161073581,0.0,0.0,0.0,0.0,0.0,0.0,0.18631149530410768,0.4093598902225494
n_z-20_init_power-6_theta_0-0.5_lr_td-0.25_lr_ap-0.064_lr_bas-0.004_bound-l1,gated_hebb,l1,0.004,0.064,0.016,0.25,0.016,0.5,30,20,random,6,1800,0,50,False,2,1.0,20.0,0.0,100.0,inf,1.0,2.0,1.5,0.5,0.5,0.15,0,5,nan,5,nan,nan,0.4713533834586466,0.02899477258324623,nan,1.0,4.3030640492247584e-05,0.22084409594535828,0.09520468652473843,0.20718044295477087,0.7733459283173115,0.3115433727353508,0.0,0.0,0.0,0.0,0.0,0.0,nan,nan
n_z-20_init_power-6_theta_0-0.5_lr_td-0.25_lr_ap-0.064_lr_bas-0.004_bound-soft,gated_hebb,soft,0.004,0.064,0.016,0.25,0.016,0.5,30,20,random,6,1800,0,50,False,2,1.0,20.0,0.0,100.0,inf,1.0,2.0,1.5,0.5,0.5,0.15,0,4,nan,5,nan,nan,0.46364999999999995,0.004627561662346125,nan,1.1527095079421996,1.35471629814325e-16,0.6676036417484283,0.09520468680039562,0.1366715620042207,0.7733459269823681,0.7973235598288364,0.0,0.0,0.0,0.0,1.4,0.0,0.8414780497550964,0.9999999403953552
n_z-20_init_power-6_theta_0-0.5_lr_td-0.25_lr_ap-0.064_lr_bas-0.016_bound-l1,gated_hebb,l1,0.016,0.064,0.016,0.25,0.016,0.5,30,20,random,6,1800,0,50,False,2,1.0,20.0,0.0,100.0,inf,1.0,2.0,1.5,0.5,0.5,0.15,0,5,nan,5,nan,nan,0.43,0.0374015748500824,nan,1.0,0.00019639942428568703,0.10747423321008683,0.09520468652473843,0.12466110991017461,0.7733459283173115,0.2557175740860046,0.0,0.0,0.0,0.0,0.0,0.0,nan,nan
n_z-20_init_power-6_theta_0-0.5_lr_td-0.25_lr_ap-0.064_lr_bas-0.016_bound-soft,gated_hebb,soft,0.016,0.064,0.016,0.25,0.016,0.5,30,20,random,6,1800,0,50,False,2,1.0,20.0,0.0,100.0,inf,1.0,2.0,1.5,0.5,0.5,0.15,0,5,nan,5,nan,nan,nan,0.01109718270599842,nan,1.3662070274353026,1.3061444228182462e-16,0.9723273038864135,0.09520468680039562,0.139446771382922,0.7733459269823681,0.798822093761397,0.0,0.0,0.0,0.4,2.2,0.6,nan,nan
n_z-20_init_power-6_theta_0-1_lr_td-0.064_lr_ap-0.016_lr_bas-0.004_bound-l1,gated_hebb,l1,0.004,0.016,0.016,0.064,0.016,1,30,20,random,6,1800,0,50,False,2,1.0,20.0,0.0,100.0,inf,1.0,2.0,1.5,0.5,0.5,0.15,0,0,nan,5,nan,nan,0.50095,1.8126881855096145e-06,nan,1.0,1.4597619446554687e-09,0.28616956770420077,0.09520468652473843,0.09521968457283009,0.7733459283173115,0.7618829131499809,0.0,0.0,0.0,0.0,0.0,0.0,0.10822740197181702,0.1615232527256012
n_z-20_init_power-6_theta_0-1_lr_td-0.064_lr_ap-0.016_lr_bas-0.004_bound-soft,gated_hebb,soft,0.004,0.016,0.016,0.064,0.016,1,30,20,random,6,1800,0,50,False,2,1.0,20.0,0.0,100.0,inf,1.0,2.0,1.5,0.5,0.5,0.15,0,0,nan,5,nan,nan,0.50095,1.0302438511189393e-07,nan,1.0000034332275392,1.3020998812983754e-16,0.28615557849407197,0.09520468680039562,0.09520600879210185,0.7733459269823681,0.7733464992360194,0.0,0.0,0.0,0.0,0.0,0.0,0.10822581499814987,0.16151831448078155
n_z-20_init_power-6_theta_0-1_lr_td-0.064_lr_ap-0.016_lr_bas-0.016_bound-l1,gated_hebb,l1,0.016,0.016,0.016,0.064,0.016,1,30,20,random,6,1800,0,50,False,2,1.0,20.0,0.0,100.0,inf,1.0,2.0,1.5,0.5,0.5,0.15,0,0,nan,5,nan,nan,0.50095,7.087183257681318e-06,nan,1.0,5.833829908041821e-09,0.2862411767244339,0.09520468652473843,0.09526443575146468,0.7733459283173115,0.7610616746294354,0.0,0.0,0.0,0.0,0.0,0.0,0.10823325663805008,0.1615397334098816
n_z-20_init_power-6_theta_0-1_lr_td-0.064_lr_ap-0.016_lr_bas-0.016_bound-soft,gated_hebb,soft,0.016,0.016,0.016,0.064,0.016,1,30,20,random,6,1800,0,50,False,2,1.0,20.0,0.0,100.0,inf,1.0,2.0,1.5,0.5,0.5,0.15,0,0,nan,5,nan,nan,0.50095,5.221076378347788e-07,nan,1.0000171899795531,1.3021024902777262e-16,0.2861864000558853,0.09520468680039562,0.09521139220097377,0.7733459269823681,0.7733491220516759,0.0,0.0,0.0,0.0,0.0,0.0,0.10822714418172837,0.16152088940143586
n_z-20_init_power-6_theta_0-1_lr_td-0.064_lr_ap-0.064_lr_bas-0.004_bound-l1,gated_hebb,l1,0.004,0.064,0.016,0.064,0.016,1,30,20,random,6,1800,0,50,False,2,1.0,20.0,0.0,100.0,inf,1.0,2.0,1.5,0.5,0.5,0.15,0,0,nan,5,nan,nan,0.50058,1.3485765839504893e-05,nan,1.0,9.588706273433446e-10,0.2876812905073166,0.09520468652473843,0.09531808601080002,0.7733459283173115,0.7600931197360168,0.0,0.0,0.0,0.0,0.0,0.0,0.15437542796134948,0.3685280680656433
n_z-20_init_power-6_theta_0-1_lr_td-0.064_lr_ap-0.064_lr_bas-0.004_bound-soft,gated_hebb,soft,0.004,0.064,0.016,0.064,0.016,1,30,20,random,6,1800,0,50,False,2,1.0,20.0,0.0,100.0,inf,1.0,2.0,1.5,0.5,0.5,0.15,0,0,nan,5,nan,nan,0.50058,1.087490360873744e-06,nan,1.0000358819961548,1.302100848039867e-16,0.2866293966770172,0.09520468680039562,0.09522620798432675,0.7733459269823681,0.773347454123549,0.0,0.0,0.0,0.0,0.0,0.0,0.15426235049962997,0.36734659075737
n_z-20_init_power-6_theta_0-1_lr_td-0.064_lr_ap-0.064_lr_bas-0.016_bound-l1,gated_hebb,l1,0.016,0.064,0.016,0.064,0.016,1,30,20,random,6,1800,0,50,False,2,1.0,20.0,0.0,100.0,inf,1.0,2.0,1.5,0.5,0.5,0.15,0,0,nan,5,nan,nan,0.50058,6.278926048253197e-05,nan,1.0,3.0132371264812718e-09,0.2937432646751404,0.09520468652473843,0.09573388154687532,0.7733459283173115,0.7546028904254809,0.0,0.0,0.0,0.0,0.0,0.0,0.15491272360086442,0.37443572878837583
n_z-20_init_power-6_theta_0-1_lr_td-0.064_lr_ap-0.064_lr_bas-0.016_bound-soft,gated_hebb,soft,0.016,0.064,0.016,0.064,0.016,1,30,20,random,6,1800,0,50,False,2,1.0,20.0,0.0,100.0,inf,1.0,2.0,1.5,0.5,0.5,0.15,0,0,nan,5,nan,nan,0.50058,4.734439073672547e-06,nan,1.0001562356948852,1.3021069112220584e-16,0.28824892044067385,0.09520468680039562,0.09529742270374666,0.7733459269823681,0.7733530232239557,0.0,0.0,0.0,0.0,0.0,0.0,0.1544113874435425,0.36909179091453553
n_z-20_init_power-6_theta_0-1_lr_td-0.25_lr_ap-0.016_lr_bas-0.004_bound-l1,gated_hebb,l1,0.004,0.016,0.016,0.25,0.016,1,30,20,random,6,1800,0,50,False,2,1.0,20.0,0.0,100.0,inf,1.0,2.0,1.5,0.5,0.5,0.15,0,0,nan,5,nan,nan,0.5004799999999999,3.205312550562667e-05,nan,1.0,1.5952214094117068e-08,0.2862363070249557,0.09520468652473843,0.09547695959306518,0.7733459283173115,0.7398237678561483,0.0,0.0,0.0,0.0,0.0,0.0,0.13391351699829102,0.23983142971992494
n_z-20_init_power-6_theta_0-1_lr_td-0.25_lr_ap-0.016_lr_bas-0.004_bound-soft,gated_hebb,soft,0.004,0.016,0.016,0.25,0.016,1,30,20,random,6,1800,0,50,False,2,1.0,20.0,0.0,100.0,inf,1.0,2.0,1.5,0.5,0.5,0.15,0,0,nan,5,nan,nan,0.5004799999999999,2.2623396034759937e-06,nan,1.000074601173401,1.3021539965397234e-16,0.28621109426021574,0.09520468680039562,0.09523747867055221,0.7733459269823681,0.7733653780690485,0.0,0.0,0.0,0.0,0.0,0.0,0.133796526491642,0.23923373520374297
n_z-20_init_power-6_theta_0-1_lr_td-0.25_lr_ap-0.016_lr_bas-0.016_bound-l1,gated_hebb,l1,0.016,0.016,0.016,0.25,0.016,1,30,20,random,6,1800,0,50,False,2,1.0,20.0,0.0,100.0,inf,1.0,2.0,1.5,0.5,0.5,0.15,0,0,nan,5,nan,nan,0.50108,0.00013509225791494828,nan,1.0,6.370919356513127e-08,0.28650346100330354,0.09520468652473843,0.09634910460021055,0.7733459283173115,0.722528731583527,0.0,0.0,0.0,0.0,0.0,0.0,0.13441550582647324,0.24258331060409546
n_z-20_init_power-6_theta_0-1_lr_td-0.25_lr_ap-0.016_lr_bas-0.016_bound-soft,gated_hebb,soft,0.016,0.016,0.016,0.25,0.016,1,30,20,random,6,1800,0,50,False,2,1.0,20.0,0.0,100.0,inf,1.0,2.0,1.5,0.5,0.5,0.15,0,0,nan,5,nan,nan,0.5004799999999999,9.37680288188858e-06,nan,1.0003093957901001,1.3023275961335486e-16,0.2864107877016068,0.09520468680039562,0.09533916367403508,0.7733459269823681,0.7734252971286846,0.0,0.0,0.0,0.0,0.0,0.0,0.13391598165035248,0.2399972051382065
n_z-20_init_power-6_theta_0-1_lr_td-0.25_lr_ap-0.064_lr_bas-0.004_bound-l1,gated_hebb,l1,0.004,0.064,0.016,0.25,0.016,1,30,20,random,6,1800,0,50,False,2,1.0,20.0,0.0,100.0,inf,1.0,2.0,1.5,0.5,0.5,0.15,0,4,nan,5,nan,nan,0.508865953654189,0.02263699098257348,nan,1.0,4.4491282585212844e-05,0.2555417984724045,0.09520468652473843,0.18669452853436724,0.7733459283173115,0.39758137751630934,0.0,0.0,0.0,0.0,0.0,0.0,0.26106542348861694,0.9997488260269165
n_z-20_init_power-6_theta_0-1_lr_td-0.25_lr_ap-0.064_lr_bas-0.004_bound-soft,gated_hebb,soft,0.004,0.064,0.016,0.25,0.016,1,30,20,random,6,1800,0,50,False,2,1.0,20.0,0.0,100.0,inf,1.0,2.0,1.5,0.5,0.5,0.15,0,4,nan,5,nan,nan,0.5380656379625021,0.0039743704823195,nan,1.1311542749404908,1.358078594354626e-16,0.6723981857299804,0.09520468680039562,0.12978851965595622,0.7733459269823681,0.7911118693374658,0.0,0.0,0.0,0.2,1.2,0.0,0.25926023721694946,0.9993584156036377
n_z-20_init_power-6_theta_0-1_lr_td-0.25_lr_ap-0.064_lr_bas-0.016_bound-l1,gated_hebb,l1,0.016,0.064,0.016,0.25,0.016,1,30,20,random,6,1800,0,50,False,2,1.0,20.0,0.0,100.0,inf,1.0,2.0,1.5,0.5,0.5,0.15,0,4,nan,5,nan,nan,0.4477,0.030294789746403695,nan,1.0,2.570647502348546e-05,0.14411820024251937,0.09520468652473843,0.12888353659614865,0.7733459283173115,0.5259346907993027,0.0,0.0,0.0,0.0,0.0,0.0,0.27446606755256653,0.9999971985816956
n_z-20_init_power-6_theta_0-1_lr_td-0.25_lr_ap-0.064_lr_bas-0.016_bound-soft,gated_hebb,soft,0.016,0.064,0.016,0.25,0.016,1,30,20,random,6,1800,0,50,False,2,1.0,20.0,0.0,100.0,inf,1.0,2.0,1.5,0.5,0.5,0.15,0,4,nan,5,nan,nan,0.4656500000000001,0.009117337979841978,nan,1.3008722066879272,1.507176380843985e-16,0.9428004503250123,0.09520468680039562,0.13250938655624434,0.7733459269823681,0.7946613254011071,0.0,0.0,0.0,0.4,1.8,0.4,0.27276724576950073,0.9999994039535522
n_z-50_init_power-12_theta_0-0.25_lr_td-0.064_lr_ap-0.016_lr_bas-0.004_bound-l1,gated_hebb,l1,0.004,0.016,0.016,0.064,0.016,0.25,30,50,random,12,1800,0,50,False,2,1.0,20.0,0.0,100.0,inf,1.0,2.0,1.5,0.5,0.5,0.15,0,0,nan,5,nan,nan,0.51888,0.015827089129015804,nan,1.0,1.863481644548415e-08,0.6088598430156708,0.08655678718593211,0.20808126097444063,0.8712492049662176,0.349819191222955,0.2,0.2,2.8,0.0,0.0,2.2,0.5166062474250793,0.9995764851570129
n_z-50_init_power-12_theta_0-0.25_lr_td-0.064_lr_ap-0.016_lr_bas-0.004_bound-soft,gated_hebb,soft,0.004,0.016,0.016,0.064,0.016,0.25,30,50,random,12,1800,0,50,False,2,1.0,20.0,0.0,100.0,inf,1.0,2.0,1.5,0.5,0.5,0.15,0,3,nan,5,nan,nan,0.538425,0.005018718831706792,nan,1.1656177043914795,3.088956701300674e-36,0.9595076441764832,0.08655678750521727,0.11400310552981914,0.8712492059138457,0.8751844841778731,0.2,0.2,2.8,0.4,5.2,5.2,0.3291257172822952,0.999968022108078
n_z-50_init_power-12_theta_0-0.25_lr_td-0.064_lr_ap-0.016_lr_bas-0.016_bound-l1,gated_hebb,l1,0.016,0.016,0.016,0.064,0.016,0.25,30,50,random,12,1800,0,50,False,2,1.0,20.0,0.0,100.0,inf,1.0,2.0,1.5,0.5,0.5,0.15,0,1,nan,5,nan,nan,0.5124375,0.0213544353377074,nan,1.0,2.937940506431147e-08,0.5237509965896606,0.08655678718593211,0.17650989954210106,0.8712492049662176,0.2955995366993221,0.2,0.2,2.8,0.0,0.0,1.6,0.4465972110629082,0.9976865351200104
n_z-50_init_power-12_theta_0-0.25_lr_td-0.064_lr_ap-0.016_lr_bas-0.016_bound-soft,gated_hebb,soft,0.016,0.016,0.016,0.064,0.016,0.25,30,50,random,12,1800,0,50,False,2,1.0,20.0,0.0,100.0,inf,1.0,2.0,1.5,0.5,0.5,0.15,0,4,nan,5,nan,nan,0.5424618686868687,0.015195329487323762,nan,1.5014458894729614,3.0890066718841715e-36,0.9999983191490174,0.08655678750521727,0.1158840793064991,0.8712492059138457,0.8722107956597576,0.2,0.2,2.8,2.8,5.2,14.8,0.3138921558856964,0.9999972581863403
n_z-50_init_power-12_theta_0-0.25_lr_td-0.064_lr_ap-0.064_lr_bas-0.004_bound-l1,gated_hebb,l1,0.004,0.064,0.016,0.064,0.016,0.25,30,50,random,12,1800,0,50,False,2,1.0,20.0,0.0,100.0,inf,1.0,2.0,1.5,0.5,0.5,0.15,0,5,nan,5,nan,nan,nan,0.04147996008396149,nan,1.0,0.0002007372514901684,0.24223094880580903,0.08655678718593211,0.2255537695414041,0.8712492049662176,0.27065621016593544,0.2,0.2,2.8,0.0,0.0,0.0,nan,nan
n_z-50_init_power-12_theta_0-0.25_lr_td-0.064_lr_ap-0.064_lr_bas-0.004_bound-soft,gated_hebb,soft,0.004,0.064,0.016,0.064,0.016,0.25,30,50,random,12,1800,0,50,False,2,1.0,20.0,0.0,100.0,inf,1.0,2.0,1.5,0.5,0.5,0.15,0,5,nan,5,nan,nan,nan,0.00816943058744073,nan,1.2695912361145019,3.186540202967398e-36,0.9913739919662475,0.08655678750521727,0.13234013198319733,0.8712492059138457,0.8763144064258979,0.2,0.2,2.8,1.4,6.4,7.6,nan,nan
n_z-50_init_power-12_theta_0-0.25_lr_td-0.064_lr_ap-0.064_lr_bas-0.016_bound-l1,gated_hebb,l1,0.016,0.064,0.016,0.064,0.016,0.25,30,50,random,12,1800,0,50,False,2,1.0,20.0,0.0,100.0,inf,1.0,2.0,1.5,0.5,0.5,0.15,0,5,nan,5,nan,nan,nan,0.04527940675616264,nan,1.0,3.2613249019049854e-05,0.09256131500005722,0.08655678718593211,0.12654276604108367,0.8712492049662176,0.36201596516534856,0.2,0.2,2.8,0.0,0.0,0.0,nan,nan
n_z-50_init_power-12_theta_0-0.25_lr_td-0.064_lr_ap-0.064_lr_bas-0.016_bound-soft,gated_hebb,soft,0.016,0.064,0.016,0.064,0.016,0.25,30,50,random,12,1800,0,50,False,2,1.0,20.0,0.0,100.0,inf,1.0,2.0,1.5,0.5,0.5,0.15,0,5,nan,5,nan,nan,nan,0.01799193359911442,nan,1.5937337160110474,3.1477117053749925e-36,0.9989468574523925,0.08655678750521727,0.12206985742527172,0.8712492059138457,0.8746389978500636,0.2,0.2,2.8,3.2,5.8,18.6,nan,nan
n_z-50_init_power-12_theta_0-0.25_lr_td-0.25_lr_ap-0.016_lr_bas-0.004_bound-l1,gated_hebb,l1,0.004,0.016,0.016,0.25,0.016,0.25,30,50,random,12,1800,0,50,False,2,1.0,20.0,0.0,100.0,inf,1.0,2.0,1.5,0.5,0.5,0.15,0,5,nan,5,nan,nan,nan,0.014566396176815034,nan,1.0,4.7824182658473544e-08,0.5283917427062989,0.08655678718593211,0.12298481594205643,0.8712492049662176,0.4748787427577666,0.2,0.2,2.8,0.0,0.0,0.6,nan,nan
n_z-50_init_power-12_theta_0-0.25_lr_td-0.25_lr_ap-0.016_lr_bas-0.004_bound-soft,gated_hebb,soft,0.004,0.016,0.016,0.25,0.016,0.25,30,50,random,12,1800,0,50,False,2,1.0,20.0,0.0,100.0,inf,1.0,2.0,1.5,0.5,0.5,0.15,0,5,nan,5,nan,nan,nan,0.0016058036591857672,nan,1.052991509437561,3.130493210697725e-36,0.8157883882522583,0.08655678750521727,0.09380931075715518,0.8712492059138457,0.873174329285872,0.2,0.2,2.8,0.2,1.2,3.4,nan,nan
n_z-50_init_power-12_theta_0-0.25_lr_td-0.25_lr_ap-0.016_lr_bas-0.016_bound-l1,gated_hebb,l1,0.016,0.016,0.016,0.25,0.016,0.25,30,50,random,12,1800,0,50,False,2,1.0,20.0,0.0,100.0,inf,1.0,2.0,1.5,0.5,0.5,0.15,0,5,nan,5,nan,nan,nan,0.03255245126783848,nan,1.0,2.6630800320504024e-08,0.2890043169260025,0.08655678718593211,0.13076312596781622,0.8712492049662176,0.4016930699279418,0.2,0.2,2.8,0.0,0.0,0.0,nan,nan
n_z-50_init_power-12_theta_0-0.25_lr_td-0.25_lr_ap-0.016_lr_bas-0.016_bound-soft,gated_hebb,soft,0.016,0.016,0.016,0.25,0.016,0.25,30,50,random,12,1800,0,50,False,2,1.0,20.0,0.0,100.0,inf,1.0,2.0,1.5,0.5,0.5,0.15,0,5,nan,5,nan,nan,nan,0.005119296628981829,nan,1.1689367532730102,3.143967923530182e-36,0.9721202850341797,0.08655678750521727,0.09826450987644884,0.8712492059138457,0.8740500014585126,0.2,0.2,2.8,0.4,2.2,6.8,nan,nan
n_z-50_init_power-12_theta_0-0.25_lr_td-0.25_lr_ap-0.064_lr_bas-0.004_bound-l1,gated_hebb,l1,0.004,0.064,0.016,0.25,0.016,0.25,30,50,random,12,1800,0,50,False,2,1.0,20.0,0.0,100.0,inf,1.0,2.0,1.5,0.5,0.5,0.15,0,5,nan,5,nan,nan,nan,0.0139747254550457,nan,1.0,5.739886326825427e-05,0.5280714809894562,0.08655678718593211,0.12224244238782282,0.8712492049662176,0.42481496610407543,0.2,0.2,2.8,0.0,0.0,0.6,nan,nan
n_z-50_init_power-12_theta_0-0.25_lr_td-0.25_lr_ap-0.064_lr_bas-0.004_bound-soft,gated_hebb,soft,0.004,0.064,0.016,0.25,0.016,0.25,30,50,random,12,1800,0,50,False,2,1.0,20.0,0.0,100.0,inf,1.0,2.0,1.5,0.5,0.5,0.15,0,5,nan,5,nan,nan,nan,0.0014670011354610325,nan,1.0484110355377196,3.127637701299582e-36,0.7770466208457947,0.08655678750521727,0.09285365775666364,0.8712492059138457,0.8731157035972533,0.2,0.2,2.8,0.4,1.0,3.4,nan,nan
n_z-50_init_power-12_theta_0-0.25_lr_td-0.25_lr_ap-0.064_lr_bas-0.016_bound-l1,gated_hebb,l1,0.016,0.064,0.016,0.25,0.016,0.25,30,50,random,12,1800,0,50,False,2,1.0,20.0,0.0,100.0,inf,1.0,2.0,1.5,0.5,0.5,0.15,0,5,nan,5,nan,nan,nan,0.030127780884504317,nan,1.0,0.0,0.32107950150966647,0.08655678718593211,0.11858618026046903,0.8712492049662176,0.42001986823582305,0.2,0.2,2.8,0.0,0.0,0.0,nan,nan
n_z-50_init_power-12_theta_0-0.25_lr_td-0.25_lr_ap-0.064_lr_bas-0.016_bound-soft,gated_hebb,soft,0.016,0.064,0.016,0.25,0.016,0.25,30,50,random,12,1800,0,50,False,2,1.0,20.0,0.0,100.0,inf,1.0,2.0,1.5,0.5,0.5,0.15,0,5,nan,5,nan,nan,nan,0.004873314220458269,nan,1.1608193397521973,3.131427149779786e-36,0.938445782661438,0.08655678750521727,0.0975865280641662,0.8712492059138457,0.8744487130097763,0.2,0.2,2.8,0.4,2.2,6.6,nan,nan
n_z-50_init_power-12_theta_0-0.5_lr_td-0.064_lr_ap-0.016_lr_bas-0.004_bound-l1,gated_hebb,l1,0.004,0.016,0.016,0.064,0.016,0.5,30,50,random,12,1800,0,50,False,2,1.0,20.0,0.0,100.0,inf,1.0,2.0,1.5,0.5,0.5,0.15,0,0,nan,5,nan,nan,0.5206,0.012659167032688856,nan,1.0,2.0728517569068573e-09,0.6095395922660828,0.08655678718593211,0.18046449656001656,0.8712492049662176,0.3961074434680226,0.2,0.2,2.8,0.0,0.0,2.2,0.4480307698249817,0.9983057618141175
n_z-50_init_power-12_theta_0-0.5_lr_td-0.064_lr_ap-0.016_lr_bas-0.004_bound-soft,gated_hebb,soft,0.004,0.016,0.016,0.064,0.016,0.5,30,50,random,12,1800,0,50,False,2,1.0,20.0,0.0,100.0,inf,1.0,2.0,1.5,0.5,0.5,0.15,0,3,nan,5,nan,nan,0.6534833333333333,0.004740765882888809,nan,1.156445288658142,3.088950031119984e-36,0.9428331255912781,0.08655678750521727,0.11206076013652036,0.8712492059138457,0.8754420057220529,0.2,0.2,2.8,0.4,5.4,5.2,0.2666063904762268,0.999589592218399
n_z-50_init_power-12_theta_0-0.5_lr_td-0.064_lr_ap-0.016_lr_bas-0.016_bound-l1,gated_hebb,l1,0.016,0.016,0.016,0.064,0.016,0.5,30,50,random,12,1800,0,50,False,2,1.0,20.0,0.0,100.0,inf,1.0,2.0,1.5,0.5,0.5,0.15,0,1,nan,5,nan,nan,0.5272577551020408,0.019162769708782435,nan,1.0,0.0,0.5312888756394386,0.08655678718593211,0.15683805409933332,0.8712492049662176,0.3647887380972355,0.2,0.2,2.8,0.0,0.0,1.8,0.3917304687201977,0.9956803917884827
n_z-50_init_power-12_theta_0-0.5_lr_td-0.064_lr_ap-0.016_lr_bas-0.016_bound-soft,gated_hebb,soft,0.016,0.016,0.016,0.064,0.016,0.5,30,50,random,12,1800,0,50,False,2,1.0,20.0,0.0,100.0,inf,1.0,2.0,1.5,0.5,0.5,0.15,0,3,nan,5,nan,nan,0.539275,0.011447367072105408,nan,1.3777630805969239,3.0889735631250954e-36,0.9999952673912048,0.08655678750521727,0.10945545758512361,0.8712492059138457,0.8695484688387454,0.2,0.2,2.8,1.8,4.4,11.6,0.2793116867542267,0.9999778866767883
n_z-50_init_power-12_theta_0-0.5_lr_td-0.064_lr_ap-0.064_lr_bas-0.004_bound-l1,gated_hebb,l1,0.004,0.064,0.016,0.064,0.016,0.5,30,50,random,12,1800,0,50,False,2,1.0,20.0,0.0,100.0,inf,1.0,2.0,1.5,0.5,0.5,0.15,0,5,nan,5,nan,nan,nan,0.04110984429717064,nan,1.0,2.715804230463137e-06,0.23960686028003692,0.08655678718593211,0.22403428393374517,0.8712492049662176,0.249365549800549,0.2,0.2,2.8,0.0,0.0,0.0,nan,nan
n_z-50_init_power-12_theta_0-0.5_lr_td-0.064_lr_ap-0.064_lr_bas-0.004_bound-soft,gated_hebb,soft,0.004,0.064,0.016,0.064,0.016,0.5,30,50,random,12,1800,0,50,False,2,1.0,20.0,0.0,100.0,inf,1.0,2.0,1.5,0.5,0.5,0.15,0,5,nan,5,nan,nan,nan,0.007913986127823592,nan,1.2611615419387818,3.184798447270259e-36,0.9936452984809876,0.08655678750521727,0.13202599389567254,0.8712492059138457,0.8762932483302788,0.2,0.2,2.8,1.6,6.0,7.2,nan,nan
n_z-50_init_power-12_theta_0-0.5_lr_td-0.064_lr_ap-0.064_lr_bas-0.016_bound-l1,gated_hebb,l1,0.016,0.064,0.016,0.064,0.016,0.5,30,50,random,12,1800,0,50,False,2,1.0,20.0,0.0,100.0,inf,1.0,2.0,1.5,0.5,0.5,0.15,0,5,nan,5,nan,nan,nan,0.04531247466802597,nan,1.0,0.00021018898391600427,0.10988621562719345,0.08655678718593211,0.12612858197063553,0.8712492049662176,0.339626639534785,0.2,0.2,2.8,0.0,0.0,0.0,nan,nan
n_z-50_init_power-12_theta_0-0.5_lr_td-0.064_lr_ap-0.064_lr_bas-0.016_bound-soft,gated_hebb,soft,0.016,0.064,0.016,0.064,0.016,0.5,30,50,random,12,1800,0,50,False,2,1.0,20.0,0.0,100.0,inf,1.0,2.0,1.5,0.5,0.5,0.15,0,5,nan,5,nan,nan,nan,0.017867926508188248,nan,1.5896414995193482,3.306922111502315e-36,0.9996685028076172,0.08655678750521727,0.1209065033826057,0.8712492059138457,0.8745960315722977,0.2,0.2,2.8,3.2,5.6,17.4,nan,nan
n_z-50_init_power-12_theta_0-0.5_lr_td-0.25_lr_ap-0.016_lr_bas-0.004_bound-l1,gated_hebb,l1,0.004,0.016,0.016,0.25,0.016,0.5,30,50,random,12,1800,0,50,False,2,1.0,20.0,0.0,100.0,inf,1.0,2.0,1.5,0.5,0.5,0.15,0,5,nan,5,nan,nan,nan,0.014170362427830697,nan,1.0,5.689821316323673e-08,0.5267428100109101,0.08655678718593211,0.1240354910943144,0.8712492049662176,0.5033541049761912,0.2,0.2,2.8,0.0,0.0,0.4,nan,nan
n_z-50_init_power-12_theta_0-0.5_lr_td-0.25_lr_ap-0.016_lr_bas-0.004_bound-soft,gated_hebb,soft,0.004,0.016,0.016,0.25,0.016,0.5,30,50,random,12,1800,0,50,False,2,1.0,20.0,0.0,100.0,inf,1.0,2.0,1.5,0.5,0.5,0.15,0,5,nan,5,nan,nan,nan,0.0015570011688396334,nan,1.0513810396194458,3.094696912787348e-36,0.8370534181594849,0.08655678750521727,0.09355195861597673,0.8712492059138457,0.8731789973641261,0.2,0.2,2.8,0.2,1.4,3.4,nan,nan
n_z-50_init_power-12_theta_0-0.5_lr_td-0.25_lr_ap-0.016_lr_bas-0.016_bound-l1,gated_hebb,l1,0.016,0.016,0.016,0.25,0.016,0.5,30,50,random,12,1800,0,50,False,2,1.0,20.0,0.0,100.0,inf,1.0,2.0,1.5,0.5,0.5,0.15,0,5,nan,5,nan,nan,nan,0.03088538274168968,nan,1.0,1.2321847542295927e-09,0.30344550907611845,0.08655678718593211,0.12969307702548633,0.8712492049662176,0.4074560547984623,0.2,0.2,2.8,0.0,0.0,0.0,nan,nan
n_z-50_init_power-12_theta_0-0.5_lr_td-0.25_lr_ap-0.016_lr_bas-0.016_bound-soft,gated_hebb,soft,0.016,0.016,0.016,0.25,0.016,0.5,30,50,random,12,1800,0,50,False,2,1.0,20.0,0.0,100.0,inf,1.0,2.0,1.5,0.5,0.5,0.15,0,5,nan,5,nan,nan,nan,0.005183116067200899,nan,1.171042799949646,3.110303318959055e-36,0.9801663994789124,0.08655678750521727,0.0984953307246891,0.8712492059138457,0.8732922960397882,0.2,0.2,2.8,0.4,2.2,7.2,nan,nan
n_z-50_init_power-12_theta_0-0.5_lr_td-0.25_lr_ap-0.064_lr_bas-0.004_bound-l1,gated_hebb,l1,0.004,0.064,0.016,0.25,0.016,0.5,30,50,random,12,1800,0,50,False,2,1.0,20.0,0.0,100.0,inf,1.0,2.0,1.5,0.5,0.5,0.15,0,5,nan,5,nan,nan,nan,0.012914968468248845,nan,1.0,3.057587694144104e-09,0.538376784324646,0.08655678718593211,0.11627216651844577,0.8712492049662176,0.46813222556429207,0.2,0.2,2.8,0.0,0.0,0.6,nan,nan
n_z-50_init_power-12_theta_0-0.5_lr_td-0.25_lr_ap-0.064_lr_bas-0.004_bound-soft,gated_hebb,soft,0.004,0.064,0.016,0.25,0.016,0.5,30,50,random,12,1800,0,50,False,2,1.0,20.0,0.0,100.0,inf,1.0,2.0,1.5,0.5,0.5,0.15,0,5,nan,5,nan,nan,nan,0.0015328003792092204,nan,1.0505823850631715,3.099115603973349e-36,0.7819355249404907,0.08655678750521727,0.09360833407575002,0.8712492059138457,0.8733805176260008,0.2,0.2,2.8,0.4,1.0,3.6,nan,nan
n_z-50_init_power-12_theta_0-0.5_lr_td-0.25_lr_ap-0.064_lr_bas-0.016_bound-l1,gated_hebb,l1,0.016,0.064,0.016,0.25,0.016,0.5,30,50,random,12,1800,0,50,False,2,1.0,20.0,0.0,100.0,inf,1.0,2.0,1.5,0.5,0.5,0.15,0,5,nan,5,nan,nan,nan,0.03146816194057465,nan,1.0,0.00013214554637670518,0.3174007773399353,0.08655678718593211,0.1314128214540899,0.8712492049662176,0.4536416167129652,0.2,0.2,2.8,0.0,0.0,0.0,nan,nan
n_z-50_init_power-12_theta_0-0.5_lr_td-0.25_lr_ap-0.064_lr_bas-0.016_bound-soft,gated_hebb,soft,0.016,0.064,0.016,0.25,0.016,0.5,30,50,random,12,1800,0,50,False,2,1.0,20.0,0.0,100.0,inf,1.0,2.0,1.5,0.5,0.5,0.15,0,5,nan,5,nan,nan,nan,0.004770688898861408,nan,1.1574326992034911,3.125551684404816e-36,0.9465170741081238,0.08655678750521727,0.09802543017179707,0.8712492059138457,0.8752482213919472,0.2,0.2,2.8,0.6,1.6,6.2,nan,nan
n_z-50_init_power-12_theta_0-1_lr_td-0.064_lr_ap-0.016_lr_bas-0.004_bound-l1,gated_hebb,l1,0.004,0.016,0.016,0.064,0.016,1,30,50,random,12,1800,0,50,False,2,1.0,20.0,0.0,100.0,inf,1.0,2.0,1.5,0.5,0.5,0.15,0,0,nan,5,nan,nan,0.5292699999999999,0.007808373752050101,nan,1.0,0.0,0.6223390460014343,0.08655678718593211,0.13929322905171068,0.8712492049662176,0.5160108906979103,0.2,0.2,2.8,0.0,0.0,2.8,0.33006255328655243,0.9561642646789551
n_z-50_init_power-12_theta_0-1_lr_td-0.064_lr_ap-0.016_lr_bas-0.004_bound-soft,gated_hebb,soft,0.004,0.016,0.016,0.064,0.016,1,30,50,random,12,1800,0,50,False,2,1.0,20.0,0.0,100.0,inf,1.0,2.0,1.5,0.5,0.5,0.15,0,3,nan,5,nan,nan,0.6511598647768002,0.004357724671717733,nan,1.143804907798767,3.0889434380107094e-36,0.9066409945487977,0.08655678750521727,0.10991849652086746,0.8712492059138457,0.874979330392083,0.2,0.2,2.8,0.4,4.8,4.8,0.17151756584644318,0.9077103435993195
n_z-50_init_power-12_theta_0-1_lr_td-0.064_lr_ap-0.016_lr_bas-0.016_bound-l1,gated_hebb,l1,0.016,0.016,0.016,0.064,0.016,1,30,50,random,12,1800,0,50,False,2,1.0,20.0,0.0,100.0,inf,1.0,2.0,1.5,0.5,0.5,0.15,0,0,nan,5,nan,nan,0.52233,0.009374605864286423,nan,1.0,0.0,0.6214978337287903,0.08655678718593211,0.14839806790589477,0.8712492049662176,0.4672722784937472,0.2,0.2,2.8,0.0,0.0,2.4,0.3184253126382828,0.9643677115440369
n_z-50_init_power-12_theta_0-1_lr_td-0.064_lr_ap-0.016_lr_bas-0.016_bound-soft,gated_hebb,soft,0.016,0.016,0.016,0.064,0.016,1,30,50,random,12,1800,0,50,False,2,1.0,20.0,0.0,100.0,inf,1.0,2.0,1.5,0.5,0.5,0.15,0,3,nan,5,nan,nan,0.53925,0.010808434028876945,nan,1.356678318977356,3.088946799725725e-36,0.9708520770072937,0.08655678750521727,0.10402069177769808,0.8712492059138457,0.8743582560607457,0.2,0.2,2.8,1.8,4.2,10.8,0.17567279189825058,0.9718283116817474
n_z-50_init_power-12_theta_0-1_lr_td-0.064_lr_ap-0.064_lr_bas-0.004_bound-l1,gated_hebb,l1,0.004,0.064,0.016,0.064,0.016,1,30,50,random,12,1800,0,50,False,2,1.0,20.0,0.0,100.0,inf,1.0,2.0,1.5,0.5,0.5,0.15,0,4,nan,5,nan,nan,0.5390736842105264,0.04014359712600708,nan,1.0,7.115328010165456e-05,0.269564625620842,0.08655678718593211,0.2200294472997321,0.8712492049662176,0.23384378769448588,0.2,0.2,2.8,0.0,0.0,0.0,1.0,1.0
n_z-50_init_power-12_theta_0-1_lr_td-0.064_lr_ap-0.064_lr_bas-0.004_bound-soft,gated_hebb,soft,0.004,0.064,0.016,0.064,0.016,1,30,50,random,12,1800,0,50,False,2,1.0,20.0,0.0,100.0,inf,1.0,2.0,1.5,0.5,0.5,0.15,0,5,nan,5,nan,nan,nan,0.007519315648823977,nan,1.248137402534485,3.172948269836842e-36,0.9958777666091919,0.08655678750521727,0.12893129551715524,0.8712492059138457,0.8758869078990406,0.2,0.2,2.8,1.0,6.2,6.2,nan,nan
n_z-50_init_power-12_theta_0-1_lr_td-0.064_lr_ap-0.064_lr_bas-0.016_bound-l1,gated_hebb,l1,0.016,0.064,0.016,0.064,0.016,1,30,50,random,12,1800,0,50,False,2,1.0,20.0,0.0,100.0,inf,1.0,2.0,1.5,0.5,0.5,0.15,0,5,nan,5,nan,nan,nan,0.04518244192004204,nan,1.0,6.153057845361686e-05,0.12191631197929383,0.08655678718593211,0.1264176430465469,0.8712492049662176,0.3524634454754548,0.2,0.2,2.8,0.0,0.0,0.0,nan,nan
n_z-50_init_power-12_theta_0-1_lr_td-0.064_lr_ap-0.064_lr_bas-0.016_bound-soft,gated_hebb,soft,0.016,0.064,0.016,0.064,0.016,1,30,50,random,12,1800,0,50,False,2,1.0,20.0,0.0,100.0,inf,1.0,2.0,1.5,0.5,0.5,0.15,0,5,nan,5,nan,nan,nan,0.018498929031193257,nan,1.6104646444320678,3.255136427785517e-36,0.999944531917572,0.08655678750521727,0.12178255147980868,0.8712492059138457,0.872478841312571,0.2,0.2,2.8,3.2,6.2,18.6,nan,nan
n_z-50_init_power-12_theta_0-1_lr_td-0.25_lr_ap-0.016_lr_bas-0.004_bound-l1,gated_hebb,l1,0.004,0.016,0.016,0.25,0.016,1,30,50,random,12,1800,0,50,False,2,1.0,20.0,0.0,100.0,inf,1.0,2.0,1.5,0.5,0.5,0.15,0,5,nan,5,nan,nan,0.5376315789473683,0.013744978979229928,nan,1.0,0.0,0.5207295715808868,0.08655678718593211,0.11917190589599284,0.8712492049662176,0.4831122826692602,0.2,0.2,2.8,0.0,0.0,0.4,nan,nan
n_z-50_init_power-12_theta_0-1_lr_td-0.25_lr_ap-0.016_lr_bas-0.004_bound-soft,gated_hebb,soft,0.004,0.016,0.016,0.25,0.016,1,30,50,random,12,1800,0,50,False,2,1.0,20.0,0.0,100.0,inf,1.0,2.0,1.5,0.5,0.5,0.15,0,5,nan,5,nan,nan,nan,0.0015232889680191874,nan,1.050268578529358,3.1237350108076185e-36,0.8400426030158996,0.08655678750521727,0.0931506548316544,0.8712492059138457,0.8729758881902052,0.2,0.2,2.8,0.2,1.2,3.4,nan,nan
n_z-50_init_power-12_theta_0-1_lr_td-0.25_lr_ap-0.016_lr_bas-0.016_bound-l1,gated_hebb,l1,0.016,0.016,0.016,0.25,0.016,1,30,50,random,12,1800,0,50,False,2,1.0,20.0,0.0,100.0,inf,1.0,2.0,1.5,0.5,0.5,0.15,0,5,nan,5,nan,nan,0.5325581395348837,0.029060405492782593,nan,1.0,5.883512203581631e-05,0.34272587299346924,0.08655678718593211,0.12270680053172449,0.8712492049662176,0.531467003331954,0.2,0.2,2.8,0.0,0.0,0.0,nan,nan
n_z-50_init_power-12_theta_0-1_lr_td-0.25_lr_ap-0.016_lr_bas-0.016_bound-soft,gated_hebb,soft,0.016,0.016,0.016,0.25,0.016,1,30,50,random,12,1800,0,50,False,2,1.0,20.0,0.0,100.0,inf,1.0,2.0,1.5,0.5,0.5,0.15,0,5,nan,5,nan,nan,nan,0.004679988976567984,nan,1.1544395685195923,3.11786795714707e-36,0.9843054056167603,0.08655678750521727,0.09730734693390039,0.8712492059138457,0.8739915488665966,0.2,0.2,2.8,0.2,2.0,6.0,nan,nan
n_z-50_init_power-12_theta_0-1_lr_td-0.25_lr_ap-0.064_lr_bas-0.004_bound-l1,gated_hebb,l1,0.004,0.064,0.016,0.25,0.016,1,30,50,random,12,1800,0,50,False,2,1.0,20.0,0.0,100.0,inf,1.0,2.0,1.5,0.5,0.5,0.15,0,5,nan,5,nan,nan,nan,0.013547461479902267,nan,1.0,0.0,0.5148954212665557,0.08655678718593211,0.12185783672106451,0.8712492049662176,0.5250183599301185,0.2,0.2,2.8,0.0,0.0,0.6,nan,nan
n_z-50_init_power-12_theta_0-1_lr_td-0.25_lr_ap-0.064_lr_bas-0.004_bound-soft,gated_hebb,soft,0.004,0.064,0.016,0.25,0.016,1,30,50,random,12,1800,0,50,False,2,1.0,20.0,0.0,100.0,inf,1.0,2.0,1.5,0.5,0.5,0.15,0,5,nan,5,nan,nan,nan,0.0014901456888765097,nan,1.0491747856140137,3.132929775575547e-36,0.791382122039795,0.08655678750521727,0.09377500695172285,0.8712492059138457,0.8731786661311371,0.2,0.2,2.8,0.4,1.2,3.6,nan,nan
n_z-50_init_power-12_theta_0-1_lr_td-0.25_lr_ap-0.064_lr_bas-0.016_bound-l1,gated_hebb,l1,0.016,0.064,0.016,0.25,0.016,1,30,50,random,12,1800,0,50,False,2,1.0,20.0,0.0,100.0,inf,1.0,2.0,1.5,0.5,0.5,0.15,0,5,nan,5,nan,nan,nan,0.03098706156015396,nan,1.0,2.4232467694673687e-05,0.3085853397846222,0.08655678718593211,0.125024342168559,0.8712492049662176,0.5097103133997074,0.2,0.2,2.8,0.0,0.0,0.0,nan,nan
n_z-50_init_power-12_theta_0-1_lr_td-0.25_lr_ap-0.064_lr_bas-0.016_bound-soft,gated_hebb,soft,0.016,0.064,0.016,0.25,0.016,1,30,50,random,12,1800,0,50,False,2,1.0,20.0,0.0,100.0,inf,1.0,2.0,1.5,0.5,0.5,0.15,0,5,nan,5,nan,nan,nan,0.004977187793701887,nan,1.1642471551895142,3.250566691198566e-36,0.9562454104423523,0.08655678750521727,0.09771572681987142,0.8712492059138457,0.8753331759984994,0.2,0.2,2.8,0.4,2.2,7.4,nan,nan
n_z-50_init_power-6_theta_0-0.25_lr_td-0.064_lr_ap-0.016_lr_bas-0.004_bound-l1,gated_hebb,l1,0.004,0.016,0.016,0.064,0.016,0.25,30,50,random,6,1800,0,50,False,2,1.0,20.0,0.0,100.0,inf,1.0,2.0,1.5,0.5,0.5,0.15,0,0,nan,5,nan,nan,0.5196,0.004671542861979105,nan,1.0,8.528106718586059e-08,0.40978474617004396,0.08871782905486524,0.12867006663569902,0.7972005362351582,0.6098946568100125,0.0,0.0,0.0,0.0,0.0,0.0,0.29328449368476867,0.700760567188263
n_z-50_init_power-6_theta_0-0.25_lr_td-0.064_lr_ap-0.016_lr_bas-0.004_bound-soft,gated_hebb,soft,0.004,0.016,0.016,0.064,0.016,0.25,30,50,random,6,1800,0,50,False,2,1.0,20.0,0.0,100.0,inf,1.0,2.0,1.5,0.5,0.5,0.15,0,0,nan,5,nan,nan,0.5197299999999999,0.00040248493492072156,nan,1.0132819652557372,2.47886273877433e-19,0.4921064853668213,0.08871782861769752,0.09439001191743271,0.7972005362450185,0.7999853022031342,0.0,0.0,0.0,0.0,0.4,0.0,0.2723656862974167,0.6898607015609741
n_z-50_init_power-6_theta_0-0.25_lr_td-0.064_lr_ap-0.016_lr_bas-0.016_bound-l1,gated_hebb,l1,0.016,0.016,0.016,0.064,0.016,0.25,30,50,random,6,1800,0,50,False,2,1.0,20.0,0.0,100.0,inf,1.0,2.0,1.5,0.5,0.5,0.15,0,0,nan,5,nan,nan,0.52046,0.011071893884218299,nan,1.0,9.933639066872502e-08,0.41783121824264524,0.08871782905486524,0.18643065674637332,0.7972005362351582,0.5521528287605735,0.0,0.0,0.0,0.0,0.0,0.0,0.3432878881692886,0.7105596363544464
n_z-50_init_power-6_theta_0-0.25_lr_td-0.064_lr_ap-0.016_lr_bas-0.016_bound-soft,gated_hebb,soft,0.016,0.016,0.016,0.064,0.016,0.25,30,50,random,6,1800,0,50,False,2,1.0,20.0,0.0,100.0,inf,1.0,2.0,1.5,0.5,0.5,0.15,0,1,nan,5,nan,nan,0.5190659064327485,0.0039870517381132235,nan,1.131572675704956,2.4788785390446386e-19,0.7332569777965545,0.08871782861769752,0.10989509788789276,0.7972005362450185,0.8071951629316942,0.0,0.0,0.0,0.0,3.2,0.0,0.23581622540950775,0.6386118307709694
n_z-50_init_power-6_theta_0-0.25_lr_td-0.064_lr_ap-0.064_lr_bas-0.004_bound-l1,gated_hebb,l1,0.004,0.064,0.016,0.064,0.016,0.25,30,50,random,6,1800,0,50,False,2,1.0,20.0,0.0,100.0,inf,1.0,2.0,1.5,0.5,0.5,0.15,0,5,nan,5,nan,nan,0.5569117647058823,0.03689546659588814,nan,1.0,0.00027255317321532856,0.18320748209953308,0.08871782905486524,0.2359764500626774,0.7972005362351582,0.23275372098252162,0.0,0.0,0.0,0.0,0.0,0.0,nan,nan
n_z-50_init_power-6_theta_0-0.25_lr_td-0.064_lr_ap-0.064_lr_bas-0.004_bound-soft,gated_hebb,soft,0.004,0.064,0.016,0.064,0.016,0.25,30,50,random,6,1800,0,50,False,2,1.0,20.0,0.0,100.0,inf,1.0,2.0,1.5,0.5,0.5,0.15,0,4,nan,5,nan,nan,0.5334604651162791,0.009197529777884484,nan,1.3035184860229492,2.5456829923083576e-19,0.9717570900917053,0.08871782861769752,0.16007321599787688,0.7972005362450185,0.820170800767418,0.0,0.0,0.0,0.4,8.2,0.4,1.0,1.0
n_z-50_init_power-6_theta_0-0.25_lr_td-0.064_lr_ap-0.064_lr_bas-0.016_bound-l1,gated_hebb,l1,0.016,0.064,0.016,0.064,0.016,0.25,30,50,random,6,1800,0,50,False,2,1.0,20.0,0.0,100.0,inf,1.0,2.0,1.5,0.5,0.5,0.15,0,5,nan,5,nan,nan,nan,0.03883558958768844,nan,1.0,2.8613214361924856e-05,0.09388474673032761,0.08871782905486524,0.11755047836063519,0.7972005362351582,0.3820546050297174,0.0,0.0,0.0,0.0,0.0,0.0,nan,nan
n_z-50_init_power-6_theta_0-0.25_lr_td-0.064_lr_ap-0.064_lr_bas-0.016_bound-soft,gated_hebb,soft,0.016,0.064,0.016,0.064,0.016,0.25,30,50,random,6,1800,0,50,False,2,1.0,20.0,0.0,100.0,inf,1.0,2.0,1.5,0.5,0.5,0.15,0,5,nan,5,nan,nan,nan,0.018826880119740964,nan,1.6212870836257935,2.526576657186273e-19,0.9997924089431762,0.08871782861769752,0.1656394151708836,0.7972005362450185,0.818576201603195,0.0,0.0,0.0,2.8,9.0,2.8,nan,nan
n_z-50_init_power-6_theta_0-0.25_lr_td-0.25_lr_ap-0.016_lr_bas-0.004_bound-l1,gated_hebb,l1,0.004,0.016,0.016,0.25,0.016,0.25,30,50,random,6,1800,0,50,False,2,1.0,20.0,0.0,100.0,inf,1.0,2.0,1.5,0.5,0.5,0.15,0,5,nan,5,nan,nan,nan,0.014106081426143646,nan,1.0,3.7463676321181084e-07,0.3477072775363922,0.08871782905486524,0.14313531102459914,0.7972005362351582,0.4657732777227224,0.0,0.0,0.0,0.0,0.0,0.0,nan,nan
n_z-50_init_power-6_theta_0-0.25_lr_td-0.25_lr_ap-0.016_lr_bas-0.004_bound-soft,gated_hebb,soft,0.004,0.016,0.016,0.25,0.016,0.25,30,50,random,6,1800,0,50,False,2,1.0,20.0,0.0,100.0,inf,1.0,2.0,1.5,0.5,0.5,0.15,0,5,nan,5,nan,nan,nan,0.0018022481817752123,nan,1.059474229812622,2.498941707197018e-19,0.7269980788230896,0.08871782861769752,0.10345974083737794,0.7972005362450185,0.8033161611660985,0.0,0.0,0.0,0.0,1.0,0.0,nan,nan
n_z-50_init_power-6_theta_0-0.25_lr_td-0.25_lr_ap-0.016_lr_bas-0.016_bound-l1,gated_hebb,l1,0.016,0.016,0.016,0.25,0.016,0.25,30,50,random,6,1800,0,50,False,2,1.0,20.0,0.0,100.0,inf,1.0,2.0,1.5,0.5,0.5,0.15,0,5,nan,5,nan,nan,nan,0.028749606758356094,nan,1.0,1.609276183422992e-08,0.180669903755188,0.08871782905486524,0.13570663675334244,0.7972005362351582,0.3891519817081878,0.0,0.0,0.0,0.0,0.0,0.0,nan,nan
n_z-50_init_power-6_theta_0-0.25_lr_td-0.25_lr_ap-0.016_lr_bas-0.016_bound-soft,gated_hebb,soft,0.016,0.016,0.016,0.25,0.016,0.25,30,50,random,6,1800,0,50,False,2,1.0,20.0,0.0,100.0,inf,1.0,2.0,1.5,0.5,0.5,0.15,0,5,nan,5,nan,nan,nan,0.004441442806273699,nan,1.1465676546096801,2.6258726118132643e-19,0.9654532432556152,0.08871782861769752,0.10523989197717305,0.7972005362450185,0.8043255654473749,0.0,0.0,0.0,0.0,1.6,0.2,nan,nan
n_z-50_init_power-6_theta_0-0.25_lr_td-0.25_lr_ap-0.064_lr_bas-0.004_bound-l1,gated_hebb,l1,0.004,0.064,0.016,0.25,0.016,0.25,30,50,random,6,1800,0,50,False,2,1.0,20.0,0.0,100.0,inf,1.0,2.0,1.5,0.5,0.5,0.15,0,5,nan,5,nan,nan,nan,0.013683911599218845,nan,1.0,2.7829806086288046e-07,0.3126450479030609,0.08871782905486524,0.14234765963594534,0.7972005362351582,0.40451395952584707,0.0,0.0,0.0,0.0,0.0,0.0,nan,nan
n_z-50_init_power-6_theta_0-0.25_lr_td-0.25_lr_ap-0.064_lr_bas-0.004_bound-soft,gated_hebb,soft,0.004,0.064,0.016,0.25,0.016,0.25,30,50,random,6,1800,0,50,False,2,1.0,20.0,0.0,100.0,inf,1.0,2.0,1.5,0.5,0.5,0.15,0,5,nan,5,nan,nan,nan,0.001507364516146481,nan,1.0497429847717286,2.5007734421018816e-19,0.4765300631523132,0.08871782861769752,0.09992868814042506,0.7972005362450185,0.802031174916587,0.0,0.0,0.0,0.0,0.4,0.0,nan,nan
n_z-50_init_power-6_theta_0-0.25_lr_td-0.25_lr_ap-0.064_lr_bas-0.016_bound-l1,gated_hebb,l1,0.016,0.064,0.016,0.25,0.016,0.25,30,50,random,6,1800,0,50,False,2,1.0,20.0,0.0,100.0,inf,1.0,2.0,1.5,0.5,0.5,0.15,0,5,nan,5,nan,nan,nan,0.028054553270339965,nan,1.0,9.196012965588807e-05,0.19872029423713683,0.08871782905486524,0.1401566783514696,0.7972005362351582,0.42961660410684255,0.0,0.0,0.0,0.0,0.0,0.0,nan,nan
n_z-50_init_power-6_theta_0-0.25_lr_td-0.25_lr_ap-0.064_lr_bas-0.016_bound-soft,gated_hebb,soft,0.016,0.064,0.016,0.25,0.016,0.25,30,50,random,6,1800,0,50,False,2,1.0,20.0,0.0,100.0,inf,1.0,2.0,1.5,0.5,0.5,0.15,0,5,nan,5,nan,nan,nan,0.004648777889087796,nan,1.1534096479415894,2.5636050589260638e-19,0.849224865436554,0.08871782861769752,0.11046641862968312,0.7972005362450185,0.8056943952398713,0.0,0.0,0.0,0.0,2.2,0.2,nan,nan
n_z-50_init_power-6_theta_0-0.5_lr_td-0.064_lr_ap-0.016_lr_bas-0.004_bound-l1,gated_hebb,l1,0.004,0.016,0.016,0.064,0.016,0.5,30,50,random,6,1800,0,50,False,2,1.0,20.0,0.0,100.0,inf,1.0,2.0,1.5,0.5,0.5,0.15,0,0,nan,5,nan,nan,0.5199499999999999,0.0023446455346856966,nan,1.0,2.1835052362029207e-08,0.40622047781944276,0.08871782905486524,0.10764932170595862,0.7972005362351582,0.6674383506765583,0.0,0.0,0.0,0.0,0.0,0.0,0.22604164779186248,0.6242441177368164
n_z-50_init_power-6_theta_0-0.5_lr_td-0.064_lr_ap-0.016_lr_bas-0.004_bound-soft,gated_hebb,soft,0.004,0.016,0.016,0.064,0.016,0.5,30,50,random,6,1800,0,50,False,2,1.0,20.0,0.0,100.0,inf,1.0,2.0,1.5,0.5,0.5,0.15,0,0,nan,5,nan,nan,0.5179499999999999,0.00019449617808504628,nan,1.0064183712005614,2.478862441515924e-19,0.44146803617477415,0.08871782861769752,0.09136451724489647,0.7972005362450185,0.7984504649626107,0.0,0.0,0.0,0.0,0.2,0.0,0.21505140364170075,0.6082902312278747
n_z-50_init_power-6_theta_0-0.5_lr_td-0.064_lr_ap-0.016_lr_bas-0.016_bound-l1,gated_hebb,l1,0.016,0.016,0.016,0.064,0.016,0.5,30,50,random,6,1800,0,50,False,2,1.0,20.0,0.0,100.0,inf,1.0,2.0,1.5,0.5,0.5,0.15,0,0,nan,5,nan,nan,0.5196099999999999,0.006656270896201022,nan,1.0,4.478919279904403e-08,0.4206789493560791,0.08871782905486524,0.1461431191521294,0.7972005362351582,0.6004410003113946,0.0,0.0,0.0,0.0,0.0,0.0,0.2618383526802063,0.6725637733936309
n_z-50_init_power-6_theta_0-0.5_lr_td-0.064_lr_ap-0.016_lr_bas-0.016_bound-soft,gated_hebb,soft,0.016,0.016,0.016,0.064,0.016,0.5,30,50,random,6,1800,0,50,False,2,1.0,20.0,0.0,100.0,inf,1.0,2.0,1.5,0.5,0.5,0.15,0,0,nan,5,nan,nan,0.52174,0.0015590218487886887,nan,1.0514477014541626,2.478867836928113e-19,0.6313687443733216,0.08871782861769752,0.10137264733632416,0.7972005362450185,0.8030554488395525,0.0,0.0,0.0,0.0,1.8,0.0,0.34419135451316835,0.6464975655078888
n_z-50_init_power-6_theta_0-0.5_lr_td-0.064_lr_ap-0.064_lr_bas-0.004_bound-l1,gated_hebb,l1,0.004,0.064,0.016,0.064,0.016,0.5,30,50,random,6,1800,0,50,False,2,1.0,20.0,0.0,100.0,inf,1.0,2.0,1.5,0.5,0.5,0.15,0,5,nan,5,nan,nan,0.5404096145640733,0.03727839440107346,nan,1.0,0.00035672655468506066,0.19656869471073152,0.08871782905486524,0.24130473266775848,0.7972005362351582,0.27658332278310527,0.0,0.0,0.0,0.0,0.0,0.0,nan,nan
n_z-50_init_power-6_theta_0-0.5_lr_td-0.064_lr_ap-0.064_lr_bas-0.004_bound-soft,gated_hebb,soft,0.004,0.064,0.016,0.064,0.016,0.5,30,50,random,6,1800,0,50,False,2,1.0,20.0,0.0,100.0,inf,1.0,2.0,1.5,0.5,0.5,0.15,0,3,nan,5,nan,nan,0.49433333333333335,0.00833796737715602,nan,1.2751529693603516,2.4999889080537115e-19,0.9590292096138,0.08871782861769752,0.1578374793759308,0.7972005362450185,0.820237820817416,0.0,0.0,0.0,0.2,8.4,0.2,0.984941303730011,1.0
n_z-50_init_power-6_theta_0-0.5_lr_td-0.064_lr_ap-0.064_lr_bas-0.016_bound-l1,gated_hebb,l1,0.016,0.064,0.016,0.064,0.016,0.5,30,50,random,6,1800,0,50,False,2,1.0,20.0,0.0,100.0,inf,1.0,2.0,1.5,0.5,0.5,0.15,0,5,nan,5,nan,nan,nan,0.038659358769655226,nan,1.0,1.8782622396715808e-05,0.09805043488740921,0.08871782905486524,0.12765387420520105,0.7972005362351582,0.24911149231386176,0.0,0.0,0.0,0.0,0.0,0.0,nan,nan
n_z-50_init_power-6_theta_0-0.5_lr_td-0.064_lr_ap-0.064_lr_bas-0.016_bound-soft,gated_hebb,soft,0.016,0.064,0.016,0.064,0.016,0.5,30,50,random,6,1800,0,50,False,2,1.0,20.0,0.0,100.0,inf,1.0,2.0,1.5,0.5,0.5,0.15,0,5,nan,5,nan,nan,0.4985714285714286,0.01842520125210285,nan,1.60803165435791,2.7636481869847737e-19,0.9997329115867615,0.08871782861769752,0.15867327225983385,0.7972005362450185,0.8140274468763866,0.0,0.0,0.0,2.4,8.6,2.4,nan,nan
n_z-50_init_power-6_theta_0-0.5_lr_td-0.25_lr_ap-0.016_lr_bas-0.004_bound-l1,gated_hebb,l1,0.004,0.016,0.016,0.25,0.016,0.5,30,50,random,6,1800,0,50,False,2,1.0,20.0,0.0,100.0,inf,1.0,2.0,1.5,0.5,0.5,0.15,0,5,nan,5,nan,nan,nan,0.01398401651531458,nan,1.0,5.5803539407151e-07,0.3125727117061615,0.08871782905486524,0.14479172217144431,0.7972005362351582,0.43490058200151804,0.0,0.0,0.0,0.0,0.0,0.0,nan,nan
n_z-50_init_power-6_theta_0-0.5_lr_td-0.25_lr_ap-0.016_lr_bas-0.004_bound-soft,gated_hebb,soft,0.004,0.016,0.016,0.25,0.016,0.5,30,50,random,6,1800,0,50,False,2,1.0,20.0,0.0,100.0,inf,1.0,2.0,1.5,0.5,0.5,0.15,0,5,nan,5,nan,nan,nan,0.001754651847295463,nan,1.0579035043716432,2.561727302380651e-19,0.7415400505065918,0.08871782861769752,0.10304179316330593,0.7972005362450185,0.8030164111042681,0.0,0.0,0.0,0.0,1.0,0.0,nan,nan
n_z-50_init_power-6_theta_0-0.5_lr_td-0.25_lr_ap-0.016_lr_bas-0.016_bound-l1,gated_hebb,l1,0.016,0.016,0.016,0.25,0.016,0.5,30,50,random,6,1800,0,50,False,2,1.0,20.0,0.0,100.0,inf,1.0,2.0,1.5,0.5,0.5,0.15,0,5,nan,5,nan,nan,nan,0.027869341522455217,nan,1.0,1.333511004020238e-06,0.21761496663093566,0.08871782905486524,0.14898746706562288,0.7972005362351582,0.38771446763721334,0.0,0.0,0.0,0.0,0.0,0.0,nan,nan
n_z-50_init_power-6_theta_0-0.5_lr_td-0.25_lr_ap-0.016_lr_bas-0.016_bound-soft,gated_hebb,soft,0.016,0.016,0.016,0.25,0.016,0.5,30,50,random,6,1800,0,50,False,2,1.0,20.0,0.0,100.0,inf,1.0,2.0,1.5,0.5,0.5,0.15,0,5,nan,5,nan,nan,nan,0.00423937444575131,nan,1.1398993492126466,2.4851785972947563e-19,0.9833892941474914,0.08871782861769752,0.10465229689502313,0.7972005362450185,0.8037131493897594,0.0,0.0,0.0,0.0,1.8,0.2,nan,nan
n_z-50_init_power-6_theta_0-0.5_lr_td-0.25_lr_ap-0.064_lr_bas-0.004_bound-l1,gated_hebb,l1,0.004,0.064,0.016,0.25,0.016,0.5,30,50,random,6,1800,0,50,False,2,1.0,20.0,0.0,100.0,inf,1.0,2.0,1.5,0.5,0.5,0.15,0,5,nan,5,nan,nan,nan,0.01323426105082035,nan,1.0,1.372525169074379e-07,0.326209568977356,0.08871782905486524,0.14552912230315734,0.7972005362351582,0.44233964663348296,0.0,0.0,0.0,0.0,0.0,0.0,nan,nan
n_z-50_init_power-6_theta_0-0.5_lr_td-0.25_lr_ap-0.064_lr_bas-0.004_bound-soft,gated_hebb,soft,0.004,0.064,0.016,0.25,0.016,0.5,30,50,random,6,1800,0,50,False,2,1.0,20.0,0.0,100.0,inf,1.0,2.0,1.5,0.5,0.5,0.15,0,5,nan,5,nan,nan,nan,0.0015809810487553478,nan,1.0521724224090576,2.499739087315581e-19,0.5015640318393707,0.08871782861769752,0.10113735137019224,0.7972005362450185,0.8028908535350455,0.0,0.0,0.0,0.0,0.4,0.0,nan,nan
n_z-50_init_power-6_theta_0-0.5_lr_td-0.25_lr_ap-0.064_lr_bas-0.016_bound-l1,gated_hebb,l1,0.016,0.064,0.016,0.25,0.016,0.5,30,50,random,6,1800,0,50,False,2,1.0,20.0,0.0,100.0,inf,1.0,2.0,1.5,0.5,0.5,0.15,0,5,nan,5,nan,nan,nan,0.02748977057635784,nan,1.0,1.594757321754514e-08,0.22236619591712953,0.08871782905486524,0.14560831355512796,0.7972005362351582,0.4580237744689007,0.0,0.0,0.0,0.0,0.0,0.0,nan,nan
n_z-50_init_power-6_theta_0-0.5_lr_td-0.25_lr_ap-0.064_lr_bas-0.016_bound-soft,gated_hebb,soft,0.016,0.064,0.016,0.25,0.016,0.5,30,50,random,6,1800,0,50,False,2,1.0,20.0,0.0,100.0,inf,1.0,2.0,1.5,0.5,0.5,0.15,0,5,nan,5,nan,nan,nan,0.004745057225227356,nan,1.1565868616104127,2.51172935849608e-19,0.8727230787277221,0.08871782861769752,0.11093707307387249,0.7972005362450185,0.8051839773422749,0.0,0.0,0.0,0.0,2.0,0.2,nan,nan
n_z-50_init_power-6_theta_0-1_lr_td-0.064_lr_ap-0.016_lr_bas-0.004_bound-l1,gated_hebb,l1,0.004,0.016,0.016,0.064,0.016,1,30,50,random,6,1800,0,50,False,2,1.0,20.0,0.0,100.0,inf,1.0,2.0,1.5,0.5,0.5,0.15,0,0,nan,5,nan,nan,0.52045,0.0004122579387512815,nan,1.0,1.1991639625730243e-11,0.39194250106811523,0.08871782905486524,0.0911139745952877,0.7972005362351582,0.7415800437503308,0.0,0.0,0.0,0.0,0.0,0.0,0.14564326256513596,0.4342567175626755
n_z-50_init_power-6_theta_0-1_lr_td-0.064_lr_ap-0.016_lr_bas-0.004_bound-soft,gated_hebb,soft,0.004,0.016,0.016,0.064,0.016,1,30,50,random,6,1800,0,50,False,2,1.0,20.0,0.0,100.0,inf,1.0,2.0,1.5,0.5,0.5,0.15,0,0,nan,5,nan,nan,0.51945,4.349107150574128e-05,nan,1.0014352083206177,2.4788615644397973e-19,0.3780240833759308,0.08871782861769752,0.08926923367074736,0.7972005362450185,0.7972880303205226,0.0,0.0,0.0,0.0,0.0,0.0,0.14337174147367476,0.4323438674211502
n_z-50_init_power-6_theta_0-1_lr_td-0.064_lr_ap-0.016_lr_bas-0.016_bound-l1,gated_hebb,l1,0.016,0.016,0.016,0.064,0.016,1,30,50,random,6,1800,0,50,False,2,1.0,20.0,0.0,100.0,inf,1.0,2.0,1.5,0.5,0.5,0.15,0,0,nan,5,nan,nan,0.51861,0.0010300053909304552,nan,1.0,0.0,0.39386785626411436,0.08871782905486524,0.09605503226096197,0.7972005362351582,0.7094749970777765,0.0,0.0,0.0,0.0,0.0,0.0,0.1479956328868866,0.4420057624578476
n_z-50_init_power-6_theta_0-1_lr_td-0.064_lr_ap-0.016_lr_bas-0.016_bound-soft,gated_hebb,soft,0.016,0.016,0.016,0.064,0.016,1,30,50,random,6,1800,0,50,False,2,1.0,20.0,0.0,100.0,inf,1.0,2.0,1.5,0.5,0.5,0.15,0,0,nan,5,nan,nan,0.51937,0.00022740030476597894,nan,1.0075042486190795,2.4788634672376407e-19,0.50315021276474,0.08871782861769752,0.09066512709118904,0.7972005362450185,0.7976989824730157,0.0,0.0,0.0,0.0,0.2,0.0,0.1458844795823097,0.436238095164299
n_z-50_init_power-6_theta_0-1_lr_td-0.064_lr_ap-0.064_lr_bas-0.004_bound-l1,gated_hebb,l1,0.004,0.064,0.016,0.064,0.016,1,30,50,random,6,1800,0,50,False,2,1.0,20.0,0.0,100.0,inf,1.0,2.0,1.5,0.5,0.5,0.15,0,3,nan,5,nan,nan,0.5255936813601284,0.03045170698314905,nan,1.0,1.3795542446137788e-05,0.2581659436225891,0.08871782905486524,0.24967891539639658,0.7972005362351582,0.3058144454455597,0.0,0.0,0.0,0.0,0.0,0.0,0.7866537272930145,0.9999999403953552
n_z-50_init_power-6_theta_0-1_lr_td-0.064_lr_ap-0.064_lr_bas-0.004_bound-soft,gated_hebb,soft,0.004,0.064,0.016,0.064,0.016,1,30,50,random,6,1800,0,50,False,2,1.0,20.0,0.0,100.0,inf,1.0,2.0,1.5,0.5,0.5,0.15,0,3,nan,5,nan,nan,0.5067991940254364,0.005991756287403405,nan,1.1977279663085938,2.4789405373278715e-19,0.8277423918247223,0.08871782861769752,0.13741924820281032,0.7972005362450185,0.8170895395761659,0.0,0.0,0.0,0.0,5.6,0.0,0.7436024248600006,0.9999999403953552
n_z-50_init_power-6_theta_0-1_lr_td-0.064_lr_ap-0.064_lr_bas-0.016_bound-l1,gated_hebb,l1,0.016,0.064,0.016,0.064,0.016,1,30,50,random,6,1800,0,50,False,2,1.0,20.0,0.0,100.0,inf,1.0,2.0,1.5,0.5,0.5,0.15,0,4,nan,5,nan,nan,0.5347916666666668,0.03674427680671215,nan,1.0,3.148184914607555e-05,0.1629704713821411,0.08871782905486524,0.1692226574779471,0.7972005362351582,0.2981471862048576,0.0,0.0,0.0,0.0,0.0,0.0,0.7123570442199707,0.9999999403953552
n_z-50_init_power-6_theta_0-1_lr_td-0.064_lr_ap-0.064_lr_bas-0.016_bound-soft,gated_hebb,soft,0.016,0.064,0.016,0.064,0.016,1,30,50,random,6,1800,0,50,False,2,1.0,20.0,0.0,100.0,inf,1.0,2.0,1.5,0.5,0.5,0.15,0,5,nan,5,nan,nan,0.5393968667214761,0.017540244944393636,nan,1.5788280963897705,2.5443726934967966e-19,0.999222195148468,0.08871782861769752,0.1453378350591502,0.7972005362450185,0.8105982486714025,0.0,0.0,0.0,2.8,6.6,2.8,nan,nan
n_z-50_init_power-6_theta_0-1_lr_td-0.25_lr_ap-0.016_lr_bas-0.004_bound-l1,gated_hebb,l1,0.004,0.016,0.016,0.25,0.016,1,30,50,random,6,1800,0,50,False,2,1.0,20.0,0.0,100.0,inf,1.0,2.0,1.5,0.5,0.5,0.15,0,5,nan,5,nan,nan,0.5255306905370845,0.013413194380700589,nan,1.0,7.882753152443911e-08,0.34020299315452573,0.08871782905486524,0.14232442270978657,0.7972005362351582,0.46000271190243003,0.0,0.0,0.0,0.0,0.0,0.0,nan,nan
n_z-50_init_power-6_theta_0-1_lr_td-0.25_lr_ap-0.016_lr_bas-0.004_bound-soft,gated_hebb,soft,0.004,0.016,0.016,0.25,0.016,1,30,50,random,6,1800,0,50,False,2,1.0,20.0,0.0,100.0,inf,1.0,2.0,1.5,0.5,0.5,0.15,0,5,nan,5,nan,nan,0.5419675324675325,0.0016847206745296717,nan,1.0555957078933715,2.519080234918742e-19,0.7587450504302978,0.08871782861769752,0.10179005033859449,0.7972005362450185,0.8027512573655695,0.0,0.0,0.0,0.0,0.8,0.0,nan,nan
n_z-50_init_power-6_theta_0-1_lr_td-0.25_lr_ap-0.016_lr_bas-0.016_bound-l1,gated_hebb,l1,0.016,0.016,0.016,0.25,0.016,1,30,50,random,6,1800,0,50,False,2,1.0,20.0,0.0,100.0,inf,1.0,2.0,1.5,0.5,0.5,0.15,0,5,nan,5,nan,nan,nan,0.026684968546032906,nan,1.0,7.825029985086829e-10,0.22220827639102936,0.08871782905486524,0.14187675621199972,0.7972005362351582,0.4143583194308517,0.0,0.0,0.0,0.0,0.0,0.0,nan,nan
n_z-50_init_power-6_theta_0-1_lr_td-0.25_lr_ap-0.016_lr_bas-0.016_bound-soft,gated_hebb,soft,0.016,0.016,0.016,0.25,0.016,1,30,50,random,6,1800,0,50,False,2,1.0,20.0,0.0,100.0,inf,1.0,2.0,1.5,0.5,0.5,0.15,0,5,nan,5,nan,nan,nan,0.0040291639976203445,nan,1.1329623937606812,2.5177495983388486e-19,0.9908683657646179,0.08871782861769752,0.10311036563089167,0.7972005362450185,0.8028105013377618,0.0,0.0,0.0,0.0,1.4,0.2,nan,nan
n_z-50_init_power-6_theta_0-1_lr_td-0.25_lr_ap-0.064_lr_bas-0.004_bound-l1,gated_hebb,l1,0.004,0.064,0.016,0.25,0.016,1,30,50,random,6,1800,0,50,False,2,1.0,20.0,0.0,100.0,inf,1.0,2.0,1.5,0.5,0.5,0.15,0,5,nan,5,nan,nan,nan,0.013269822299480438,nan,1.0,6.444092504054311e-09,0.33927915096282957,0.08871782905486524,0.13728760051623012,0.7972005362351582,0.45505092209902964,0.0,0.0,0.0,0.0,0.0,0.0,nan,nan
n_z-50_init_power-6_theta_0-1_lr_td-0.25_lr_ap-0.064_lr_bas-0.004_bound-soft,gated_hebb,soft,0.004,0.064,0.016,0.25,0.016,1,30,50,random,6,1800,0,50,False,2,1.0,20.0,0.0,100.0,inf,1.0,2.0,1.5,0.5,0.5,0.15,0,5,nan,5,nan,nan,nan,0.001604261389002204,nan,1.0529406070709229,2.5080428853716403e-19,0.5601653218269348,0.08871782861769752,0.10208031327489034,0.7972005362450185,0.8037857774550737,0.0,0.0,0.0,0.0,0.4,0.0,nan,nan
n_z-50_init_power-6_theta_0-1_lr_td-0.25_lr_ap-0.064_lr_bas-0.016_bound-l1,gated_hebb,l1,0.016,0.064,0.016,0.25,0.016,1,30,50,random,6,1800,0,50,False,2,1.0,20.0,0.0,100.0,inf,1.0,2.0,1.5,0.5,0.5,0.15,0,5,nan,5,nan,nan,nan,0.02695990428328514,nan,1.0,2.3293396100854126e-10,0.21270423531532287,0.08871782905486524,0.13387580699591503,0.7972005362351582,0.366194737353764,0.0,0.0,0.0,0.0,0.0,0.0,nan,nan
n_z-50_init_power-6_theta_0-1_lr_td-0.25_lr_ap-0.064_lr_bas-0.016_bound-soft,gated_hebb,soft,0.016,0.064,0.016,0.25,0.016,1,30,50,random,6,1800,0,50,False,2,1.0,20.0,0.0,100.0,inf,1.0,2.0,1.5,0.5,0.5,0.15,0,5,nan,5,nan,nan,nan,0.004492663498967886,nan,1.1482579231262207,2.4978420541728534e-19,0.9203981757164001,0.08871782861769752,0.10879872460151581,0.7972005362450185,0.8051784848752387,0.0,0.0,0.0,0.0,1.8,0.2,nan,nan
