config,rule,bound,lr_bas,theta_0,n_noise,n_z,init,init_power,n_trials,n_trials_inhibited,snapshot_every,gate_power,oja_decay,burst_tau,burst_kappa,bcm_tau,bcm_e0_scale,ca_beta,ca_ltd_frac,ca_gamma_d,ca_smooth,n_failed,diverged,expert_proxy,expert_proxy_n_not_reached,expert_after_lift,perf_inhibited_end,final_perf,w_bas_change,w_bas_change_inhibited,w_bas_sum_mean,w_bas_min,w_bas_max,task_frac_start,task_frac_end,selectivity_start,selectivity_end,w_ap_mean,w_ap_max
rule-none_bound-soft_lr_bas-0.004,none,soft,0.004,4.0,30,203,random,6,4000,1800,50,1.0,1.0,20.0,0.0,100.0,1.0,2.0,0.5,0.5,0.15,0,0,nan,5,nan,0.48900000000000005,0.51379,0.0,0.0,1.0,4.4826533770736403e-23,0.3987832129001617,0.0936221528679386,0.0936221528679386,0.8015211239626023,0.8015211239626023,0.033162415082901346,0.3172670751810074
rule-none_bound-soft_lr_bas-0.016,none,soft,0.016,4.0,30,203,random,6,4000,1800,50,1.0,1.0,20.0,0.0,100.0,1.0,2.0,0.5,0.5,0.15,0,0,nan,5,nan,0.48900000000000005,0.51379,0.0,0.0,1.0,4.4826533770736403e-23,0.3987832129001617,0.0936221528679386,0.0936221528679386,0.8015211239626023,0.8015211239626023,0.033162415082901346,0.3172670751810074
rule-none_bound-soft_lr_bas-0.064,none,soft,0.064,4.0,30,203,random,6,4000,1800,50,1.0,1.0,20.0,0.0,100.0,1.0,2.0,0.5,0.5,0.15,0,0,nan,5,nan,0.48900000000000005,0.51379,0.0,0.0,1.0,4.4826533770736403e-23,0.3987832129001617,0.0936221528679386,0.0936221528679386,0.8015211239626023,0.8015211239626023,0.033162415082901346,0.3172670751810074
rule-none_bound-l1_lr_bas-0.004,none,l1,0.004,4.0,30,203,random,6,4000,1800,50,1.0,1.0,20.0,0.0,100.0,1.0,2.0,0.5,0.5,0.15,0,0,nan,5,nan,0.48900000000000005,0.51379,0.0,0.0,1.0,4.4826533770736403e-23,0.3987832129001617,0.0936221528679386,0.0936221528679386,0.8015211239626023,0.8015211239626023,0.033162415082901346,0.3172670751810074
rule-none_bound-l1_lr_bas-0.016,none,l1,0.016,4.0,30,203,random,6,4000,1800,50,1.0,1.0,20.0,0.0,100.0,1.0,2.0,0.5,0.5,0.15,0,0,nan,5,nan,0.48900000000000005,0.51379,0.0,0.0,1.0,4.4826533770736403e-23,0.3987832129001617,0.0936221528679386,0.0936221528679386,0.8015211239626023,0.8015211239626023,0.033162415082901346,0.3172670751810074
rule-none_bound-l1_lr_bas-0.064,none,l1,0.064,4.0,30,203,random,6,4000,1800,50,1.0,1.0,20.0,0.0,100.0,1.0,2.0,0.5,0.5,0.15,0,0,nan,5,nan,0.48900000000000005,0.51379,0.0,0.0,1.0,4.4826533770736403e-23,0.3987832129001617,0.0936221528679386,0.0936221528679386,0.8015211239626023,0.8015211239626023,0.033162415082901346,0.3172670751810074
rule-hebb_bound-soft_lr_bas-0.004,hebb,soft,0.004,4.0,30,203,random,6,4000,1800,50,1.0,1.0,20.0,0.0,100.0,1.0,2.0,0.5,0.5,0.15,0,5,nan,5,nan,0.506,nan,nan,0.008177292719483375,nan,nan,nan,0.09362516931843581,nan,0.8015311585921993,nan,nan,nan
rule-hebb_bound-soft_lr_bas-0.016,hebb,soft,0.016,4.0,30,203,random,6,4000,1800,50,1.0,1.0,20.0,0.0,100.0,1.0,2.0,0.5,0.5,0.15,0,5,nan,5,nan,0.505,nan,nan,0.06667048931121826,nan,nan,nan,0.09363421327906216,nan,0.8015612186386892,nan,nan,nan
rule-hebb_bound-soft_lr_bas-0.064,hebb,soft,0.064,4.0,30,203,random,6,4000,1800,50,1.0,1.0,20.0,0.0,100.0,1.0,2.0,0.5,0.5,0.15,0,5,nan,5,nan,0.511,nan,nan,0.5234551906585694,nan,nan,nan,0.09367030658501976,nan,0.8016807912073579,nan,nan,nan
rule-hebb_bound-l1_lr_bas-0.004,hebb,l1,0.004,4.0,30,203,random,6,4000,1800,50,1.0,1.0,20.0,0.0,100.0,1.0,2.0,0.5,0.5,0.15,0,5,nan,5,nan,0.506,nan,nan,0.040883173048496244,nan,nan,nan,0.0936376623709914,nan,0.8277131980139154,nan,nan,nan
rule-hebb_bound-l1_lr_bas-0.016,hebb,l1,0.016,4.0,30,203,random,6,4000,1800,50,1.0,1.0,20.0,0.0,100.0,1.0,2.0,0.5,0.5,0.15,0,5,nan,5,nan,0.51,nan,nan,0.047832182794809344,nan,nan,nan,0.093699223514991,nan,0.8400567307835967,nan,nan,nan
rule-hebb_bound-l1_lr_bas-0.064,hebb,l1,0.064,4.0,30,203,random,6,4000,1800,50,1.0,1.0,20.0,0.0,100.0,1.0,2.0,0.5,0.5,0.15,0,5,nan,5,nan,0.511,nan,0.04389938339591026,0.04663148820400238,1.0,0.0,0.1683083474636078,0.09395049568617359,0.18851583765701868,0.8540291625310145,0.4344006939527587,nan,nan
rule-burst_bound-soft_lr_bas-0.004,burst,soft,0.004,4.0,30,203,random,6,4000,1800,50,1.0,1.0,20.0,0.0,100.0,1.0,2.0,0.5,0.5,0.15,0,0,nan,5,nan,0.48900000000000005,0.51257,0.0006333776982501149,8.123773004626855e-05,0.9852072119712829,4.4513086602760104e-23,0.48943682909011843,0.0936221528679386,0.09432753377048779,0.8015211239626023,0.8013529112146817,0.03297218324667017,0.3093317925930023
rule-burst_bound-soft_lr_bas-0.016,burst,soft,0.016,4.0,30,203,random,6,4000,1800,50,1.0,1.0,20.0,0.0,100.0,1.0,2.0,0.5,0.5,0.15,0,0,nan,5,nan,0.48900000000000005,0.51249,0.0022468249779194595,0.00032830535201355815,0.936870014667511,4.3589432609418646e-23,0.47717722654342654,0.0936221528679386,0.09408184781691149,0.8015211239626023,0.8001819725267026,0.03190295638016476,0.2929289326071739
rule-burst_bound-soft_lr_bas-0.064,burst,soft,0.064,4.0,30,203,random,6,4000,1800,50,1.0,1.0,20.0,0.0,100.0,1.0,2.0,0.5,0.5,0.15,0,0,nan,5,nan,0.491,0.51054,0.00707026906311512,0.0013698934577405452,0.7668351531028748,4.0254283034152144e-23,0.30072194039821626,0.0936221528679386,0.09011507954114209,0.8015211239626023,0.7943586869091819,0.02656413501041386,0.12946727201342584
rule-burst_bound-l1_lr_bas-0.004,burst,l1,0.004,4.0,30,203,random,6,4000,1800,50,1.0,1.0,20.0,0.0,100.0,1.0,2.0,0.5,0.5,0.15,0,0,nan,5,nan,0.48900000000000005,0.51235,0.0039472144562751055,0.001092714094556868,1.0,0.0,0.42375468611717226,0.09362215285005715,0.09473212211117713,0.8015211241917181,0.6469222543961883,0.03666419398860794,0.38231480568647386
rule-burst_bound-l1_lr_bas-0.016,burst,l1,0.016,4.0,30,203,random,6,4000,1800,50,1.0,1.0,20.0,0.0,100.0,1.0,2.0,0.5,0.5,0.15,0,0,nan,5,nan,0.491,0.51752,0.01274655368179083,0.004268267750740051,1.0,0.0,0.5155025959014893,0.09362215285005715,0.10101478004025284,0.8015211241917181,0.5504984402780719,0.05755089761154828,0.7210460543632508
rule-burst_bound-l1_lr_bas-0.064,burst,l1,0.064,4.0,30,203,random,6,4000,1800,50,1.0,1.0,20.0,0.0,100.0,1.0,2.0,0.5,0.5,0.15,0,0,nan,5,nan,0.499,0.5272,0.03216097354888916,0.015245098061859608,1.0,0.0,0.8537827134132385,0.09362215285005715,0.09895018050209184,0.8015211241917181,0.42069440460100543,0.09590183345582612,0.9972237467765808
rule-bcm_bound-soft_lr_bas-0.004,bcm,soft,0.004,4.0,30,203,random,6,4000,1800,50,1.0,1.0,20.0,0.0,100.0,1.0,2.0,0.5,0.5,0.15,0,0,nan,5,nan,0.491,0.51603,0.0023426735773682595,0.0009061669115908444,1.0339977741241455,4.374553779055205e-23,0.7285264372825623,0.09362307866430145,0.09152927340091185,0.801522231456784,0.8042477192505869,0.05351925353459978,0.9753791689872742
rule-bcm_bound-soft_lr_bas-0.016,bcm,soft,0.016,4.0,30,203,random,6,4000,1800,50,1.0,1.0,20.0,0.0,100.0,1.0,2.0,0.5,0.5,0.15,0,0,3266.0,4,1466.0,0.49399999999999994,0.6292199999999999,0.012591906636953355,0.0048562799580395225,1.0761427879333496,4.481264969307981e-24,0.9999851584434509,0.0936258551869192,0.0756019503470982,0.8015255523535625,0.8021675124772238,0.0909456711002107,0.9510100603103637
rule-bcm_bound-soft_lr_bas-0.064,bcm,soft,0.064,4.0,30,203,random,6,4000,1800,50,1.0,1.0,20.0,0.0,100.0,1.0,2.0,0.5,0.5,0.15,0,0,nan,5,nan,0.514,0.56667,0.034452372789382936,0.024189166724681854,0.9046056270599365,0.0,0.9999998331069946,0.09363695145154241,0.045582357533907804,0.8015387940423574,0.7575079901314019,0.03264799943753505,0.6501916348934174
rule-bcm_bound-l1_lr_bas-0.004,bcm,l1,0.004,4.0,30,203,random,6,4000,1800,50,1.0,1.0,20.0,0.0,100.0,1.0,2.0,0.5,0.5,0.15,0,0,nan,5,nan,0.491,0.5156599999999999,0.02741495594382286,0.009221156686544418,1.0,0.0,0.9976822972297669,0.09363014138053359,0.051491203222420526,0.8077113541660298,0.5657186713350282,0.10126111305850956,0.9862775087356568
rule-bcm_bound-l1_lr_bas-0.016,bcm,l1,0.016,4.0,30,203,random,6,4000,1800,50,1.0,1.0,20.0,0.0,100.0,1.0,2.0,0.5,0.5,0.15,0,0,nan,5,nan,0.5090000000000001,0.51503,0.04609250500798225,0.03989840745925903,0.9950739026069642,0.0,1.0,0.09365468946961075,0.01630137215278454,0.8119807315540424,0.20445041163031258,0.05912757910205409,0.9089630365371704
rule-bcm_bound-l1_lr_bas-0.064,bcm,l1,0.064,4.0,30,203,random,6,4000,1800,50,1.0,1.0,20.0,0.0,100.0,1.0,2.0,0.5,0.5,0.15,0,0,nan,5,nan,0.514,0.51818,0.0483828492462635,0.047986782342195514,0.9497536897659302,0.0,1.0,0.0937543863178569,0.02251471300283675,0.8211023130792471,0.2399650293455069,0.06099605023347099,0.838673448562622
rule-us_bound-soft_lr_bas-0.004,us,soft,0.004,4.0,30,203,random,6,4000,1800,50,1.0,1.0,20.0,0.0,100.0,1.0,2.0,0.5,0.5,0.15,0,0,nan,5,nan,0.48900000000000005,0.5150300000000001,0.00101945890346542,0.0,1.0336421251296997,4.506905180834247e-23,0.7258672833442688,0.0936221528679386,0.10294651560347398,0.8015211239626023,0.8044855307507106,0.04538713112207395,0.6826151356101036
rule-us_bound-soft_lr_bas-0.016,us,soft,0.016,4.0,30,203,random,6,4000,1800,50,1.0,1.0,20.0,0.0,100.0,1.0,2.0,0.5,0.5,0.15,0,5,nan,5,nan,0.48900000000000005,0.49834394904458607,nan,0.0,nan,nan,nan,0.0936221528679386,nan,0.8015211239626023,nan,nan,nan
rule-us_bound-soft_lr_bas-0.064,us,soft,0.064,4.0,30,203,random,6,4000,1800,50,1.0,1.0,20.0,0.0,100.0,1.0,2.0,0.5,0.5,0.15,0,5,nan,5,nan,0.48900000000000005,nan,0.041941000148653984,0.0,2.3840529918670654,9.484900525101528e-26,1.0,0.0936221528679386,0.15891833605296235,0.8015211239626023,0.8135061650160309,nan,nan
rule-us_bound-l1_lr_bas-0.004,us,l1,0.004,4.0,30,203,random,6,4000,1800,50,1.0,1.0,20.0,0.0,100.0,1.0,2.0,0.5,0.5,0.15,0,0,nan,5,nan,0.48900000000000005,0.51568,0.01219488624483347,4.496696400652089e-11,1.0,7.179820895544253e-05,0.3482528984546661,0.09362215285005715,0.1948003062753058,0.8015211241917181,0.3325872388863159,0.08979900476655789,0.7573662012815475
rule-us_bound-l1_lr_bas-0.016,us,l1,0.016,4.0,30,203,random,6,4000,1800,50,1.0,1.0,20.0,0.0,100.0,1.0,2.0,0.5,0.5,0.15,0,3,nan,5,nan,0.48900000000000005,0.5008062610229277,0.03765125796198845,4.496696400652089e-11,1.0,4.4070688909414456e-05,0.24201886653900145,0.09362215285005715,0.24962417475974594,0.8015211241917181,0.19809648772979044,0.11923733716738855,0.645785927772522
rule-us_bound-l1_lr_bas-0.064,us,l1,0.064,4.0,30,203,random,6,4000,1800,50,1.0,1.0,20.0,0.0,100.0,1.0,2.0,0.5,0.5,0.15,0,5,nan,5,nan,0.48900000000000005,nan,0.040726376324892045,4.496696400652089e-11,1.0,1.488723283593618e-07,0.09459132552146912,0.09362215285005715,0.11375443947479132,0.8015211241917181,0.7111928580223111,nan,nan
rule-calcium_bound-soft_lr_bas-0.004,calcium,soft,0.004,4.0,30,203,random,6,4000,1800,50,1.0,1.0,20.0,0.0,100.0,1.0,2.0,0.5,0.5,0.15,0,5,nan,5,nan,0.521,nan,nan,0.03994839191436768,nan,nan,nan,0.09363345858762226,nan,0.8015384333719288,nan,nan,nan
rule-calcium_bound-soft_lr_bas-0.016,calcium,soft,0.016,4.0,30,203,random,6,4000,1800,50,1.0,1.0,20.0,0.0,100.0,1.0,2.0,0.5,0.5,0.15,0,5,nan,5,nan,0.5089999999999999,nan,nan,0.09057798832654954,nan,nan,nan,0.0936673127577464,nan,0.801589964693054,nan,nan,nan
rule-calcium_bound-soft_lr_bas-0.064,calcium,soft,0.064,4.0,30,203,random,6,4000,1800,50,1.0,1.0,20.0,0.0,100.0,1.0,2.0,0.5,0.5,0.15,0,5,nan,5,nan,0.5109999999999999,nan,nan,0.1062235876917839,nan,nan,nan,0.09380179360354353,nan,0.8017902378894407,nan,nan,nan
rule-calcium_bound-l1_lr_bas-0.004,calcium,l1,0.004,4.0,30,203,random,6,4000,1800,50,1.0,1.0,20.0,0.0,100.0,1.0,2.0,0.5,0.5,0.15,0,1,nan,5,nan,0.507,0.5299375,0.03502132371068001,0.03430935963988304,1.0,0.0,0.9555723816156387,0.09375216857287831,0.16700289250757194,0.8225777708461587,0.4011058892700396,0.24576792749382723,0.9999996274709702
rule-calcium_bound-l1_lr_bas-0.016,calcium,l1,0.016,4.0,30,203,random,6,4000,1800,50,1.0,1.0,20.0,0.0,100.0,1.0,2.0,0.5,0.5,0.15,0,1,nan,5,nan,0.5069999999999999,0.5194762237762237,0.03619147092103958,0.03533875867724419,1.0,0.0,0.9211683422327042,0.09418926088358487,0.1666295396399619,0.8330041758596588,0.5627856822625719,0.22830749090766397,0.9999995231628418
rule-calcium_bound-l1_lr_bas-0.064,calcium,l1,0.064,4.0,30,203,random,6,4000,1800,50,1.0,1.0,20.0,0.0,100.0,1.0,2.0,0.5,0.5,0.15,0,1,nan,5,nan,0.508,0.5073749999999999,0.04205368831753731,0.039511051028966904,1.0,0.0,0.9202275276184082,0.09607592910665999,0.21372346334747086,0.8482546476508377,0.4297333246800455,0.40858375724197743,0.999999389052391
