config,rule,bound,lr_bas,lr_ap,lr_policy,lr_td,lr_trace,theta_0,theta_bas_0,rule_sees_gain,lr_dep,dep_form,theta_gate,n_noise,n_z,init,init_power,init_sigma,init_alpha,n_trials,n_trials_inhibited,snapshot_every,store_full,gate_power,gh_post,gh_theta_scale,oja_decay,burst_tau,burst_kappa,bcm_tau,us_tau,bcm_e0_scale,ca_beta,ca_theta_p,ca_ltd_frac,ca_gamma_d,ca_smooth,n_failed,diverged,expert_proxy,expert_proxy_n_not_reached,expert_after_lift,perf_inhibited_end,final_perf,w_bas_change,w_bas_change_inhibited,w_bas_sum_mean,w_bas_min,w_bas_max,task_frac_start,task_frac_end,selectivity_start,selectivity_end,det_tone_start,det_texture_start,det_distractor_start,det_tone,det_texture,det_distractor,w_ap_mean,w_ap_max
init_power-10_rule-bcm_bound-soft_lr_bas-0.032_bcm_tau-100_bcm_e0_scale-0.5_lr_ap-0.032,bcm,soft,0.032,0.032,0.256,0.048,0.256,4.0,,True,0.0,thr,,30,203,random,10,1.0,0.1,4000,1800,50,False,1.0,som,1.0,1.0,20.0,0.0,100,inf,0.5,2.0,1.5,0.5,0.5,0.15,0,0,2438.3333333333335,2,638.3333333333334,0.512,0.8043000000000001,0.01983329504728317,0.011123940534889697,0.8724785566329956,0.0,0.999999713897705,0.0951841831394562,0.055239705333304766,0.8690999171797948,0.8518859761160963,0.4,0.4,5.0,1.2,0.8,97.6,0.026988821104168892,0.9925014257431031
init_power-10_rule-bcm_bound-soft_lr_bas-0.032_bcm_tau-100_bcm_e0_scale-0.5_lr_ap-0.064,bcm,soft,0.032,0.064,0.256,0.048,0.256,4.0,,True,0.0,thr,,30,203,random,10,1.0,0.1,4000,1800,50,False,1.0,som,1.0,1.0,20.0,0.0,100,inf,0.5,2.0,1.5,0.5,0.5,0.15,0,1,2237.5,1,437.5,0.512,0.9948124999999999,0.020211245398968458,0.011123940534889697,0.8817515820264816,0.0,1.0,0.0951841831394562,0.054810987567148625,0.8690999171797948,0.8491450434155026,0.4,0.4,5.0,1.8,3.4,99.6,0.043679043650627136,1.0
init_power-10_rule-bcm_bound-soft_lr_bas-0.032_bcm_tau-70_bcm_e0_scale-0.5_lr_ap-0.032,bcm,soft,0.032,0.032,0.256,0.048,0.256,4.0,,True,0.0,thr,,30,203,random,10,1.0,0.1,4000,1800,50,False,1.0,som,1.0,1.0,20.0,0.0,70,inf,0.5,2.0,1.5,0.5,0.5,0.15,0,0,2386.0,4,586.0,0.512,0.62086,0.019344035536050797,0.010889041796326637,0.868851363658905,0.0,0.9999990701675415,0.09518413629941962,0.057439377043091974,0.8690998454841822,0.8528622952126526,0.4,0.4,5.0,1.2,0.2,96.2,0.022255270555615426,0.9494039058685303
init_power-10_rule-bcm_bound-soft_lr_bas-0.032_bcm_tau-70_bcm_e0_scale-0.5_lr_ap-0.064,bcm,soft,0.032,0.064,0.256,0.048,0.256,4.0,,True,0.0,thr,,30,203,random,10,1.0,0.1,4000,1800,50,False,1.0,som,1.0,1.0,20.0,0.0,70,inf,0.5,2.0,1.5,0.5,0.5,0.15,0,0,2349.0,3,549.0,0.512,0.70999,0.01946205236017704,0.010889041796326637,0.8682793855667115,0.0,0.9999990105628968,0.09518413629941962,0.04948982625191613,0.8690998454841822,0.8548947670472409,0.4,0.4,5.0,0.8,0.4,96.4,0.02523814104497433,0.9483302116394043
init_power-10_rule-bcm_bound-soft_lr_bas-0.048_bcm_tau-100_bcm_e0_scale-0.5_lr_ap-0.032,bcm,soft,0.048,0.032,0.256,0.048,0.256,4.0,,True,0.0,thr,,30,203,random,10,1.0,0.1,4000,1800,50,False,1.0,som,1.0,1.0,20.0,0.0,100,inf,0.5,2.0,1.5,0.5,0.5,0.15,0,0,2253.25,1,453.25,0.512,0.8992700000000001,0.024587880447506906,0.015369458682835102,0.8512632131576539,0.0,1.0,0.09519185169910765,0.05379490020306078,0.869105824753545,0.8465756561877494,0.4,0.4,5.0,1.6,1.8,116.8,0.019810423627495764,0.9083635091781617
init_power-10_rule-bcm_bound-soft_lr_bas-0.048_bcm_tau-100_bcm_e0_scale-0.5_lr_ap-0.064,bcm,soft,0.048,0.064,0.256,0.048,0.256,4.0,,True,0.0,thr,,30,203,random,10,1.0,0.1,4000,1800,50,False,1.0,som,1.0,1.0,20.0,0.0,100,inf,0.5,2.0,1.5,0.5,0.5,0.15,0,4,1959.0,4,159.0,0.512,0.99875,0.02390430122613907,0.015369458682835102,0.8629378080368042,0.0,1.0,0.09519185169910765,0.05963236976744721,0.869105824753545,0.8149627561279955,0.4,0.4,5.0,1.6,8.8,103.2,0.019713057205080986,1.0
init_power-10_rule-bcm_bound-soft_lr_bas-0.048_bcm_tau-70_bcm_e0_scale-0.5_lr_ap-0.032,bcm,soft,0.048,0.032,0.256,0.048,0.256,4.0,,True,0.0,thr,,30,203,random,10,1.0,0.1,4000,1800,50,False,1.0,som,1.0,1.0,20.0,0.0,70,inf,0.5,2.0,1.5,0.5,0.5,0.15,0,0,2921.0,2,1121.0,0.512,0.8161800000000001,0.02436116337776184,0.015063798055052757,0.8498645544052124,0.0,0.9999998331069946,0.09519178142863818,0.05298855305424156,0.8691057175461848,0.8500462300957861,0.4,0.4,5.0,0.8,1.8,117.2,0.021818121429532766,0.8348006188869477
init_power-10_rule-bcm_bound-soft_lr_bas-0.048_bcm_tau-70_bcm_e0_scale-0.5_lr_ap-0.064,bcm,soft,0.048,0.064,0.256,0.048,0.256,4.0,,True,0.0,thr,,30,203,random,10,1.0,0.1,4000,1800,50,False,1.0,som,1.0,1.0,20.0,0.0,70,inf,0.5,2.0,1.5,0.5,0.5,0.15,0,0,2208.3333333333335,2,408.3333333333333,0.512,0.8040100000000001,0.024486907571554185,0.015063798055052757,0.8517362952232361,0.0,0.9999996423721313,0.09519178142863818,0.047532618257524986,0.8691057175461848,0.849924143703926,0.4,0.4,5.0,1.6,2.2,117.4,0.0268146937713027,0.9280925869941712
init_power-12_rule-bcm_bound-soft_lr_bas-0.032_bcm_tau-100_bcm_e0_scale-0.5_lr_ap-0.032,bcm,soft,0.032,0.032,0.256,0.048,0.256,4.0,,True,0.0,thr,,30,203,random,12,1.0,0.1,4000,1800,50,False,1.0,som,1.0,1.0,20.0,0.0,100,inf,0.5,2.0,1.5,0.5,0.5,0.15,0,0,2135.0,2,335.0,0.512,0.8063800000000001,0.022319458052515985,0.01340477131307125,0.9181973099708557,0.0,0.9999998092651368,0.09590402529555675,0.04813070358044637,0.880797027677015,0.8615347510786803,0.8,0.6,11.6,1.6,1.0,126.0,0.025183950923383235,0.9518497586250305
init_power-12_rule-bcm_bound-soft_lr_bas-0.032_bcm_tau-100_bcm_e0_scale-0.5_lr_ap-0.064,bcm,soft,0.032,0.064,0.256,0.048,0.256,4.0,,True,0.0,thr,,30,203,random,12,1.0,0.1,4000,1800,50,False,1.0,som,1.0,1.0,20.0,0.0,100,inf,0.5,2.0,1.5,0.5,0.5,0.15,0,4,1949.0,4,149.0,0.512,0.99875,0.022419399892290432,0.01340477131307125,0.8892404238382975,0.0,1.0,0.09590402529555675,0.06546596544486168,0.880797027677015,0.8464126453220874,0.8,0.6,11.6,2.8,7.2,109.0,0.029519205912947655,1.0
init_power-12_rule-bcm_bound-soft_lr_bas-0.032_bcm_tau-70_bcm_e0_scale-0.5_lr_ap-0.032,bcm,soft,0.032,0.032,0.256,0.048,0.256,4.0,,True,0.0,thr,,30,203,random,12,1.0,0.1,4000,1800,50,False,1.0,som,1.0,1.0,20.0,0.0,70,inf,0.5,2.0,1.5,0.5,0.5,0.15,0,0,2324.5,3,524.5,0.512,0.7105,0.02200107164680958,0.013132574409246445,0.9185359597206115,0.0,0.9999993085861206,0.09590397154378391,0.049821800472178795,0.8807969630618535,0.8643661959342663,0.8,0.6,11.6,1.2,0.6,124.6,0.03125886265188456,0.8274176120758057
init_power-12_rule-bcm_bound-soft_lr_bas-0.032_bcm_tau-70_bcm_e0_scale-0.5_lr_ap-0.064,bcm,soft,0.032,0.064,0.256,0.048,0.256,4.0,,True,0.0,thr,,30,203,random,12,1.0,0.1,4000,1800,50,False,1.0,som,1.0,1.0,20.0,0.0,70,inf,0.5,2.0,1.5,0.5,0.5,0.15,0,0,2173.25,1,373.25,0.512,0.8982700000000001,0.022249647602438926,0.013132574409246445,0.9221428036689758,0.0,1.0,0.09590397154378391,0.0425900250082509,0.8807969630618535,0.8669781710984289,0.8,0.6,11.6,1.0,1.2,125.6,0.03272661156952381,0.9999507069587708
