config,rule,bound,lr_bas,lr_ap,lr_policy,lr_td,lr_trace,theta_0,n_noise,n_z,init,init_power,n_trials,n_trials_inhibited,snapshot_every,store_full,gate_power,gh_post,gh_theta_scale,oja_decay,burst_tau,burst_kappa,bcm_tau,us_tau,bcm_e0_scale,ca_beta,ca_theta_p,ca_ltd_frac,ca_gamma_d,ca_smooth,n_failed,diverged,expert_proxy,expert_proxy_n_not_reached,expert_after_lift,perf_inhibited_end,final_perf,w_bas_change,w_bas_change_inhibited,w_bas_sum_mean,w_bas_min,w_bas_max,task_frac_start,task_frac_end,selectivity_start,selectivity_end,det_tone_start,det_texture_start,det_distractor_start,det_tone,det_texture,det_distractor,w_ap_mean,w_ap_max
lr_ap-0.064_lr_bas-0.008_ca_ltd_frac-0.5_ca_theta_p-1.5_ca_beta-2,calcium,l1,0.008,0.064,0.128,0.032,0.016,4.0,30,203,random,12,1800,0,900,False,1.0,som,1.0,1.0,20.0,0.0,100.0,inf,1.0,2,1.5,0.5,0.5,0.15,0,0,547.6,0,nan,nan,0.9836600000000001,0.041505031287670135,nan,1.0,0.0,0.9990715861320496,0.09577605583188807,0.06383130362422443,0.8811933963136006,0.4105884074422558,0.8,0.6,11.6,0.0,2.4,179.6,0.0690491683781147,0.9999999403953552
lr_ap-0.064_lr_bas-0.008_ca_ltd_frac-0.5_ca_theta_p-1.5_ca_beta-4,calcium,l1,0.008,0.064,0.128,0.032,0.016,4.0,30,203,random,12,1800,0,900,False,1.0,som,1.0,1.0,20.0,0.0,100.0,inf,1.0,4,1.5,0.5,0.5,0.15,0,0,449.0,4,nan,nan,0.60863,0.04150362461805344,nan,1.0,0.0,0.9990898609161377,0.09577605583188807,0.06557495293666683,0.8811933963136006,0.395655108339549,0.8,0.6,11.6,0.0,0.6,178.6,0.0721210204064846,0.9999999403953552
lr_ap-0.064_lr_bas-0.008_ca_ltd_frac-0.5_ca_theta_p-2.0_ca_beta-2,calcium,l1,0.008,0.064,0.128,0.032,0.016,4.0,30,203,random,12,1800,0,900,False,1.0,som,1.0,1.0,20.0,0.0,100.0,inf,1.0,2,2.0,0.5,0.5,0.15,0,0,920.75,1,nan,nan,0.85802,0.03893797323107719,nan,1.0,0.0,0.9983883857727051,0.0957748182757734,0.04207659123321927,0.8809620383144855,0.28823515902781827,0.8,0.6,11.6,0.0,4.0,164.2,0.03677404318004847,0.9999999165534973
lr_ap-0.064_lr_bas-0.008_ca_ltd_frac-0.5_ca_theta_p-2.0_ca_beta-4,calcium,l1,0.008,0.064,0.128,0.032,0.016,4.0,30,203,random,12,1800,0,900,False,1.0,som,1.0,1.0,20.0,0.0,100.0,inf,1.0,4,2.0,0.5,0.5,0.15,0,0,1017.0,2,nan,nan,0.77356,0.03895365595817566,nan,1.0,0.0,0.9983885526657105,0.0957748182757734,0.0398722077872219,0.8809620383144855,0.2724200703801994,0.8,0.6,11.6,0.0,1.4,164.2,0.03665954004973173,0.9999999165534973
lr_ap-0.064_lr_bas-0.008_ca_ltd_frac-0.65_ca_theta_p-1.5_ca_beta-2,calcium,l1,0.008,0.064,0.128,0.032,0.016,4.0,30,203,random,12,1800,0,900,False,1.0,som,1.0,1.0,20.0,0.0,100.0,inf,1.0,2,1.5,0.65,0.5,0.15,0,0,639.0,4,nan,nan,0.69731,0.03274349570274353,nan,1.0,0.0,0.9408377885818482,0.09583585717171124,0.06466790025653534,0.8820233420908897,0.4174498685054993,0.8,0.6,11.6,0.0,0.8,142.4,0.06769216470420361,0.9999999284744263
lr_ap-0.064_lr_bas-0.008_ca_ltd_frac-0.65_ca_theta_p-1.5_ca_beta-4,calcium,l1,0.008,0.064,0.128,0.032,0.016,4.0,30,203,random,12,1800,0,900,False,1.0,som,1.0,1.0,20.0,0.0,100.0,inf,1.0,4,1.5,0.65,0.5,0.15,0,0,nan,5,nan,nan,0.56487,0.03291005864739418,nan,1.0,0.0,0.9412070155143738,0.09583585717171124,0.06893757705353189,0.8820233420908897,0.40814027475520104,0.8,0.6,11.6,0.0,0.6,141.8,0.076364516466856,0.9999999165534973
lr_ap-0.064_lr_bas-0.008_ca_ltd_frac-0.65_ca_theta_p-2.0_ca_beta-2,calcium,l1,0.008,0.064,0.128,0.032,0.016,4.0,30,203,random,12,1800,0,900,False,1.0,som,1.0,1.0,20.0,0.0,100.0,inf,1.0,2,2.0,0.65,0.5,0.15,0,0,975.3333333333334,2,nan,nan,0.7784000000000001,0.024298519641160966,nan,1.0,0.0,0.8967289090156555,0.09583299446292862,0.058096160832449825,0.8819004098488327,0.33393650430492217,0.8,0.6,11.6,0.0,0.8,85.8,0.042267983220517634,0.9999999403953552
lr_ap-0.064_lr_bas-0.008_ca_ltd_frac-0.65_ca_theta_p-2.0_ca_beta-4,calcium,l1,0.008,0.064,0.128,0.032,0.016,4.0,30,203,random,12,1800,0,900,False,1.0,som,1.0,1.0,20.0,0.0,100.0,inf,1.0,4,2.0,0.65,0.5,0.15,0,0,731.0,4,nan,nan,0.6066800000000001,0.024356406927108765,nan,1.0,0.0,0.878722321987152,0.09583299446292862,0.05742028547024734,0.8819004098488327,0.32723423061856804,0.8,0.6,11.6,0.0,0.4,86.2,0.04083288758993149,0.9999999046325684
lr_ap-0.064_lr_bas-0.016_ca_ltd_frac-0.5_ca_theta_p-1.5_ca_beta-2,calcium,l1,0.016,0.064,0.128,0.032,0.016,4.0,30,203,random,12,1800,0,900,False,1.0,som,1.0,1.0,20.0,0.0,100.0,inf,1.0,2,1.5,0.5,0.5,0.15,0,0,467.3333333333333,2,nan,nan,0.78836,0.04392404854297638,nan,1.0,0.0,0.9994410634040832,0.09566960113550314,0.04953397210087987,0.880711597255863,0.3895316321967924,0.8,0.8,11.6,0.0,0.8,189.6,0.05625118687748909,0.9999999403953552
lr_ap-0.064_lr_bas-0.016_ca_ltd_frac-0.5_ca_theta_p-1.5_ca_beta-4,calcium,l1,0.016,0.064,0.128,0.032,0.016,4.0,30,203,random,12,1800,0,900,False,1.0,som,1.0,1.0,20.0,0.0,100.0,inf,1.0,4,1.5,0.5,0.5,0.15,0,0,382.0,4,nan,nan,0.60281,0.04393072128295898,nan,1.0,0.0,0.999412727355957,0.09566960113550314,0.0490323077482042,0.880711597255863,0.38931218259871886,0.8,0.8,11.6,0.0,0.0,189.6,0.056385889649391174,0.9999999284744263
lr_ap-0.064_lr_bas-0.016_ca_ltd_frac-0.5_ca_theta_p-2.0_ca_beta-2,calcium,l1,0.016,0.064,0.128,0.032,0.016,4.0,30,203,random,12,1800,0,900,False,1.0,som,1.0,1.0,20.0,0.0,100.0,inf,1.0,2,2.0,0.5,0.5,0.15,0,0,856.5,1,nan,nan,0.85602,0.0452571913599968,nan,1.0,0.0,0.9999852657318116,0.09566461276619213,0.02549843822854206,0.8824884166228475,0.279339159727204,0.8,0.6,11.6,0.0,2.0,188.6,0.022868996299803258,0.9999999046325684
lr_ap-0.064_lr_bas-0.016_ca_ltd_frac-0.5_ca_theta_p-2.0_ca_beta-4,calcium,l1,0.016,0.064,0.128,0.032,0.016,4.0,30,203,random,12,1800,0,900,False,1.0,som,1.0,1.0,20.0,0.0,100.0,inf,1.0,4,2.0,0.5,0.5,0.15,0,0,550.0,4,nan,nan,0.6297900000000001,0.0452148325741291,nan,1.0,0.0,0.9999852895736694,0.09566461276619213,0.02534286807134717,0.8824884166228475,0.27515117149577634,0.8,0.6,11.6,0.0,1.0,188.4,0.024982796609401704,0.9999999165534973
lr_ap-0.064_lr_bas-0.016_ca_ltd_frac-0.65_ca_theta_p-1.5_ca_beta-2,calcium,l1,0.016,0.064,0.128,0.032,0.016,4.0,30,203,random,12,1800,0,900,False,1.0,som,1.0,1.0,20.0,0.0,100.0,inf,1.0,2,1.5,0.65,0.5,0.15,0,0,636.0,4,nan,nan,0.65452,0.0402811549603939,nan,1.0,0.0,0.9805014252662658,0.0957885569639564,0.04554943547388156,0.8805314077459044,0.42961084924035964,0.8,0.6,11.6,0.0,0.8,170.4,0.04180728606879711,0.9999998688697815
lr_ap-0.064_lr_bas-0.016_ca_ltd_frac-0.65_ca_theta_p-1.5_ca_beta-4,calcium,l1,0.016,0.064,0.128,0.032,0.016,4.0,30,203,random,12,1800,0,900,False,1.0,som,1.0,1.0,20.0,0.0,100.0,inf,1.0,4,1.5,0.65,0.5,0.15,0,0,nan,5,nan,nan,0.5252899999999999,0.04025321528315544,nan,1.0,0.0,0.9791540384292603,0.0957885569639564,0.049323802592598665,0.8805314077459044,0.4246201889502423,0.8,0.6,11.6,0.0,0.4,169.4,0.047931262478232387,0.9999998569488525
lr_ap-0.064_lr_bas-0.016_ca_ltd_frac-0.65_ca_theta_p-2.0_ca_beta-2,calcium,l1,0.016,0.064,0.128,0.032,0.016,4.0,30,203,random,12,1800,0,900,False,1.0,som,1.0,1.0,20.0,0.0,100.0,inf,1.0,2,2.0,0.65,0.5,0.15,0,0,725.0,4,nan,nan,0.6112400000000001,0.03452258631587028,nan,1.0,0.0,0.9683753490447998,0.0957844918911993,0.03441871838239248,0.8808888999169074,0.3231459645179859,0.8,0.6,11.6,0.0,0.4,133.6,0.018830085638910532,0.9999998688697815
lr_ap-0.064_lr_bas-0.016_ca_ltd_frac-0.65_ca_theta_p-2.0_ca_beta-4,calcium,l1,0.016,0.064,0.128,0.032,0.016,4.0,30,203,random,12,1800,0,900,False,1.0,som,1.0,1.0,20.0,0.0,100.0,inf,1.0,4,2.0,0.65,0.5,0.15,0,0,nan,5,nan,nan,0.5271000000000001,0.03454486951231957,nan,1.0,0.0,0.9684712052345276,0.0957844918911993,0.032448095968839775,0.8808888999169074,0.322009418325795,0.8,0.6,11.6,0.0,0.2,134.4,0.015747394226491452,0.9999996900558472
lr_ap-0.064_lr_bas-0.032_ca_ltd_frac-0.5_ca_theta_p-1.5_ca_beta-2,calcium,l1,0.032,0.064,0.128,0.032,0.016,4.0,30,203,random,12,1800,0,900,False,1.0,som,1.0,1.0,20.0,0.0,100.0,inf,1.0,2,1.5,0.5,0.5,0.15,0,0,326.0,4,nan,nan,0.6069000000000001,0.0444854699075222,nan,1.0,0.0,0.9994471192359924,0.09547438081819809,0.04607853010748976,0.8839992723232374,0.3378159629284071,0.8,0.8,11.4,0.0,0.4,192.4,0.052435670793056485,0.9999999284744263
lr_ap-0.064_lr_bas-0.032_ca_ltd_frac-0.5_ca_theta_p-1.5_ca_beta-4,calcium,l1,0.032,0.064,0.128,0.032,0.016,4.0,30,203,random,12,1800,0,900,False,1.0,som,1.0,1.0,20.0,0.0,100.0,inf,1.0,4,1.5,0.5,0.5,0.15,0,0,nan,5,nan,nan,0.51554,0.044461609423160554,nan,1.0,0.0,0.9994470953941346,0.09547438081819809,0.04607250985442411,0.8839992723232374,0.3388257605685995,0.8,0.8,11.4,0.0,0.0,192.4,0.05246889367699623,0.9999999046325684
lr_ap-0.064_lr_bas-0.032_ca_ltd_frac-0.5_ca_theta_p-2.0_ca_beta-2,calcium,l1,0.032,0.064,0.128,0.032,0.016,4.0,30,203,random,12,1800,0,900,False,1.0,som,1.0,1.0,20.0,0.0,100.0,inf,1.0,2,2.0,0.5,0.5,0.15,0,0,510.0,4,nan,nan,0.6569100000000001,0.047701526433229446,nan,1.0,0.0,1.0,0.09545738270063016,0.016627814115994448,0.8846200023665751,0.24572462206030946,0.8,0.8,11.4,0.0,1.8,198.4,0.013583322986960411,0.999799644947052
lr_ap-0.064_lr_bas-0.032_ca_ltd_frac-0.5_ca_theta_p-2.0_ca_beta-4,calcium,l1,0.032,0.064,0.128,0.032,0.016,4.0,30,203,random,12,1800,0,900,False,1.0,som,1.0,1.0,20.0,0.0,100.0,inf,1.0,4,2.0,0.5,0.5,0.15,0,0,nan,5,nan,nan,0.5738800000000001,0.04766775444149971,nan,1.0,0.0,1.0,0.09545738270063016,0.016451821470145945,0.8846200023665751,0.24507021179235658,0.8,0.8,11.4,0.0,1.0,198.4,0.014137924648821354,0.999450433254242
lr_ap-0.064_lr_bas-0.032_ca_ltd_frac-0.65_ca_theta_p-1.5_ca_beta-2,calcium,l1,0.032,0.064,0.128,0.032,0.016,4.0,30,203,random,12,1800,0,900,False,1.0,som,1.0,1.0,20.0,0.0,100.0,inf,1.0,2,1.5,0.65,0.5,0.15,0,0,nan,5,nan,nan,0.51542,0.04392100051045418,nan,1.0,0.0,0.9821059107780457,0.0956967502553107,0.03746923152805038,0.8813607935664652,0.4604000850241226,0.8,0.6,11.4,0.0,0.4,187.6,0.03192096166312695,0.9999999046325684
lr_ap-0.064_lr_bas-0.032_ca_ltd_frac-0.65_ca_theta_p-1.5_ca_beta-4,calcium,l1,0.032,0.064,0.128,0.032,0.016,4.0,30,203,random,12,1800,0,900,False,1.0,som,1.0,1.0,20.0,0.0,100.0,inf,1.0,4,1.5,0.65,0.5,0.15,0,0,nan,5,nan,nan,0.51442,0.043899121880531314,nan,1.0,0.0,0.9820907235145568,0.0956967502553107,0.03761653479584002,0.8813607935664652,0.4609506481190526,0.8,0.6,11.4,0.0,0.4,187.8,0.03202448114752769,0.9999998569488525
lr_ap-0.064_lr_bas-0.032_ca_ltd_frac-0.65_ca_theta_p-2.0_ca_beta-2,calcium,l1,0.032,0.064,0.128,0.032,0.016,4.0,30,203,random,12,1800,0,900,False,1.0,som,1.0,1.0,20.0,0.0,100.0,inf,1.0,2,2.0,0.65,0.5,0.15,0,0,800.0,4,nan,nan,0.6097499999999999,0.042689248919487,nan,1.0,0.0,0.9950116753578186,0.0956838205596568,0.020523067769591074,0.8814364437131198,0.35160059781260034,0.8,0.6,11.6,0.0,1.0,172.4,0.003988901362754404,0.2751695439219475
lr_ap-0.064_lr_bas-0.032_ca_ltd_frac-0.65_ca_theta_p-2.0_ca_beta-4,calcium,l1,0.032,0.064,0.128,0.032,0.016,4.0,30,203,random,12,1800,0,900,False,1.0,som,1.0,1.0,20.0,0.0,100.0,inf,1.0,4,2.0,0.65,0.5,0.15,0,0,nan,5,nan,nan,0.52248,0.04269517660140991,nan,1.0,0.0,0.9950042843818665,0.0956838205596568,0.020992523666430844,0.8814364437131198,0.35481239819181987,0.8,0.6,11.6,0.0,0.8,173.0,0.0038492183841299264,0.2539589047431946
lr_ap-0.128_lr_bas-0.008_ca_ltd_frac-0.5_ca_theta_p-1.5_ca_beta-2,calcium,l1,0.008,0.128,0.128,0.032,0.016,4.0,30,203,random,12,1800,0,900,False,1.0,som,1.0,1.0,20.0,0.0,100.0,inf,1.0,2,1.5,0.5,0.5,0.15,0,0,544.0,0,nan,nan,0.9877900000000001,0.04152190983295441,nan,1.0,0.0,0.9990718007087708,0.09577605583188807,0.06228984861409178,0.8811933963136006,0.4139623163332783,0.8,0.6,11.6,0.0,2.8,179.8,0.0651007667183876,1.0
lr_ap-0.128_lr_bas-0.008_ca_ltd_frac-0.5_ca_theta_p-1.5_ca_beta-4,calcium,l1,0.008,0.128,0.128,0.032,0.016,4.0,30,203,random,12,1800,0,900,False,1.0,som,1.0,1.0,20.0,0.0,100.0,inf,1.0,4,1.5,0.5,0.5,0.15,0,0,433.0,4,nan,nan,0.61439,0.04151935651898384,nan,1.0,0.0,0.9990718245506287,0.09577605583188807,0.06142192834625569,0.8811933963136006,0.40300898704168464,0.8,0.6,11.6,0.0,0.6,179.6,0.06602522432804107,1.0
lr_ap-0.128_lr_bas-0.008_ca_ltd_frac-0.5_ca_theta_p-2.0_ca_beta-2,calcium,l1,0.008,0.128,0.128,0.032,0.016,4.0,30,203,random,12,1800,0,900,False,1.0,som,1.0,1.0,20.0,0.0,100.0,inf,1.0,2,2.0,0.5,0.5,0.15,0,0,707.3333333333334,2,nan,nan,0.83484,0.03878640979528427,nan,1.0,0.0,0.9983878016471863,0.0957748182757734,0.03894411231211553,0.8809620383144855,0.29325585338876825,0.8,0.6,11.6,0.0,3.8,163.6,0.028709585778415203,0.9999999880790711
lr_ap-0.128_lr_bas-0.008_ca_ltd_frac-0.5_ca_theta_p-2.0_ca_beta-4,calcium,l1,0.008,0.128,0.128,0.032,0.016,4.0,30,203,random,12,1800,0,900,False,1.0,som,1.0,1.0,20.0,0.0,100.0,inf,1.0,4,2.0,0.5,0.5,0.15,0,0,759.5,3,nan,nan,0.7585200000000001,0.03880143538117409,nan,1.0,0.0,0.99838787317276,0.0957748182757734,0.03739236585229487,0.8809620383144855,0.28235227633088317,0.8,0.6,11.6,0.0,1.6,163.6,0.029621043428778648,0.9999999880790711
lr_ap-0.128_lr_bas-0.008_ca_ltd_frac-0.65_ca_theta_p-1.5_ca_beta-2,calcium,l1,0.008,0.128,0.128,0.032,0.016,4.0,30,203,random,12,1800,0,900,False,1.0,som,1.0,1.0,20.0,0.0,100.0,inf,1.0,2,1.5,0.65,0.5,0.15,0,0,1103.5,3,nan,nan,0.72725,0.032484182715415956,nan,1.0,0.0,0.9465956568717957,0.09583585717171124,0.06062163211910292,0.8820233420908897,0.4308877543205757,0.8,0.6,11.6,0.0,1.0,142.2,0.055318144895136354,0.9999999880790711
lr_ap-0.128_lr_bas-0.008_ca_ltd_frac-0.65_ca_theta_p-1.5_ca_beta-4,calcium,l1,0.008,0.128,0.128,0.032,0.016,4.0,30,203,random,12,1800,0,900,False,1.0,som,1.0,1.0,20.0,0.0,100.0,inf,1.0,4,1.5,0.65,0.5,0.15,0,0,nan,5,nan,nan,0.56199,0.03253045976161957,nan,1.0,0.0,0.9398043990135193,0.09583585717171124,0.06152372381880171,0.8820233420908897,0.4319632739679703,0.8,0.6,11.6,0.0,1.0,142.4,0.05428665485233068,1.0
lr_ap-0.128_lr_bas-0.008_ca_ltd_frac-0.65_ca_theta_p-2.0_ca_beta-2,calcium,l1,0.008,0.128,0.128,0.032,0.016,4.0,30,203,random,12,1800,0,900,False,1.0,som,1.0,1.0,20.0,0.0,100.0,inf,1.0,2,2.0,0.65,0.5,0.15,0,0,1122.6,0,nan,nan,0.9267100000000001,0.02412441372871399,nan,1.0,0.0,0.8745142459869385,0.09583299446292862,0.06246701383104525,0.8819004098488327,0.34066224691530383,0.8,0.6,11.6,0.0,1.2,83.0,0.04242703951895237,1.0
lr_ap-0.128_lr_bas-0.008_ca_ltd_frac-0.65_ca_theta_p-2.0_ca_beta-4,calcium,l1,0.008,0.128,0.128,0.032,0.016,4.0,30,203,random,12,1800,0,900,False,1.0,som,1.0,1.0,20.0,0.0,100.0,inf,1.0,4,2.0,0.65,0.5,0.15,0,0,780.0,4,nan,nan,0.61005,0.024005547538399695,nan,1.0,0.0,0.8917768120765686,0.09583299446292862,0.06112651379639962,0.8819004098488327,0.33710909751038487,0.8,0.6,11.6,0.0,0.4,83.4,0.03847808036953211,1.0
lr_ap-0.128_lr_bas-0.016_ca_ltd_frac-0.5_ca_theta_p-1.5_ca_beta-2,calcium,l1,0.016,0.128,0.128,0.032,0.016,4.0,30,203,random,12,1800,0,900,False,1.0,som,1.0,1.0,20.0,0.0,100.0,inf,1.0,2,1.5,0.5,0.5,0.15,0,0,443.6666666666667,2,nan,nan,0.7861,0.04397115558385849,nan,1.0,0.0,0.999466347694397,0.09566960113550314,0.04884670852452732,0.880711597255863,0.38891609551179956,0.8,0.8,11.6,0.0,0.6,189.6,0.05517569482326508,1.0
lr_ap-0.128_lr_bas-0.016_ca_ltd_frac-0.5_ca_theta_p-1.5_ca_beta-4,calcium,l1,0.016,0.128,0.128,0.032,0.016,4.0,30,203,random,12,1800,0,900,False,1.0,som,1.0,1.0,20.0,0.0,100.0,inf,1.0,4,1.5,0.5,0.5,0.15,0,0,358.0,4,nan,nan,0.60458,0.04397166296839714,nan,1.0,0.0,0.999466347694397,0.09566960113550314,0.049234831440028895,0.880711597255863,0.38555085085625584,0.8,0.8,11.6,0.0,0.0,189.4,0.056166176497936246,1.0
lr_ap-0.128_lr_bas-0.016_ca_ltd_frac-0.5_ca_theta_p-2.0_ca_beta-2,calcium,l1,0.016,0.128,0.128,0.032,0.016,4.0,30,203,random,12,1800,0,900,False,1.0,som,1.0,1.0,20.0,0.0,100.0,inf,1.0,2,2.0,0.5,0.5,0.15,0,0,893.0,2,nan,nan,0.76248,0.04531782194972038,nan,1.0,0.0,0.9999852657318116,0.09566461276619213,0.022842476885515866,0.8824884166228475,0.28315653182163564,0.8,0.6,11.6,0.0,2.2,189.2,0.018731518276035787,0.9999999880790711
lr_ap-0.128_lr_bas-0.016_ca_ltd_frac-0.5_ca_theta_p-2.0_ca_beta-4,calcium,l1,0.016,0.128,0.128,0.032,0.016,4.0,30,203,random,12,1800,0,900,False,1.0,som,1.0,1.0,20.0,0.0,100.0,inf,1.0,4,2.0,0.5,0.5,0.15,0,0,572.0,4,nan,nan,0.62619,0.04529711827635765,nan,1.0,0.0,0.9999852657318116,0.09566461276619213,0.02189651166067548,0.8824884166228475,0.27388017501102696,0.8,0.6,11.6,0.0,1.0,189.2,0.018840485252439976,0.9999999880790711
lr_ap-0.128_lr_bas-0.016_ca_ltd_frac-0.65_ca_theta_p-1.5_ca_beta-2,calcium,l1,0.016,0.128,0.128,0.032,0.016,4.0,30,203,random,12,1800,0,900,False,1.0,som,1.0,1.0,20.0,0.0,100.0,inf,1.0,2,1.5,0.65,0.5,0.15,0,0,618.0,4,nan,nan,0.6268300000000001,0.040266092866659164,nan,1.0,0.0,0.9803598642349243,0.0957885569639564,0.043283680729536686,0.8805314077459044,0.43347505098707223,0.8,0.6,11.6,0.0,1.2,170.4,0.034672558587044475,0.9996793627738952
lr_ap-0.128_lr_bas-0.016_ca_ltd_frac-0.65_ca_theta_p-1.5_ca_beta-4,calcium,l1,0.016,0.128,0.128,0.032,0.016,4.0,30,203,random,12,1800,0,900,False,1.0,som,1.0,1.0,20.0,0.0,100.0,inf,1.0,4,1.5,0.65,0.5,0.15,0,0,nan,5,nan,nan,0.5401400000000001,0.040248607844114305,nan,1.0,0.0,0.9803819775581359,0.0957885569639564,0.04531253009789708,0.8805314077459044,0.43238316319702486,0.8,0.6,11.6,0.0,1.2,169.6,0.03670368371531367,0.999971342086792
lr_ap-0.128_lr_bas-0.016_ca_ltd_frac-0.65_ca_theta_p-2.0_ca_beta-2,calcium,l1,0.016,0.128,0.128,0.032,0.016,4.0,30,203,random,12,1800,0,900,False,1.0,som,1.0,1.0,20.0,0.0,100.0,inf,1.0,2,2.0,0.65,0.5,0.15,0,0,711.0,4,nan,nan,0.62268,0.034336668252944944,nan,1.0,0.0,0.9679635882377624,0.0957844918911993,0.03896148216216605,0.8808888999169074,0.33321343226895694,0.8,0.6,11.6,0.0,0.6,131.6,0.021933588292449714,0.9999999880790711
lr_ap-0.128_lr_bas-0.016_ca_ltd_frac-0.65_ca_theta_p-2.0_ca_beta-4,calcium,l1,0.016,0.128,0.128,0.032,0.016,4.0,30,203,random,12,1800,0,900,False,1.0,som,1.0,1.0,20.0,0.0,100.0,inf,1.0,4,2.0,0.65,0.5,0.15,0,0,nan,5,nan,nan,0.51836,0.03430673778057099,nan,1.0,0.0,0.9680217862129211,0.0957844918911993,0.035577029562739296,0.8808888999169074,0.3339266351280539,0.8,0.6,11.6,0.0,0.4,132.4,0.015373651590198278,0.9999484419822693
lr_ap-0.128_lr_bas-0.032_ca_ltd_frac-0.5_ca_theta_p-1.5_ca_beta-2,calcium,l1,0.032,0.128,0.128,0.032,0.016,4.0,30,203,random,12,1800,0,900,False,1.0,som,1.0,1.0,20.0,0.0,100.0,inf,1.0,2,1.5,0.5,0.5,0.15,0,0,307.0,4,nan,nan,0.6069000000000001,0.04456168115139007,nan,1.0,0.0,0.9994471907615662,0.09547438081819809,0.045271889260264334,0.8839992723232374,0.3346634088583739,0.8,0.8,11.4,0.0,0.4,192.6,0.051239938288927075,1.0
lr_ap-0.128_lr_bas-0.032_ca_ltd_frac-0.5_ca_theta_p-1.5_ca_beta-4,calcium,l1,0.032,0.128,0.128,0.032,0.016,4.0,30,203,random,12,1800,0,900,False,1.0,som,1.0,1.0,20.0,0.0,100.0,inf,1.0,4,1.5,0.5,0.5,0.15,0,0,nan,5,nan,nan,0.51554,0.044521750509738924,nan,1.0,0.0,0.9994471907615662,0.09547438081819809,0.0452929731777873,0.8839992723232374,0.3360550650924571,0.8,0.8,11.4,0.0,0.0,192.6,0.05124153681099415,0.9999999880790711
lr_ap-0.128_lr_bas-0.032_ca_ltd_frac-0.5_ca_theta_p-2.0_ca_beta-2,calcium,l1,0.032,0.128,0.128,0.032,0.016,4.0,30,203,random,12,1800,0,900,False,1.0,som,1.0,1.0,20.0,0.0,100.0,inf,1.0,2,2.0,0.5,0.5,0.15,0,0,1079.5,3,nan,nan,0.6849400000000001,0.047670838236808774,nan,1.0,0.0,1.0,0.09545738270063016,0.017259690837619586,0.8846200023665751,0.24533492736064394,0.8,0.8,11.4,0.0,1.6,198.0,0.012823986174771563,0.8011583307757973
lr_ap-0.128_lr_bas-0.032_ca_ltd_frac-0.5_ca_theta_p-2.0_ca_beta-4,calcium,l1,0.032,0.128,0.128,0.032,0.016,4.0,30,203,random,12,1800,0,900,False,1.0,som,1.0,1.0,20.0,0.0,100.0,inf,1.0,4,2.0,0.5,0.5,0.15,0,0,nan,5,nan,nan,0.54198,0.0476462721824646,nan,1.0,0.0,1.0,0.09545738270063016,0.01773846313637132,0.8846200023665751,0.2438503569530126,0.8,0.8,11.4,0.0,1.0,198.0,0.013813882308022584,0.8010793060995638
lr_ap-0.128_lr_bas-0.032_ca_ltd_frac-0.65_ca_theta_p-1.5_ca_beta-2,calcium,l1,0.032,0.128,0.128,0.032,0.016,4.0,30,203,random,12,1800,0,900,False,1.0,som,1.0,1.0,20.0,0.0,100.0,inf,1.0,2,1.5,0.65,0.5,0.15,0,0,nan,5,nan,nan,0.5180199999999999,0.043919927626848224,nan,1.0,0.0,0.9821468830108643,0.0956967502553107,0.038298942324203555,0.8813607935664652,0.4602486807488453,0.8,0.6,11.4,0.0,0.4,186.8,0.03252942077815533,0.9999999761581421
lr_ap-0.128_lr_bas-0.032_ca_ltd_frac-0.65_ca_theta_p-1.5_ca_beta-4,calcium,l1,0.032,0.128,0.128,0.032,0.016,4.0,30,203,random,12,1800,0,900,False,1.0,som,1.0,1.0,20.0,0.0,100.0,inf,1.0,4,1.5,0.65,0.5,0.15,0,0,nan,5,nan,nan,0.51456,0.043877482414245605,nan,1.0,0.0,0.9821457743644715,0.0956967502553107,0.038355744258838795,0.8813607935664652,0.46083216541606287,0.8,0.6,11.4,0.0,0.2,186.8,0.03253014199435711,0.9999999523162841
lr_ap-0.128_lr_bas-0.032_ca_ltd_frac-0.65_ca_theta_p-2.0_ca_beta-2,calcium,l1,0.032,0.128,0.128,0.032,0.016,4.0,30,203,random,12,1800,0,900,False,1.0,som,1.0,1.0,20.0,0.0,100.0,inf,1.0,2,2.0,0.65,0.5,0.15,0,0,692.0,4,nan,nan,0.6092,0.04252319261431694,nan,1.0,0.0,0.9950165390968323,0.0956838205596568,0.023694811355862874,0.8814364437131198,0.35051765625937054,0.8,0.6,11.6,0.0,1.2,170.8,0.007015130916261114,0.8043681945651769
lr_ap-0.128_lr_bas-0.032_ca_ltd_frac-0.65_ca_theta_p-2.0_ca_beta-4,calcium,l1,0.032,0.128,0.128,0.032,0.016,4.0,30,203,random,12,1800,0,900,False,1.0,som,1.0,1.0,20.0,0.0,100.0,inf,1.0,4,2.0,0.65,0.5,0.15,0,0,nan,5,nan,nan,0.52317,0.04259052351117134,nan,1.0,0.0,0.9950147151947022,0.0956838205596568,0.022324644397112216,0.8814364437131198,0.3481445538183963,0.8,0.6,11.6,0.0,0.8,171.4,0.004016509501525434,0.40517009468749166
