config,rule,bound,lr_bas,lr_ap,lr_policy,lr_td,lr_trace,theta_0,theta_bas_0,rule_sees_gain,lr_dep,dep_form,theta_gate,n_noise,n_z,init,init_power,init_sigma,init_alpha,init_scale,init_clip,init_norm,w_bas_scale,gain_at_preferred,sort_neurons,n_trials,reset_at_lift,n_trials_inhibited,snapshot_every,store_full,gate_power,gh_post,gh_theta_scale,oja_decay,burst_tau,burst_kappa,bcm_tau,us_tau,bcm_e0_scale,ca_beta,ca_theta_p,ca_ltd_frac,ca_gamma_d,ca_smooth,n_failed,diverged,expert_proxy,expert_proxy_n_not_reached,expert_after_lift,perf_inhibited_end,final_perf,w_bas_change,w_bas_change_inhibited,w_bas_sum_mean,w_bas_min,w_bas_max,task_frac_start,task_frac_end,selectivity_start,selectivity_end,det_tone_start,det_texture_start,det_distractor_start,det_tone,det_texture,det_distractor,w_ap_mean,w_ap_max
rule-bcm_bound-soft_lr_bas-0.032_bcm_tau-100_bcm_e0_scale-0.5_lr_ap-0.128,bcm,soft,0.032,0.128,0.016,0.0008,0.256,4,,True,0.0,thr,,30,1000,lognormal,6,2,0.1,1.89,1,neuron,1.0,False,False,4000,,1800,50,False,1.0,som,1.0,1.0,20.0,0.0,100,inf,0.5,2.0,1.5,0.5,0.5,0.15,0,0,2335.2,0,535.2,0.512,0.99975,0.03273018077015877,0.02283722795546055,1.406868815422058,0.0,1.0,0.0906453745337735,0.10141576139204649,0.6522462897149961,0.5750545724793017,20.0,40.2,622.4,25.0,62.8,856.0,0.07561316788196563,1.0
rule-bcm_bound-soft_lr_bas-0.064_bcm_tau-100_bcm_e0_scale-0.5_lr_ap-0.128,bcm,soft,0.064,0.128,0.016,0.0008,0.256,4,,True,0.0,thr,,30,1000,lognormal,6,2,0.1,1.89,1,neuron,1.0,False,False,4000,,1800,50,False,1.0,som,1.0,1.0,20.0,0.0,100,inf,0.5,2.0,1.5,0.5,0.5,0.15,0,0,2277.4,0,477.4,0.515,1.0,0.03858448937535286,0.031055999174714088,1.3384302139282227,0.0,1.0,0.09065956234574192,0.1019485949560491,0.6522687086220937,0.5282922163354551,20.0,40.2,622.6,27.2,70.4,885.0,0.08180772960186004,1.0
rule-bcm_bound-soft_lr_bas-0.128_bcm_tau-100_bcm_e0_scale-0.5_lr_ap-0.128,bcm,soft,0.128,0.128,0.016,0.0008,0.256,4,,True,0.0,thr,,30,1000,lognormal,6,2,0.1,1.89,1,neuron,1.0,False,False,4000,,1800,50,False,1.0,som,1.0,1.0,20.0,0.0,100,inf,0.5,2.0,1.5,0.5,0.5,0.15,0,0,2239.8,0,439.8,0.517,1.0,0.04277835562825203,0.03735475167632103,1.301320195198059,0.0,1.0,0.09068783635969378,0.09777280709254134,0.6523107183908776,0.4793362435104756,20.2,40.6,624.8,23.6,77.2,837.4,0.08348249644041061,1.0
rule-bcm_bound-soft_lr_bas-0.128_bcm_tau-50_bcm_e0_scale-0.5_lr_ap-0.128,bcm,soft,0.128,0.128,0.016,0.0008,0.256,4,,True,0.0,thr,,30,1000,lognormal,6,2,0.1,1.89,1,neuron,1.0,False,False,4000,,1800,50,False,1.0,som,1.0,1.0,20.0,0.0,50,inf,0.5,2.0,1.5,0.5,0.5,0.15,0,0,2267.6,0,467.6,0.517,1.0,0.04210872426629066,0.03705708608031273,1.2793871402740478,0.0,1.0,0.090687635667108,0.09572837944927046,0.6523086464585024,0.4749418233242649,20.2,40.6,624.8,27.0,67.0,890.0,0.0742505669593811,1.0
rule-calcium_bound-both_lr_bas-0.004_ca_ltd_frac-0.5_ca_theta_p-1.5_ca_gamma_d-1.0_ca_beta-2_lr_ap-0.128,calcium,both,0.004,0.128,0.016,0.0008,0.256,4,,True,0.0,thr,,30,1000,lognormal,6,2,0.1,1.89,1,neuron,1.0,False,False,4000,,1800,50,False,1.0,som,1.0,1.0,20.0,0.0,100.0,inf,1.0,2,1.5,0.5,1.0,0.15,0,0,2309.0,0,509.0,0.511,0.9994799999999999,0.04712425917387009,0.03770718723535538,1.843683624267578,0.0,1.0,0.09063207992902725,0.09158345150987346,0.6655316501759898,0.21205409048591717,20.2,40.2,621.8,51.2,74.6,862.0,0.13430983424186707,1.0
rule-calcium_bound-pre_lr_bas-0.002_ca_ltd_frac-0.5_ca_theta_p-1.5_ca_gamma_d-1.0_ca_beta-2_lr_ap-0.128,calcium,pre,0.002,0.128,0.016,0.0008,0.256,4,,True,0.0,thr,,30,1000,lognormal,6,2,0.1,1.89,1,neuron,1.0,False,False,4000,,1800,50,False,1.0,som,1.0,1.0,20.0,0.0,100.0,inf,1.0,2,1.5,0.5,1.0,0.15,0,0,2300.8,0,500.8,0.51,0.9994799999999999,0.043642152845859525,0.03267456516623497,1.843701148033142,0.0,1.0,0.09063053884779798,0.06918196989500935,0.6589624021608584,0.2334046325718057,20.0,40.2,622.0,46.6,69.4,575.8,0.14002336859703063,1.0
rule-calcium_bound-pre_lr_bas-0.004_ca_ltd_frac-0.5_ca_theta_p-1.5_ca_gamma_d-1.0_ca_beta-2_lr_ap-0.128,calcium,pre,0.004,0.128,0.016,0.0008,0.256,4,,True,0.0,thr,,30,1000,lognormal,6,2,0.1,1.89,1,neuron,1.0,False,False,4000,,1800,50,False,1.0,som,1.0,1.0,20.0,0.0,100.0,inf,1.0,2,1.5,0.5,1.0,0.15,0,0,2230.8,0,430.8,0.5090000000000001,0.9994799999999999,0.0508173905313015,0.041696755588054656,1.8436904907226563,0.0,1.0,0.09062963936226379,0.06013014768190289,0.6655303964851724,0.1382860815362636,20.2,40.2,621.8,47.8,87.0,550.2,0.17211832702159882,1.0
rule-calcium_bound-pre_lr_bas-0.004_ca_ltd_frac-0.5_ca_theta_p-2.0_ca_gamma_d-1.0_ca_beta-2_lr_ap-0.128,calcium,pre,0.004,0.128,0.016,0.0008,0.256,4,,True,0.0,thr,,30,1000,lognormal,6,2,0.1,1.89,1,neuron,1.0,False,False,4000,,1800,50,False,1.0,som,1.0,1.0,20.0,0.0,100.0,inf,1.0,2,2.0,0.5,1.0,0.15,0,0,2261.4,0,461.4,0.51,1.0,0.04927036687731743,0.03837241604924202,1.8436976432800294,0.0,1.0,0.09063012869060019,0.060725957036414834,0.6635520849823019,0.1662163809666139,20.2,40.2,621.8,49.0,79.0,425.8,0.16137678027153016,1.0
rule-hebb_bound-both_lr_bas-0.064_theta_bas_0-24_theta_0-4_lr_ap-0.128,hebb,both,0.064,0.128,0.016,0.0008,0.256,4,24,True,0.0,thr,,30,1000,lognormal,6,2,0.1,1.89,1,neuron,1.0,False,False,4000,,1800,50,False,1.0,som,1.0,1.0,20.0,0.0,100.0,inf,1.0,2.0,1.5,0.5,0.5,0.15,0,0,2142.6,0,342.6,0.525,0.9780800000000001,0.054008323699235916,0.04387326687574387,1.8389952898025512,0.0,1.0,0.09105151020067163,0.09080202593355827,0.955723475229096,0.09727954879351461,34.2,55.0,797.6,28.8,51.6,918.6,0.16665345728397368,1.0
rule-hebb_bound-soft_lr_bas-0.128_theta_bas_0-8_theta_0-4_lr_ap-0.128,hebb,soft,0.128,0.128,0.016,0.0008,0.256,4,8,True,0.0,thr,,30,1000,lognormal,6,2,0.1,1.89,1,neuron,1.0,False,False,4000,,1800,50,False,1.0,som,1.0,1.0,20.0,0.0,100.0,inf,1.0,2.0,1.5,0.5,0.5,0.15,0,0,2271.2,0,471.2,0.534,1.0,0.045923122018575666,0.04528262913227081,1.083993101119995,7.006492321624085e-45,1.0,0.0905421812505161,0.06863722381126573,0.6529966396666941,0.06731026059333936,19.8,40.2,623.6,22.0,65.6,715.8,0.08280648738145828,1.0
rule-hebb_bound-soft_lr_bas-0.256_theta_bas_0-12_theta_0-4_lr_ap-0.128,hebb,soft,0.256,0.128,0.016,0.0008,0.256,4,12,True,0.0,thr,,30,1000,lognormal,6,2,0.1,1.89,1,neuron,1.0,False,False,4000,,1800,50,False,1.0,som,1.0,1.0,20.0,0.0,100.0,inf,1.0,2.0,1.5,0.5,0.5,0.15,0,0,2700.8,0,900.8,0.534,1.0,0.043718424439430234,0.043692896515130995,0.5350311994552612,1.401298464324817e-45,1.0,0.09009545453544479,0.034899996571047885,0.6542765012078516,0.0314000229227752,18.4,40.0,612.6,5.6,31.4,452.0,0.026007992029190064,1.0
rule-hebb_bound-soft_lr_bas-0.256_theta_bas_0-8_theta_0-4_lr_ap-0.128,hebb,soft,0.256,0.128,0.016,0.0008,0.256,4,8,True,0.0,thr,,30,1000,lognormal,6,2,0.1,1.89,1,neuron,1.0,False,False,4000,,1800,50,False,1.0,som,1.0,1.0,20.0,0.0,100.0,inf,1.0,2.0,1.5,0.5,0.5,0.15,0,0,2264.4,0,464.4,0.5330000000000001,1.0,0.04537213891744614,0.0450848177075386,1.0831751346588134,2.802596928649634e-45,1.0,0.09045197219798302,0.0699468241664695,0.6538247045123737,0.06597346198252205,20.0,40.8,625.6,22.8,65.6,716.6,0.08256373703479766,1.0
