config,rule,bound,lr_bas,theta_0,n_noise,n_z,init,init_power,n_trials,n_trials_inhibited,snapshot_every,gate_power,oja_decay,burst_tau,burst_kappa,bcm_tau,bcm_e0_scale,ca_beta,ca_ltd_frac,ca_gamma_d,ca_smooth,n_failed,expert_proxy,expert_proxy_n_not_reached,expert_after_lift,perf_inhibited_end,final_perf,w_bas_change,w_bas_change_inhibited,w_bas_sum_mean,w_bas_min,w_bas_max,task_frac_start,task_frac_end,selectivity_start,selectivity_end,w_ap_mean,w_ap_max
rule-none_bound-soft_lr_bas-0.004,none,soft,0.004,4.0,30,203,random,6,1800,0,50,1.0,1.0,20.0,0.0,100.0,1.0,2.0,0.5,0.5,0.15,0,nan,5,nan,nan,0.51237,0.0,nan,1.0,4.4826533770736403e-23,0.3987832129001617,0.0936221528679386,0.0936221528679386,0.8015211239626023,0.8015211239626023,0.0391871146036523,0.20815071761608123
rule-none_bound-soft_lr_bas-0.016,none,soft,0.016,4.0,30,203,random,6,1800,0,50,1.0,1.0,20.0,0.0,100.0,1.0,2.0,0.5,0.5,0.15,0,nan,5,nan,nan,0.51237,0.0,nan,1.0,4.4826533770736403e-23,0.3987832129001617,0.0936221528679386,0.0936221528679386,0.8015211239626023,0.8015211239626023,0.0391871146036523,0.20815071761608123
rule-none_bound-soft_lr_bas-0.064,none,soft,0.064,4.0,30,203,random,6,1800,0,50,1.0,1.0,20.0,0.0,100.0,1.0,2.0,0.5,0.5,0.15,0,nan,5,nan,nan,0.51237,0.0,nan,1.0,4.4826533770736403e-23,0.3987832129001617,0.0936221528679386,0.0936221528679386,0.8015211239626023,0.8015211239626023,0.0391871146036523,0.20815071761608123
rule-none_bound-l1_lr_bas-0.004,none,l1,0.004,4.0,30,203,random,6,1800,0,50,1.0,1.0,20.0,0.0,100.0,1.0,2.0,0.5,0.5,0.15,0,nan,5,nan,nan,0.51237,0.0,nan,1.0,4.4826533770736403e-23,0.3987832129001617,0.0936221528679386,0.0936221528679386,0.8015211239626023,0.8015211239626023,0.0391871146036523,0.20815071761608123
rule-none_bound-l1_lr_bas-0.016,none,l1,0.016,4.0,30,203,random,6,1800,0,50,1.0,1.0,20.0,0.0,100.0,1.0,2.0,0.5,0.5,0.15,0,nan,5,nan,nan,0.51237,0.0,nan,1.0,4.4826533770736403e-23,0.3987832129001617,0.0936221528679386,0.0936221528679386,0.8015211239626023,0.8015211239626023,0.0391871146036523,0.20815071761608123
rule-none_bound-l1_lr_bas-0.064,none,l1,0.064,4.0,30,203,random,6,1800,0,50,1.0,1.0,20.0,0.0,100.0,1.0,2.0,0.5,0.5,0.15,0,nan,5,nan,nan,0.51237,0.0,nan,1.0,4.4826533770736403e-23,0.3987832129001617,0.0936221528679386,0.0936221528679386,0.8015211239626023,0.8015211239626023,0.0391871146036523,0.20815071761608123
rule-hebb_bound-soft_lr_bas-0.004,hebb,soft,0.004,4.0,30,203,random,6,1800,0,50,1.0,1.0,20.0,0.0,100.0,1.0,2.0,0.5,0.5,0.15,0,nan,5,nan,nan,0.5164700000000001,0.009958040900528431,nan,1.2414984464645387,3.244637375366468e-23,0.9986185431480408,0.09362516931843581,0.11105994386202005,0.8015311585921993,0.8195771681714363,0.09097794633578932,0.999999737739563
rule-hebb_bound-soft_lr_bas-0.016,hebb,soft,0.016,4.0,30,203,random,6,1800,0,50,1.0,1.0,20.0,0.0,100.0,1.0,2.0,0.5,0.5,0.15,5,nan,0,nan,nan,nan,nan,nan,nan,nan,nan,nan,nan,nan,nan,nan,nan
rule-hebb_bound-soft_lr_bas-0.064,hebb,soft,0.064,4.0,30,203,random,6,1800,0,50,1.0,1.0,20.0,0.0,100.0,1.0,2.0,0.5,0.5,0.15,5,nan,0,nan,nan,nan,nan,nan,nan,nan,nan,nan,nan,nan,nan,nan,nan
rule-hebb_bound-l1_lr_bas-0.004,hebb,l1,0.004,4.0,30,203,random,6,1800,0,50,1.0,1.0,20.0,0.0,100.0,1.0,2.0,0.5,0.5,0.15,2,nan,3,nan,nan,0.5044333333333334,0.04077912618716558,nan,1.0,0.0,0.9807004729906718,0.09217322616388501,0.15975968549695546,0.8266267266251686,0.5281710450771772,0.24971557463338057,0.9999996225039164
rule-hebb_bound-l1_lr_bas-0.016,hebb,l1,0.016,4.0,30,203,random,6,1800,0,50,1.0,1.0,20.0,0.0,100.0,1.0,2.0,0.5,0.5,0.15,4,nan,1,nan,nan,0.5207499999999999,0.047422051429748535,nan,1.0,0.0,0.9608275294303894,0.09367488180412886,0.12556845029520022,0.8453355650079123,0.3326638695502923,0.21592387919006822,0.9999995827674866
rule-hebb_bound-l1_lr_bas-0.064,hebb,l1,0.064,4.0,30,203,random,6,1800,0,50,1.0,1.0,20.0,0.0,100.0,1.0,2.0,0.5,0.5,0.15,5,nan,0,nan,nan,nan,nan,nan,nan,nan,nan,nan,nan,nan,nan,nan,nan
rule-burst_bound-soft_lr_bas-0.004,burst,soft,0.004,4.0,30,203,random,6,1800,0,50,1.0,1.0,20.0,0.0,100.0,1.0,2.0,0.5,0.5,0.15,0,nan,5,nan,nan,0.5131399999999999,0.0005223148036748171,nan,0.982811713218689,4.454888843864598e-23,0.390630704164505,0.0936221528679386,0.09345029046828976,0.8015211239626023,0.8011321159030607,0.0388315891723144,0.18452363461256027
rule-burst_bound-soft_lr_bas-0.016,burst,soft,0.016,4.0,30,203,random,6,1800,0,50,1.0,1.0,20.0,0.0,100.0,1.0,2.0,0.5,0.5,0.15,0,nan,5,nan,nan,0.51493,0.0019934604410082103,nan,0.9342332720756531,4.374051241625029e-23,0.36586567759513855,0.0936221528679386,0.09279069031523128,0.8015211239626023,0.7999105646507344,0.038102512698840775,0.13848121762275695
rule-burst_bound-soft_lr_bas-0.064,burst,soft,0.064,4.0,30,203,random,6,1800,0,50,1.0,1.0,20.0,0.0,100.0,1.0,2.0,0.5,0.5,0.15,0,nan,5,nan,nan,0.51519,0.006648354418575764,nan,0.7806042909622193,4.083192391997129e-23,0.2974794715642929,0.0936221528679386,0.08947124702628163,0.8015211239626023,0.7947417521527724,0.037167109197620396,0.09202438443899155
rule-burst_bound-l1_lr_bas-0.004,burst,l1,0.004,4.0,30,203,random,6,1800,0,50,1.0,1.0,20.0,0.0,100.0,1.0,2.0,0.5,0.5,0.15,0,nan,5,nan,nan,0.51493,0.00358664714731276,nan,1.0,0.0,0.43732109665870667,0.09362215285005715,0.09188947056659909,0.8015211241917181,0.6523824635431048,0.039062077870931966,0.29093150347471236
rule-burst_bound-l1_lr_bas-0.016,burst,l1,0.016,4.0,30,203,random,6,1800,0,50,1.0,1.0,20.0,0.0,100.0,1.0,2.0,0.5,0.5,0.15,0,nan,5,nan,nan,0.5164300000000001,0.011727958358824253,nan,1.0,0.0,0.5144213497638702,0.09362215285005715,0.09163785590063127,0.8015211241917181,0.5540388558298087,0.046295674887527095,0.35326661318540575
rule-burst_bound-l1_lr_bas-0.064,burst,l1,0.064,4.0,30,203,random,6,1800,0,50,1.0,1.0,20.0,0.0,100.0,1.0,2.0,0.5,0.5,0.15,0,nan,5,nan,nan,0.52256,0.03070547617971897,nan,1.0,0.0,0.8422303676605225,0.09362215285005715,0.08328360740089344,0.8015211241917181,0.39363110495541803,0.07373327842083176,0.6991556823253632
rule-bcm_bound-soft_lr_bas-0.004,bcm,soft,0.004,4.0,30,203,random,6,1800,0,50,1.0,1.0,20.0,0.0,100.0,1.0,2.0,0.5,0.5,0.15,0,nan,5,nan,nan,0.5151899999999999,0.0009374826913699508,nan,1.0150121688842773,4.427419323310211e-23,0.5144931316375733,0.09362307866430145,0.09392579406940083,0.801522231456784,0.8028132752353395,0.041936882677043014,0.30978978127241136
rule-bcm_bound-soft_lr_bas-0.016,bcm,soft,0.016,4.0,30,203,random,6,1800,0,50,1.0,1.0,20.0,0.0,100.0,1.0,2.0,0.5,0.5,0.15,0,nan,5,nan,nan,0.51452,0.005017885938286781,nan,1.0648827791213988,4.54093520566797e-24,0.967022430896759,0.0936258551869192,0.09269583277786332,0.8015255523535625,0.8057375871157293,0.057688024905257915,0.8931625127792359
rule-bcm_bound-soft_lr_bas-0.064,bcm,soft,0.064,4.0,30,203,random,6,1800,0,50,1.0,1.0,20.0,0.0,100.0,1.0,2.0,0.5,0.5,0.15,0,1505.0,3,nan,nan,0.65062,0.023089944571256637,nan,1.0237601041793822,0.0,0.999999713897705,0.09363695145154241,0.06807755287374326,0.8015387940423574,0.7946431832829152,0.06369658781472465,0.7867073178291321
rule-bcm_bound-l1_lr_bas-0.004,bcm,l1,0.004,4.0,30,203,random,6,1800,0,50,1.0,1.0,20.0,0.0,100.0,1.0,2.0,0.5,0.5,0.15,0,nan,5,nan,nan,0.5128,0.011329499818384648,nan,1.0,0.0,0.8613190650939941,0.09363014138053359,0.09799151108278363,0.8077113541660298,0.6814179364983396,0.05916837572207299,0.6538181513547897
rule-bcm_bound-l1_lr_bas-0.016,bcm,l1,0.016,4.0,30,203,random,6,1800,0,50,1.0,1.0,20.0,0.0,100.0,1.0,2.0,0.5,0.5,0.15,0,nan,5,nan,nan,0.51305,0.04137043207883835,nan,0.9950738906860351,0.0,1.0,0.09365468946961075,0.0358554059609826,0.8119807315540424,0.332840482981977,0.084076844475099,0.9173711061477661
rule-bcm_bound-l1_lr_bas-0.064,bcm,l1,0.064,4.0,30,203,random,6,1800,0,50,1.0,1.0,20.0,0.0,100.0,1.0,2.0,0.5,0.5,0.15,0,nan,5,nan,nan,0.5109600000000001,0.04770886972546577,nan,0.954679799079895,0.0,1.0,0.0937543863178569,0.024371539875073057,0.8211023130792471,0.3140699777771935,0.05543599571766598,0.6354518175125122
rule-us_bound-soft_lr_bas-0.004,us,soft,0.004,4.0,30,203,random,6,1800,0,50,1.0,1.0,20.0,0.0,100.0,1.0,2.0,0.5,0.5,0.15,0,nan,5,nan,nan,0.5136900000000001,0.0005063783610239625,nan,1.0167105197906494,4.5019241941332483e-23,0.48033488988876344,0.0936221528679386,0.0981318317145002,0.8015211239626023,0.8032837347385403,0.042353891618916846,0.300256735086441
rule-us_bound-soft_lr_bas-0.016,us,soft,0.016,4.0,30,203,random,6,1800,0,50,1.0,1.0,20.0,0.0,100.0,1.0,2.0,0.5,0.5,0.15,1,nan,4,nan,nan,0.510275,0.003679078188724816,nan,1.1214095652103424,5.709375683185653e-23,0.94382444024086,0.09191285934295394,0.11976870716425382,0.8039267832883052,0.811000330923308,0.06742568739077416,0.8035525605082512
rule-us_bound-soft_lr_bas-0.064,us,soft,0.064,4.0,30,203,random,6,1800,0,50,1.0,1.0,20.0,0.0,100.0,1.0,2.0,0.5,0.5,0.15,5,nan,0,nan,nan,nan,nan,nan,nan,nan,nan,nan,nan,nan,nan,nan,nan
rule-us_bound-l1_lr_bas-0.004,us,l1,0.004,4.0,30,203,random,6,1800,0,50,1.0,1.0,20.0,0.0,100.0,1.0,2.0,0.5,0.5,0.15,0,nan,5,nan,nan,0.51235,0.007995136547833681,nan,1.0,6.148374814074486e-05,0.352681964635849,0.09362215285005715,0.15784478850772277,0.8015211241917181,0.38294630454306944,0.0484326849485119,0.3076679602265358
rule-us_bound-l1_lr_bas-0.016,us,l1,0.016,4.0,30,203,random,6,1800,0,50,1.0,1.0,20.0,0.0,100.0,1.0,2.0,0.5,0.5,0.15,0,nan,5,nan,nan,0.5155099999999999,0.03130024261772633,nan,1.0,8.507850325258914e-05,0.4180969953536987,0.09362215285005715,0.37383001719319714,0.8015211241917181,0.19918423742756386,0.11906769384946583,0.6140290439128876
rule-us_bound-l1_lr_bas-0.064,us,l1,0.064,4.0,30,203,random,6,1800,0,50,1.0,1.0,20.0,0.0,100.0,1.0,2.0,0.5,0.5,0.15,5,nan,0,nan,nan,nan,nan,nan,nan,nan,nan,nan,nan,nan,nan,nan,nan
rule-calcium_bound-soft_lr_bas-0.004,calcium,soft,0.004,4.0,30,203,random,6,1800,0,50,1.0,1.0,20.0,0.0,100.0,1.0,2.0,0.5,0.5,0.15,5,nan,0,nan,nan,nan,nan,nan,nan,nan,nan,nan,nan,nan,nan,nan,nan
rule-calcium_bound-soft_lr_bas-0.016,calcium,soft,0.016,4.0,30,203,random,6,1800,0,50,1.0,1.0,20.0,0.0,100.0,1.0,2.0,0.5,0.5,0.15,5,nan,0,nan,nan,nan,nan,nan,nan,nan,nan,nan,nan,nan,nan,nan,nan
rule-calcium_bound-soft_lr_bas-0.064,calcium,soft,0.064,4.0,30,203,random,6,1800,0,50,1.0,1.0,20.0,0.0,100.0,1.0,2.0,0.5,0.5,0.15,5,nan,0,nan,nan,nan,nan,nan,nan,nan,nan,nan,nan,nan,nan,nan,nan
rule-calcium_bound-l1_lr_bas-0.004,calcium,l1,0.004,4.0,30,203,random,6,1800,0,50,1.0,1.0,20.0,0.0,100.0,1.0,2.0,0.5,0.5,0.15,0,nan,5,nan,nan,0.51418,0.03412937745451927,nan,1.0,0.0,0.943722379207611,0.09375216857287831,0.16005687233799493,0.8225777708461587,0.4349890733720462,0.2249902269098761,0.9999992489814759
rule-calcium_bound-l1_lr_bas-0.016,calcium,l1,0.016,4.0,30,203,random,6,1800,0,50,1.0,1.0,20.0,0.0,100.0,1.0,2.0,0.5,0.5,0.15,0,nan,5,nan,nan,0.51425,0.0353532686829567,nan,1.0,0.0,0.9212155699729919,0.09418926088358487,0.15958330903175438,0.8330041758596588,0.5198519051393371,0.1975077424336023,0.9999990105628968
rule-calcium_bound-l1_lr_bas-0.064,calcium,l1,0.064,4.0,30,203,random,6,1800,0,50,1.0,1.0,20.0,0.0,100.0,1.0,2.0,0.5,0.5,0.15,0,nan,5,nan,nan,0.51418,0.04029745161533356,nan,1.0,0.0,0.9190205454826355,0.09607592910665999,0.2060375408938012,0.8482546476508377,0.468409554402334,0.21784553866549006,0.99999840259552
