config,rule,bound,lr_bas,lr_ap,lr_policy,lr_td,lr_trace,theta_0,theta_bas_0,rule_sees_gain,lr_dep,dep_form,theta_gate,n_noise,n_z,init,init_power,init_sigma,init_alpha,w_bas_scale,gain_at_preferred,sort_neurons,n_trials,reset_at_lift,n_trials_inhibited,snapshot_every,store_full,gate_power,gh_post,gh_theta_scale,oja_decay,burst_tau,burst_kappa,bcm_tau,us_tau,bcm_e0_scale,ca_beta,ca_theta_p,ca_ltd_frac,ca_gamma_d,ca_smooth,n_failed,diverged,expert_proxy,expert_proxy_n_not_reached,expert_after_lift,perf_inhibited_end,final_perf,w_bas_change,w_bas_change_inhibited,w_bas_sum_mean,w_bas_min,w_bas_max,task_frac_start,task_frac_end,selectivity_start,selectivity_end,det_tone_start,det_texture_start,det_distractor_start,det_tone,det_texture,det_distractor,w_ap_mean,w_ap_max
lr_policy-0.008_lr_td-0.008_lr_ap-0.064_lr_trace-0.256_w_bas_scale-1,none,soft,0.016,0.064,0.008,0.008,0.256,4.0,,True,0.0,thr,,30,203,random,12,1.0,0.1,1,False,False,2500,,0,50,False,1.0,som,1.0,1.0,20.0,0.0,100.0,inf,1.0,2.0,1.5,0.5,0.5,0.15,0,0,1958.5,3,nan,nan,0.67134,0.0,nan,1.0,8.688050478813866e-44,0.7493292331695557,0.09588589753262526,0.09588589753262526,0.8807857713760245,0.8807857713760245,0.8,0.6,11.6,0.8,0.6,11.6,0.07074812613427639,0.9999999284744263
lr_policy-0.008_lr_td-0.008_lr_ap-0.064_lr_trace-0.256_w_bas_scale-2,none,soft,0.016,0.064,0.008,0.008,0.256,4.0,,True,0.0,thr,,30,203,random,12,1.0,0.1,2,False,False,2500,,0,50,False,1.0,som,1.0,1.0,20.0,0.0,100.0,inf,1.0,2.0,1.5,0.5,0.5,0.15,0,0,812.2,0,nan,nan,0.9887499999999999,0.0,nan,2.0,1.7376100957627732e-43,1.4986584663391114,0.09588589753262526,0.09588589753262526,0.8818797871599713,0.8818797871599713,4.6,9.0,132.8,4.6,9.0,132.8,0.5057143926620483,1.0
lr_policy-0.008_lr_td-0.008_lr_ap-0.064_lr_trace-0.256_w_bas_scale-4,none,soft,0.016,0.064,0.008,0.008,0.256,4.0,,True,0.0,thr,,30,203,random,12,1.0,0.1,4,False,False,2500,,0,50,False,1.0,som,1.0,1.0,20.0,0.0,100.0,inf,1.0,2.0,1.5,0.5,0.5,0.15,0,5,nan,5,nan,nan,nan,0.0,nan,4.0,3.4752201915255463e-43,2.9973169326782227,0.09588589753262526,0.09588589753262526,0.8829300076498644,0.8829300076498644,7.0,13.2,182.8,7.0,13.2,182.8,nan,nan
lr_policy-0.008_lr_td-0.008_lr_ap-0.064_lr_trace-1.0_w_bas_scale-1,none,soft,0.016,0.064,0.008,0.008,1.0,4.0,,True,0.0,thr,,30,203,random,12,1.0,0.1,1,False,False,2500,,0,50,False,1.0,som,1.0,1.0,20.0,0.0,100.0,inf,1.0,2.0,1.5,0.5,0.5,0.15,0,0,1913.5,3,nan,nan,0.67034,0.0,nan,1.0,8.688050478813866e-44,0.7493292331695557,0.09588589753262526,0.09588589753262526,0.8807857713760245,0.8807857713760245,0.8,0.6,11.6,0.8,0.6,11.6,0.07613386996090413,0.9999999642372132
lr_policy-0.008_lr_td-0.008_lr_ap-0.064_lr_trace-1.0_w_bas_scale-2,none,soft,0.016,0.064,0.008,0.008,1.0,4.0,,True,0.0,thr,,30,203,random,12,1.0,0.1,2,False,False,2500,,0,50,False,1.0,som,1.0,1.0,20.0,0.0,100.0,inf,1.0,2.0,1.5,0.5,0.5,0.15,0,0,1041.2,0,nan,nan,0.92257,0.0,nan,2.0,1.7376100957627732e-43,1.4986584663391114,0.09588589753262526,0.09588589753262526,0.8818797871599713,0.8818797871599713,4.6,9.0,132.8,4.6,9.0,132.8,0.5286086976528168,1.0
lr_policy-0.008_lr_td-0.008_lr_ap-0.064_lr_trace-1.0_w_bas_scale-4,none,soft,0.016,0.064,0.008,0.008,1.0,4.0,,True,0.0,thr,,30,203,random,12,1.0,0.1,4,False,False,2500,,0,50,False,1.0,som,1.0,1.0,20.0,0.0,100.0,inf,1.0,2.0,1.5,0.5,0.5,0.15,0,5,nan,5,nan,nan,nan,0.0,nan,4.0,3.4752201915255463e-43,2.9973169326782227,0.09588589753262526,0.09588589753262526,0.8829300076498644,0.8829300076498644,7.0,13.2,182.8,7.0,13.2,182.8,nan,nan
lr_policy-0.008_lr_td-0.008_lr_ap-0.128_lr_trace-0.256_w_bas_scale-1,none,soft,0.016,0.128,0.008,0.008,0.256,4.0,,True,0.0,thr,,30,203,random,12,1.0,0.1,1,False,False,2500,,0,50,False,1.0,som,1.0,1.0,20.0,0.0,100.0,inf,1.0,2.0,1.5,0.5,0.5,0.15,0,0,1906.0,3,nan,nan,0.6706800000000002,0.0,nan,1.0,8.688050478813866e-44,0.7493292331695557,0.09588589753262526,0.09588589753262526,0.8807857713760245,0.8807857713760245,0.8,0.6,11.6,0.8,0.6,11.6,0.05503869988024235,0.9999999880790711
lr_policy-0.008_lr_td-0.008_lr_ap-0.128_lr_trace-0.256_w_bas_scale-2,none,soft,0.016,0.128,0.008,0.008,0.256,4.0,,True,0.0,thr,,30,203,random,12,1.0,0.1,2,False,False,2500,,0,50,False,1.0,som,1.0,1.0,20.0,0.0,100.0,inf,1.0,2.0,1.5,0.5,0.5,0.15,0,0,545.4,0,nan,nan,0.98892,0.0,nan,2.0,1.7376100957627732e-43,1.4986584663391114,0.09588589753262526,0.09588589753262526,0.8818797871599713,0.8818797871599713,4.6,9.0,132.8,4.6,9.0,132.8,0.45813640356063845,1.0
lr_policy-0.008_lr_td-0.008_lr_ap-0.128_lr_trace-0.256_w_bas_scale-4,none,soft,0.016,0.128,0.008,0.008,0.256,4.0,,True,0.0,thr,,30,203,random,12,1.0,0.1,4,False,False,2500,,0,50,False,1.0,som,1.0,1.0,20.0,0.0,100.0,inf,1.0,2.0,1.5,0.5,0.5,0.15,0,5,nan,5,nan,nan,nan,0.0,nan,4.0,3.4752201915255463e-43,2.9973169326782227,0.09588589753262526,0.09588589753262526,0.8829300076498644,0.8829300076498644,7.0,13.2,182.8,7.0,13.2,182.8,nan,nan
lr_policy-0.008_lr_td-0.008_lr_ap-0.128_lr_trace-1.0_w_bas_scale-1,none,soft,0.016,0.128,0.008,0.008,1.0,4.0,,True,0.0,thr,,30,203,random,12,1.0,0.1,1,False,False,2500,,0,50,False,1.0,som,1.0,1.0,20.0,0.0,100.0,inf,1.0,2.0,1.5,0.5,0.5,0.15,0,0,1883.0,3,nan,nan,0.6715,0.0,nan,1.0,8.688050478813866e-44,0.7493292331695557,0.09588589753262526,0.09588589753262526,0.8807857713760245,0.8807857713760245,0.8,0.6,11.6,0.8,0.6,11.6,0.05754938907921314,0.9999999880790711
lr_policy-0.008_lr_td-0.008_lr_ap-0.128_lr_trace-1.0_w_bas_scale-2,none,soft,0.016,0.128,0.008,0.008,1.0,4.0,,True,0.0,thr,,30,203,random,12,1.0,0.1,2,False,False,2500,,0,50,False,1.0,som,1.0,1.0,20.0,0.0,100.0,inf,1.0,2.0,1.5,0.5,0.5,0.15,0,0,1145.4,0,nan,nan,0.91751,0.0,nan,2.0,1.7376100957627732e-43,1.4986584663391114,0.09588589753262526,0.09588589753262526,0.8818797871599713,0.8818797871599713,4.6,9.0,132.8,4.6,9.0,132.8,0.48279678225517275,1.0
lr_policy-0.008_lr_td-0.008_lr_ap-0.128_lr_trace-1.0_w_bas_scale-4,none,soft,0.016,0.128,0.008,0.008,1.0,4.0,,True,0.0,thr,,30,203,random,12,1.0,0.1,4,False,False,2500,,0,50,False,1.0,som,1.0,1.0,20.0,0.0,100.0,inf,1.0,2.0,1.5,0.5,0.5,0.15,0,5,nan,5,nan,nan,nan,0.0,nan,4.0,3.4752201915255463e-43,2.9973169326782227,0.09588589753262526,0.09588589753262526,0.8829300076498644,0.8829300076498644,7.0,13.2,182.8,7.0,13.2,182.8,nan,nan
lr_policy-0.008_lr_td-0.008_lr_ap-0.256_lr_trace-0.256_w_bas_scale-1,none,soft,0.016,0.256,0.008,0.008,0.256,4.0,,True,0.0,thr,,30,203,random,12,1.0,0.1,1,False,False,2500,,0,50,False,1.0,som,1.0,1.0,20.0,0.0,100.0,inf,1.0,2.0,1.5,0.5,0.5,0.15,0,0,1900.0,3,nan,nan,0.6641200000000002,0.0,nan,1.0,8.688050478813866e-44,0.7493292331695557,0.09588589753262526,0.09588589753262526,0.8807857713760245,0.8807857713760245,0.8,0.6,11.6,0.8,0.6,11.6,0.03472057897597551,1.0
lr_policy-0.008_lr_td-0.008_lr_ap-0.256_lr_trace-0.256_w_bas_scale-2,none,soft,0.016,0.256,0.008,0.008,0.256,4.0,,True,0.0,thr,,30,203,random,12,1.0,0.1,2,False,False,2500,,0,50,False,1.0,som,1.0,1.0,20.0,0.0,100.0,inf,1.0,2.0,1.5,0.5,0.5,0.15,0,0,490.2,0,nan,nan,0.9894400000000001,0.0,nan,2.0,1.7376100957627732e-43,1.4986584663391114,0.09588589753262526,0.09588589753262526,0.8818797871599713,0.8818797871599713,4.6,9.0,132.8,4.6,9.0,132.8,0.4226852774620056,1.0
lr_policy-0.008_lr_td-0.008_lr_ap-0.256_lr_trace-0.256_w_bas_scale-4,none,soft,0.016,0.256,0.008,0.008,0.256,4.0,,True,0.0,thr,,30,203,random,12,1.0,0.1,4,False,False,2500,,0,50,False,1.0,som,1.0,1.0,20.0,0.0,100.0,inf,1.0,2.0,1.5,0.5,0.5,0.15,0,5,nan,5,nan,nan,nan,0.0,nan,4.0,3.4752201915255463e-43,2.9973169326782227,0.09588589753262526,0.09588589753262526,0.8829300076498644,0.8829300076498644,7.0,13.2,182.8,7.0,13.2,182.8,nan,nan
lr_policy-0.008_lr_td-0.008_lr_ap-0.256_lr_trace-1.0_w_bas_scale-1,none,soft,0.016,0.256,0.008,0.008,1.0,4.0,,True,0.0,thr,,30,203,random,12,1.0,0.1,1,False,False,2500,,0,50,False,1.0,som,1.0,1.0,20.0,0.0,100.0,inf,1.0,2.0,1.5,0.5,0.5,0.15,0,0,1886.0,3,nan,nan,0.66469,0.0,nan,1.0,8.688050478813866e-44,0.7493292331695557,0.09588589753262526,0.09588589753262526,0.8807857713760245,0.8807857713760245,0.8,0.6,11.6,0.8,0.6,11.6,0.035710737481713294,1.0
lr_policy-0.008_lr_td-0.008_lr_ap-0.256_lr_trace-1.0_w_bas_scale-2,none,soft,0.016,0.256,0.008,0.008,1.0,4.0,,True,0.0,thr,,30,203,random,12,1.0,0.1,2,False,False,2500,,0,50,False,1.0,som,1.0,1.0,20.0,0.0,100.0,inf,1.0,2.0,1.5,0.5,0.5,0.15,0,0,1010.6,0,nan,nan,0.92021,0.0,nan,2.0,1.7376100957627732e-43,1.4986584663391114,0.09588589753262526,0.09588589753262526,0.8818797871599713,0.8818797871599713,4.6,9.0,132.8,4.6,9.0,132.8,0.44336360692977905,1.0
lr_policy-0.008_lr_td-0.008_lr_ap-0.256_lr_trace-1.0_w_bas_scale-4,none,soft,0.016,0.256,0.008,0.008,1.0,4.0,,True,0.0,thr,,30,203,random,12,1.0,0.1,4,False,False,2500,,0,50,False,1.0,som,1.0,1.0,20.0,0.0,100.0,inf,1.0,2.0,1.5,0.5,0.5,0.15,1,4,nan,4,nan,nan,nan,0.0,nan,4.0,4.203895392974451e-45,2.950170397758484,0.09704826427269145,0.09704826427269145,0.8832790486507672,0.8832790486507672,6.75,13.25,183.0,6.75,13.25,183.0,nan,nan
lr_policy-0.008_lr_td-0.016_lr_ap-0.064_lr_trace-0.256_w_bas_scale-1,none,soft,0.016,0.064,0.008,0.016,0.256,4.0,,True,0.0,thr,,30,203,random,12,1.0,0.1,1,False,False,2500,,0,50,False,1.0,som,1.0,1.0,20.0,0.0,100.0,inf,1.0,2.0,1.5,0.5,0.5,0.15,0,0,1727.6666666666667,2,nan,nan,0.77186,0.0,nan,1.0,8.688050478813866e-44,0.7493292331695557,0.09588589753262526,0.09588589753262526,0.8807857713760245,0.8807857713760245,0.8,0.6,11.6,0.8,0.6,11.6,0.0993171289563179,0.9999999523162841
lr_policy-0.008_lr_td-0.016_lr_ap-0.064_lr_trace-0.256_w_bas_scale-2,none,soft,0.016,0.064,0.008,0.016,0.256,4.0,,True,0.0,thr,,30,203,random,12,1.0,0.1,2,False,False,2500,,0,50,False,1.0,som,1.0,1.0,20.0,0.0,100.0,inf,1.0,2.0,1.5,0.5,0.5,0.15,0,5,nan,5,nan,nan,nan,0.0,nan,2.0,1.7376100957627732e-43,1.4986584663391114,0.09588589753262526,0.09588589753262526,0.8818797871599713,0.8818797871599713,4.6,9.0,132.8,4.6,9.0,132.8,nan,nan
lr_policy-0.008_lr_td-0.016_lr_ap-0.064_lr_trace-0.256_w_bas_scale-4,none,soft,0.016,0.064,0.008,0.016,0.256,4.0,,True,0.0,thr,,30,203,random,12,1.0,0.1,4,False,False,2500,,0,50,False,1.0,som,1.0,1.0,20.0,0.0,100.0,inf,1.0,2.0,1.5,0.5,0.5,0.15,0,5,nan,5,nan,nan,nan,0.0,nan,4.0,3.4752201915255463e-43,2.9973169326782227,0.09588589753262526,0.09588589753262526,0.8829300076498644,0.8829300076498644,7.0,13.2,182.8,7.0,13.2,182.8,nan,nan
lr_policy-0.008_lr_td-0.016_lr_ap-0.064_lr_trace-1.0_w_bas_scale-1,none,soft,0.016,0.064,0.008,0.016,1.0,4.0,,True,0.0,thr,,30,203,random,12,1.0,0.1,1,False,False,2500,,0,50,False,1.0,som,1.0,1.0,20.0,0.0,100.0,inf,1.0,2.0,1.5,0.5,0.5,0.15,0,0,1842.6666666666667,2,nan,nan,0.78664,0.0,nan,1.0,8.688050478813866e-44,0.7493292331695557,0.09588589753262526,0.09588589753262526,0.8807857713760245,0.8807857713760245,0.8,0.6,11.6,0.8,0.6,11.6,0.1053333431482315,0.9999999880790711
lr_policy-0.008_lr_td-0.016_lr_ap-0.064_lr_trace-1.0_w_bas_scale-2,none,soft,0.016,0.064,0.008,0.016,1.0,4.0,,True,0.0,thr,,30,203,random,12,1.0,0.1,2,False,False,2500,,0,50,False,1.0,som,1.0,1.0,20.0,0.0,100.0,inf,1.0,2.0,1.5,0.5,0.5,0.15,0,5,nan,5,nan,nan,nan,0.0,nan,2.0,1.7376100957627732e-43,1.4986584663391114,0.09588589753262526,0.09588589753262526,0.8818797871599713,0.8818797871599713,4.6,9.0,132.8,4.6,9.0,132.8,nan,nan
lr_policy-0.008_lr_td-0.016_lr_ap-0.064_lr_trace-1.0_w_bas_scale-4,none,soft,0.016,0.064,0.008,0.016,1.0,4.0,,True,0.0,thr,,30,203,random,12,1.0,0.1,4,False,False,2500,,0,50,False,1.0,som,1.0,1.0,20.0,0.0,100.0,inf,1.0,2.0,1.5,0.5,0.5,0.15,0,5,nan,5,nan,nan,nan,0.0,nan,4.0,3.4752201915255463e-43,2.9973169326782227,0.09588589753262526,0.09588589753262526,0.8829300076498644,0.8829300076498644,7.0,13.2,182.8,7.0,13.2,182.8,nan,nan
lr_policy-0.008_lr_td-0.016_lr_ap-0.128_lr_trace-0.256_w_bas_scale-1,none,soft,0.016,0.128,0.008,0.016,0.256,4.0,,True,0.0,thr,,30,203,random,12,1.0,0.1,1,False,False,2500,,0,50,False,1.0,som,1.0,1.0,20.0,0.0,100.0,inf,1.0,2.0,1.5,0.5,0.5,0.15,0,0,1406.5,3,nan,nan,0.72778,0.0,nan,1.0,8.688050478813866e-44,0.7493292331695557,0.09588589753262526,0.09588589753262526,0.8807857713760245,0.8807857713760245,0.8,0.6,11.6,0.8,0.6,11.6,0.07516437396407127,1.0
lr_policy-0.008_lr_td-0.016_lr_ap-0.128_lr_trace-0.256_w_bas_scale-2,none,soft,0.016,0.128,0.008,0.016,0.256,4.0,,True,0.0,thr,,30,203,random,12,1.0,0.1,2,False,False,2500,,0,50,False,1.0,som,1.0,1.0,20.0,0.0,100.0,inf,1.0,2.0,1.5,0.5,0.5,0.15,0,5,nan,5,nan,nan,nan,0.0,nan,2.0,1.7376100957627732e-43,1.4986584663391114,0.09588589753262526,0.09588589753262526,0.8818797871599713,0.8818797871599713,4.6,9.0,132.8,4.6,9.0,132.8,nan,nan
lr_policy-0.008_lr_td-0.016_lr_ap-0.128_lr_trace-0.256_w_bas_scale-4,none,soft,0.016,0.128,0.008,0.016,0.256,4.0,,True,0.0,thr,,30,203,random,12,1.0,0.1,4,False,False,2500,,0,50,False,1.0,som,1.0,1.0,20.0,0.0,100.0,inf,1.0,2.0,1.5,0.5,0.5,0.15,0,5,nan,5,nan,nan,nan,0.0,nan,4.0,3.4752201915255463e-43,2.9973169326782227,0.09588589753262526,0.09588589753262526,0.8829300076498644,0.8829300076498644,7.0,13.2,182.8,7.0,13.2,182.8,nan,nan
lr_policy-0.008_lr_td-0.016_lr_ap-0.128_lr_trace-1.0_w_bas_scale-1,none,soft,0.016,0.128,0.008,0.016,1.0,4.0,,True,0.0,thr,,30,203,random,12,1.0,0.1,1,False,False,2500,,0,50,False,1.0,som,1.0,1.0,20.0,0.0,100.0,inf,1.0,2.0,1.5,0.5,0.5,0.15,0,0,1406.0,3,nan,nan,0.74026,0.0,nan,1.0,8.688050478813866e-44,0.7493292331695557,0.09588589753262526,0.09588589753262526,0.8807857713760245,0.8807857713760245,0.8,0.6,11.6,0.8,0.6,11.6,0.08067031726241111,1.0
lr_policy-0.008_lr_td-0.016_lr_ap-0.128_lr_trace-1.0_w_bas_scale-2,none,soft,0.016,0.128,0.008,0.016,1.0,4.0,,True,0.0,thr,,30,203,random,12,1.0,0.1,2,False,False,2500,,0,50,False,1.0,som,1.0,1.0,20.0,0.0,100.0,inf,1.0,2.0,1.5,0.5,0.5,0.15,0,5,nan,5,nan,nan,nan,0.0,nan,2.0,1.7376100957627732e-43,1.4986584663391114,0.09588589753262526,0.09588589753262526,0.8818797871599713,0.8818797871599713,4.6,9.0,132.8,4.6,9.0,132.8,nan,nan
lr_policy-0.008_lr_td-0.016_lr_ap-0.128_lr_trace-1.0_w_bas_scale-4,none,soft,0.016,0.128,0.008,0.016,1.0,4.0,,True,0.0,thr,,30,203,random,12,1.0,0.1,4,False,False,2500,,0,50,False,1.0,som,1.0,1.0,20.0,0.0,100.0,inf,1.0,2.0,1.5,0.5,0.5,0.15,0,5,nan,5,nan,nan,nan,0.0,nan,4.0,3.4752201915255463e-43,2.9973169326782227,0.09588589753262526,0.09588589753262526,0.8829300076498644,0.8829300076498644,7.0,13.2,182.8,7.0,13.2,182.8,nan,nan
lr_policy-0.008_lr_td-0.016_lr_ap-0.256_lr_trace-0.256_w_bas_scale-1,none,soft,0.016,0.256,0.008,0.016,0.256,4.0,,True,0.0,thr,,30,203,random,12,1.0,0.1,1,False,False,2500,,0,50,False,1.0,som,1.0,1.0,20.0,0.0,100.0,inf,1.0,2.0,1.5,0.5,0.5,0.15,0,0,1405.0,3,nan,nan,0.7065699999999999,0.0,nan,1.0,8.688050478813866e-44,0.7493292331695557,0.09588589753262526,0.09588589753262526,0.8807857713760245,0.8807857713760245,0.8,0.6,11.6,0.8,0.6,11.6,0.05722564235329628,1.0
lr_policy-0.008_lr_td-0.016_lr_ap-0.256_lr_trace-0.256_w_bas_scale-2,none,soft,0.016,0.256,0.008,0.016,0.256,4.0,,True,0.0,thr,,30,203,random,12,1.0,0.1,2,False,False,2500,,0,50,False,1.0,som,1.0,1.0,20.0,0.0,100.0,inf,1.0,2.0,1.5,0.5,0.5,0.15,0,5,nan,5,nan,nan,nan,0.0,nan,2.0,1.7376100957627732e-43,1.4986584663391114,0.09588589753262526,0.09588589753262526,0.8818797871599713,0.8818797871599713,4.6,9.0,132.8,4.6,9.0,132.8,nan,nan
lr_policy-0.008_lr_td-0.016_lr_ap-0.256_lr_trace-0.256_w_bas_scale-4,none,soft,0.016,0.256,0.008,0.016,0.256,4.0,,True,0.0,thr,,30,203,random,12,1.0,0.1,4,False,False,2500,,0,50,False,1.0,som,1.0,1.0,20.0,0.0,100.0,inf,1.0,2.0,1.5,0.5,0.5,0.15,0,5,nan,5,nan,nan,nan,0.0,nan,4.0,3.4752201915255463e-43,2.9973169326782227,0.09588589753262526,0.09588589753262526,0.8829300076498644,0.8829300076498644,7.0,13.2,182.8,7.0,13.2,182.8,nan,nan
lr_policy-0.008_lr_td-0.016_lr_ap-0.256_lr_trace-1.0_w_bas_scale-1,none,soft,0.016,0.256,0.008,0.016,1.0,4.0,,True,0.0,thr,,30,203,random,12,1.0,0.1,1,False,False,2500,,0,50,False,1.0,som,1.0,1.0,20.0,0.0,100.0,inf,1.0,2.0,1.5,0.5,0.5,0.15,0,0,1452.5,3,nan,nan,0.6989699999999999,0.0,nan,1.0,8.688050478813866e-44,0.7493292331695557,0.09588589753262526,0.09588589753262526,0.8807857713760245,0.8807857713760245,0.8,0.6,11.6,0.8,0.6,11.6,0.057474912330508235,1.0
lr_policy-0.008_lr_td-0.016_lr_ap-0.256_lr_trace-1.0_w_bas_scale-2,none,soft,0.016,0.256,0.008,0.016,1.0,4.0,,True,0.0,thr,,30,203,random,12,1.0,0.1,2,False,False,2500,,0,50,False,1.0,som,1.0,1.0,20.0,0.0,100.0,inf,1.0,2.0,1.5,0.5,0.5,0.15,0,5,nan,5,nan,nan,nan,0.0,nan,2.0,1.7376100957627732e-43,1.4986584663391114,0.09588589753262526,0.09588589753262526,0.8818797871599713,0.8818797871599713,4.6,9.0,132.8,4.6,9.0,132.8,nan,nan
lr_policy-0.008_lr_td-0.016_lr_ap-0.256_lr_trace-1.0_w_bas_scale-4,none,soft,0.016,0.256,0.008,0.016,1.0,4.0,,True,0.0,thr,,30,203,random,12,1.0,0.1,4,False,False,2500,,0,50,False,1.0,som,1.0,1.0,20.0,0.0,100.0,inf,1.0,2.0,1.5,0.5,0.5,0.15,0,5,nan,5,nan,nan,nan,0.0,nan,4.0,3.4752201915255463e-43,2.9973169326782227,0.09588589753262526,0.09588589753262526,0.8829300076498644,0.8829300076498644,7.0,13.2,182.8,7.0,13.2,182.8,nan,nan
lr_policy-0.008_lr_td-0.032_lr_ap-0.064_lr_trace-0.256_w_bas_scale-1,none,soft,0.016,0.064,0.008,0.032,0.256,4.0,,True,0.0,thr,,30,203,random,12,1.0,0.1,1,False,False,2500,,0,50,False,1.0,som,1.0,1.0,20.0,0.0,100.0,inf,1.0,2.0,1.5,0.5,0.5,0.15,0,0,1783.8,0,nan,nan,0.9053899999999999,0.0,nan,1.0,8.688050478813866e-44,0.7493292331695557,0.09588589753262526,0.09588589753262526,0.8807857713760245,0.8807857713760245,0.8,0.6,11.6,0.8,0.6,11.6,0.11174353063106537,0.9999999403953552
lr_policy-0.008_lr_td-0.032_lr_ap-0.064_lr_trace-0.256_w_bas_scale-2,none,soft,0.016,0.064,0.008,0.032,0.256,4.0,,True,0.0,thr,,30,203,random,12,1.0,0.1,2,False,False,2500,,0,50,False,1.0,som,1.0,1.0,20.0,0.0,100.0,inf,1.0,2.0,1.5,0.5,0.5,0.15,0,5,nan,5,nan,nan,nan,0.0,nan,2.0,1.7376100957627732e-43,1.4986584663391114,0.09588589753262526,0.09588589753262526,0.8818797871599713,0.8818797871599713,4.6,9.0,132.8,4.6,9.0,132.8,nan,nan
lr_policy-0.008_lr_td-0.032_lr_ap-0.064_lr_trace-0.256_w_bas_scale-4,none,soft,0.016,0.064,0.008,0.032,0.256,4.0,,True,0.0,thr,,30,203,random,12,1.0,0.1,4,False,False,2500,,0,50,False,1.0,som,1.0,1.0,20.0,0.0,100.0,inf,1.0,2.0,1.5,0.5,0.5,0.15,0,5,nan,5,nan,nan,nan,0.0,nan,4.0,3.4752201915255463e-43,2.9973169326782227,0.09588589753262526,0.09588589753262526,0.8829300076498644,0.8829300076498644,7.0,13.2,182.8,7.0,13.2,182.8,nan,nan
lr_policy-0.008_lr_td-0.032_lr_ap-0.064_lr_trace-1.0_w_bas_scale-1,none,soft,0.016,0.064,0.008,0.032,1.0,4.0,,True,0.0,thr,,30,203,random,12,1.0,0.1,1,False,False,2500,,0,50,False,1.0,som,1.0,1.0,20.0,0.0,100.0,inf,1.0,2.0,1.5,0.5,0.5,0.15,0,0,1928.4,0,nan,nan,0.8875299999999999,0.0,nan,1.0,8.688050478813866e-44,0.7493292331695557,0.09588589753262526,0.09588589753262526,0.8807857713760245,0.8807857713760245,0.8,0.6,11.6,0.8,0.6,11.6,0.11656906753778458,1.0
lr_policy-0.008_lr_td-0.032_lr_ap-0.064_lr_trace-1.0_w_bas_scale-2,none,soft,0.016,0.064,0.008,0.032,1.0,4.0,,True,0.0,thr,,30,203,random,12,1.0,0.1,2,False,False,2500,,0,50,False,1.0,som,1.0,1.0,20.0,0.0,100.0,inf,1.0,2.0,1.5,0.5,0.5,0.15,0,5,nan,5,nan,nan,nan,0.0,nan,2.0,1.7376100957627732e-43,1.4986584663391114,0.09588589753262526,0.09588589753262526,0.8818797871599713,0.8818797871599713,4.6,9.0,132.8,4.6,9.0,132.8,nan,nan
lr_policy-0.008_lr_td-0.032_lr_ap-0.064_lr_trace-1.0_w_bas_scale-4,none,soft,0.016,0.064,0.008,0.032,1.0,4.0,,True,0.0,thr,,30,203,random,12,1.0,0.1,4,False,False,2500,,0,50,False,1.0,som,1.0,1.0,20.0,0.0,100.0,inf,1.0,2.0,1.5,0.5,0.5,0.15,0,5,nan,5,nan,nan,nan,0.0,nan,4.0,3.4752201915255463e-43,2.9973169326782227,0.09588589753262526,0.09588589753262526,0.8829300076498644,0.8829300076498644,7.0,13.2,182.8,7.0,13.2,182.8,nan,nan
lr_policy-0.008_lr_td-0.032_lr_ap-0.128_lr_trace-0.256_w_bas_scale-1,none,soft,0.016,0.128,0.008,0.032,0.256,4.0,,True,0.0,thr,,30,203,random,12,1.0,0.1,1,False,False,2500,,0,50,False,1.0,som,1.0,1.0,20.0,0.0,100.0,inf,1.0,2.0,1.5,0.5,0.5,0.15,0,0,1859.6,0,nan,nan,0.8800800000000001,0.0,nan,1.0,8.688050478813866e-44,0.7493292331695557,0.09588589753262526,0.09588589753262526,0.8807857713760245,0.8807857713760245,0.8,0.6,11.6,0.8,0.6,11.6,0.08294524326920509,1.0
lr_policy-0.008_lr_td-0.032_lr_ap-0.128_lr_trace-0.256_w_bas_scale-2,none,soft,0.016,0.128,0.008,0.032,0.256,4.0,,True,0.0,thr,,30,203,random,12,1.0,0.1,2,False,False,2500,,0,50,False,1.0,som,1.0,1.0,20.0,0.0,100.0,inf,1.0,2.0,1.5,0.5,0.5,0.15,0,5,nan,5,nan,nan,nan,0.0,nan,2.0,1.7376100957627732e-43,1.4986584663391114,0.09588589753262526,0.09588589753262526,0.8818797871599713,0.8818797871599713,4.6,9.0,132.8,4.6,9.0,132.8,nan,nan
lr_policy-0.008_lr_td-0.032_lr_ap-0.128_lr_trace-0.256_w_bas_scale-4,none,soft,0.016,0.128,0.008,0.032,0.256,4.0,,True,0.0,thr,,30,203,random,12,1.0,0.1,4,False,False,2500,,0,50,False,1.0,som,1.0,1.0,20.0,0.0,100.0,inf,1.0,2.0,1.5,0.5,0.5,0.15,0,5,nan,5,nan,nan,nan,0.0,nan,4.0,3.4752201915255463e-43,2.9973169326782227,0.09588589753262526,0.09588589753262526,0.8829300076498644,0.8829300076498644,7.0,13.2,182.8,7.0,13.2,182.8,nan,nan
lr_policy-0.008_lr_td-0.032_lr_ap-0.128_lr_trace-1.0_w_bas_scale-1,none,soft,0.016,0.128,0.008,0.032,1.0,4.0,,True,0.0,thr,,30,203,random,12,1.0,0.1,1,False,False,2500,,0,50,False,1.0,som,1.0,1.0,20.0,0.0,100.0,inf,1.0,2.0,1.5,0.5,0.5,0.15,0,0,1843.25,1,nan,nan,0.8647500000000001,0.0,nan,1.0,8.688050478813866e-44,0.7493292331695557,0.09588589753262526,0.09588589753262526,0.8807857713760245,0.8807857713760245,0.8,0.6,11.6,0.8,0.6,11.6,0.0838908925652504,1.0
lr_policy-0.008_lr_td-0.032_lr_ap-0.128_lr_trace-1.0_w_bas_scale-2,none,soft,0.016,0.128,0.008,0.032,1.0,4.0,,True,0.0,thr,,30,203,random,12,1.0,0.1,2,False,False,2500,,0,50,False,1.0,som,1.0,1.0,20.0,0.0,100.0,inf,1.0,2.0,1.5,0.5,0.5,0.15,0,5,nan,5,nan,nan,nan,0.0,nan,2.0,1.7376100957627732e-43,1.4986584663391114,0.09588589753262526,0.09588589753262526,0.8818797871599713,0.8818797871599713,4.6,9.0,132.8,4.6,9.0,132.8,nan,nan
lr_policy-0.008_lr_td-0.032_lr_ap-0.128_lr_trace-1.0_w_bas_scale-4,none,soft,0.016,0.128,0.008,0.032,1.0,4.0,,True,0.0,thr,,30,203,random,12,1.0,0.1,4,False,False,2500,,0,50,False,1.0,som,1.0,1.0,20.0,0.0,100.0,inf,1.0,2.0,1.5,0.5,0.5,0.15,0,5,nan,5,nan,nan,nan,0.0,nan,4.0,3.4752201915255463e-43,2.9973169326782227,0.09588589753262526,0.09588589753262526,0.8829300076498644,0.8829300076498644,7.0,13.2,182.8,7.0,13.2,182.8,nan,nan
lr_policy-0.008_lr_td-0.032_lr_ap-0.256_lr_trace-0.256_w_bas_scale-1,none,soft,0.016,0.256,0.008,0.032,0.256,4.0,,True,0.0,thr,,30,203,random,12,1.0,0.1,1,False,False,2500,,0,50,False,1.0,som,1.0,1.0,20.0,0.0,100.0,inf,1.0,2.0,1.5,0.5,0.5,0.15,0,0,1634.3333333333333,2,nan,nan,0.8001299999999999,0.0,nan,1.0,8.688050478813866e-44,0.7493292331695557,0.09588589753262526,0.09588589753262526,0.8807857713760245,0.8807857713760245,0.8,0.6,11.6,0.8,0.6,11.6,0.06331311464309693,1.0
lr_policy-0.008_lr_td-0.032_lr_ap-0.256_lr_trace-0.256_w_bas_scale-2,none,soft,0.016,0.256,0.008,0.032,0.256,4.0,,True,0.0,thr,,30,203,random,12,1.0,0.1,2,False,False,2500,,0,50,False,1.0,som,1.0,1.0,20.0,0.0,100.0,inf,1.0,2.0,1.5,0.5,0.5,0.15,0,5,nan,5,nan,nan,nan,0.0,nan,2.0,1.7376100957627732e-43,1.4986584663391114,0.09588589753262526,0.09588589753262526,0.8818797871599713,0.8818797871599713,4.6,9.0,132.8,4.6,9.0,132.8,nan,nan
lr_policy-0.008_lr_td-0.032_lr_ap-0.256_lr_trace-0.256_w_bas_scale-4,none,soft,0.016,0.256,0.008,0.032,0.256,4.0,,True,0.0,thr,,30,203,random,12,1.0,0.1,4,False,False,2500,,0,50,False,1.0,som,1.0,1.0,20.0,0.0,100.0,inf,1.0,2.0,1.5,0.5,0.5,0.15,0,5,nan,5,nan,nan,nan,0.0,nan,4.0,3.4752201915255463e-43,2.9973169326782227,0.09588589753262526,0.09588589753262526,0.8829300076498644,0.8829300076498644,7.0,13.2,182.8,7.0,13.2,182.8,nan,nan
lr_policy-0.008_lr_td-0.032_lr_ap-0.256_lr_trace-1.0_w_bas_scale-1,none,soft,0.016,0.256,0.008,0.032,1.0,4.0,,True,0.0,thr,,30,203,random,12,1.0,0.1,1,False,False,2500,,0,50,False,1.0,som,1.0,1.0,20.0,0.0,100.0,inf,1.0,2.0,1.5,0.5,0.5,0.15,0,0,1746.0,2,nan,nan,0.78374,0.0,nan,1.0,8.688050478813866e-44,0.7493292331695557,0.09588589753262526,0.09588589753262526,0.8807857713760245,0.8807857713760245,0.8,0.6,11.6,0.8,0.6,11.6,0.06310329660773277,1.0
lr_policy-0.008_lr_td-0.032_lr_ap-0.256_lr_trace-1.0_w_bas_scale-2,none,soft,0.016,0.256,0.008,0.032,1.0,4.0,,True,0.0,thr,,30,203,random,12,1.0,0.1,2,False,False,2500,,0,50,False,1.0,som,1.0,1.0,20.0,0.0,100.0,inf,1.0,2.0,1.5,0.5,0.5,0.15,0,5,nan,5,nan,nan,nan,0.0,nan,2.0,1.7376100957627732e-43,1.4986584663391114,0.09588589753262526,0.09588589753262526,0.8818797871599713,0.8818797871599713,4.6,9.0,132.8,4.6,9.0,132.8,nan,nan
lr_policy-0.008_lr_td-0.032_lr_ap-0.256_lr_trace-1.0_w_bas_scale-4,none,soft,0.016,0.256,0.008,0.032,1.0,4.0,,True,0.0,thr,,30,203,random,12,1.0,0.1,4,False,False,2500,,0,50,False,1.0,som,1.0,1.0,20.0,0.0,100.0,inf,1.0,2.0,1.5,0.5,0.5,0.15,0,5,nan,5,nan,nan,nan,0.0,nan,4.0,3.4752201915255463e-43,2.9973169326782227,0.09588589753262526,0.09588589753262526,0.8829300076498644,0.8829300076498644,7.0,13.2,182.8,7.0,13.2,182.8,nan,nan
lr_policy-0.008_lr_td-0.056_lr_ap-0.064_lr_trace-0.256_w_bas_scale-1,none,soft,0.016,0.064,0.008,0.056,0.256,4.0,,True,0.0,thr,,30,203,random,12,1.0,0.1,1,False,False,2500,,0,50,False,1.0,som,1.0,1.0,20.0,0.0,100.0,inf,1.0,2.0,1.5,0.5,0.5,0.15,0,0,1628.8,0,nan,nan,0.93466,0.0,nan,1.0,8.688050478813866e-44,0.7493292331695557,0.09588589753262526,0.09588589753262526,0.8807857713760245,0.8807857713760245,0.8,0.6,11.6,0.8,0.6,11.6,0.10008013844490052,0.9999999523162841
lr_policy-0.008_lr_td-0.056_lr_ap-0.064_lr_trace-0.256_w_bas_scale-2,none,soft,0.016,0.064,0.008,0.056,0.256,4.0,,True,0.0,thr,,30,203,random,12,1.0,0.1,2,False,False,2500,,0,50,False,1.0,som,1.0,1.0,20.0,0.0,100.0,inf,1.0,2.0,1.5,0.5,0.5,0.15,0,5,nan,5,nan,nan,nan,0.0,nan,2.0,1.7376100957627732e-43,1.4986584663391114,0.09588589753262526,0.09588589753262526,0.8818797871599713,0.8818797871599713,4.6,9.0,132.8,4.6,9.0,132.8,nan,nan
lr_policy-0.008_lr_td-0.056_lr_ap-0.064_lr_trace-0.256_w_bas_scale-4,none,soft,0.016,0.064,0.008,0.056,0.256,4.0,,True,0.0,thr,,30,203,random,12,1.0,0.1,4,False,False,2500,,0,50,False,1.0,som,1.0,1.0,20.0,0.0,100.0,inf,1.0,2.0,1.5,0.5,0.5,0.15,0,5,nan,5,nan,nan,nan,0.0,nan,4.0,3.4752201915255463e-43,2.9973169326782227,0.09588589753262526,0.09588589753262526,0.8829300076498644,0.8829300076498644,7.0,13.2,182.8,7.0,13.2,182.8,nan,nan
lr_policy-0.008_lr_td-0.056_lr_ap-0.064_lr_trace-1.0_w_bas_scale-1,none,soft,0.016,0.064,0.008,0.056,1.0,4.0,,True,0.0,thr,,30,203,random,12,1.0,0.1,1,False,False,2500,,0,50,False,1.0,som,1.0,1.0,20.0,0.0,100.0,inf,1.0,2.0,1.5,0.5,0.5,0.15,0,0,1761.0,0,nan,nan,0.8915,0.0,nan,1.0,8.688050478813866e-44,0.7493292331695557,0.09588589753262526,0.09588589753262526,0.8807857713760245,0.8807857713760245,0.8,0.6,11.6,0.8,0.6,11.6,0.10291949957609177,1.0
lr_policy-0.008_lr_td-0.056_lr_ap-0.064_lr_trace-1.0_w_bas_scale-2,none,soft,0.016,0.064,0.008,0.056,1.0,4.0,,True,0.0,thr,,30,203,random,12,1.0,0.1,2,False,False,2500,,0,50,False,1.0,som,1.0,1.0,20.0,0.0,100.0,inf,1.0,2.0,1.5,0.5,0.5,0.15,0,5,nan,5,nan,nan,nan,0.0,nan,2.0,1.7376100957627732e-43,1.4986584663391114,0.09588589753262526,0.09588589753262526,0.8818797871599713,0.8818797871599713,4.6,9.0,132.8,4.6,9.0,132.8,nan,nan
lr_policy-0.008_lr_td-0.056_lr_ap-0.064_lr_trace-1.0_w_bas_scale-4,none,soft,0.016,0.064,0.008,0.056,1.0,4.0,,True,0.0,thr,,30,203,random,12,1.0,0.1,4,False,False,2500,,0,50,False,1.0,som,1.0,1.0,20.0,0.0,100.0,inf,1.0,2.0,1.5,0.5,0.5,0.15,0,5,nan,5,nan,nan,nan,0.0,nan,4.0,3.4752201915255463e-43,2.9973169326782227,0.09588589753262526,0.09588589753262526,0.8829300076498644,0.8829300076498644,7.0,13.2,182.8,7.0,13.2,182.8,nan,nan
lr_policy-0.008_lr_td-0.056_lr_ap-0.128_lr_trace-0.256_w_bas_scale-1,none,soft,0.016,0.128,0.008,0.056,0.256,4.0,,True,0.0,thr,,30,203,random,12,1.0,0.1,1,False,False,2500,,0,50,False,1.0,som,1.0,1.0,20.0,0.0,100.0,inf,1.0,2.0,1.5,0.5,0.5,0.15,0,0,1571.6,0,nan,nan,0.91679,0.0,nan,1.0,8.688050478813866e-44,0.7493292331695557,0.09588589753262526,0.09588589753262526,0.8807857713760245,0.8807857713760245,0.8,0.6,11.6,0.8,0.6,11.6,0.07249924391508103,1.0
lr_policy-0.008_lr_td-0.056_lr_ap-0.128_lr_trace-0.256_w_bas_scale-2,none,soft,0.016,0.128,0.008,0.056,0.256,4.0,,True,0.0,thr,,30,203,random,12,1.0,0.1,2,False,False,2500,,0,50,False,1.0,som,1.0,1.0,20.0,0.0,100.0,inf,1.0,2.0,1.5,0.5,0.5,0.15,0,5,nan,5,nan,nan,nan,0.0,nan,2.0,1.7376100957627732e-43,1.4986584663391114,0.09588589753262526,0.09588589753262526,0.8818797871599713,0.8818797871599713,4.6,9.0,132.8,4.6,9.0,132.8,nan,nan
lr_policy-0.008_lr_td-0.056_lr_ap-0.128_lr_trace-0.256_w_bas_scale-4,none,soft,0.016,0.128,0.008,0.056,0.256,4.0,,True,0.0,thr,,30,203,random,12,1.0,0.1,4,False,False,2500,,0,50,False,1.0,som,1.0,1.0,20.0,0.0,100.0,inf,1.0,2.0,1.5,0.5,0.5,0.15,0,5,nan,5,nan,nan,nan,0.0,nan,4.0,3.4752201915255463e-43,2.9973169326782227,0.09588589753262526,0.09588589753262526,0.8829300076498644,0.8829300076498644,7.0,13.2,182.8,7.0,13.2,182.8,nan,nan
lr_policy-0.008_lr_td-0.056_lr_ap-0.128_lr_trace-1.0_w_bas_scale-1,none,soft,0.016,0.128,0.008,0.056,1.0,4.0,,True,0.0,thr,,30,203,random,12,1.0,0.1,1,False,False,2500,,0,50,False,1.0,som,1.0,1.0,20.0,0.0,100.0,inf,1.0,2.0,1.5,0.5,0.5,0.15,0,0,1780.2,0,nan,nan,0.87392,0.0,nan,1.0,8.688050478813866e-44,0.7493292331695557,0.09588589753262526,0.09588589753262526,0.8807857713760245,0.8807857713760245,0.8,0.6,11.6,0.8,0.6,11.6,0.07392409816384315,1.0
lr_policy-0.008_lr_td-0.056_lr_ap-0.128_lr_trace-1.0_w_bas_scale-2,none,soft,0.016,0.128,0.008,0.056,1.0,4.0,,True,0.0,thr,,30,203,random,12,1.0,0.1,2,False,False,2500,,0,50,False,1.0,som,1.0,1.0,20.0,0.0,100.0,inf,1.0,2.0,1.5,0.5,0.5,0.15,0,5,nan,5,nan,nan,nan,0.0,nan,2.0,1.7376100957627732e-43,1.4986584663391114,0.09588589753262526,0.09588589753262526,0.8818797871599713,0.8818797871599713,4.6,9.0,132.8,4.6,9.0,132.8,nan,nan
lr_policy-0.008_lr_td-0.056_lr_ap-0.128_lr_trace-1.0_w_bas_scale-4,none,soft,0.016,0.128,0.008,0.056,1.0,4.0,,True,0.0,thr,,30,203,random,12,1.0,0.1,4,False,False,2500,,0,50,False,1.0,som,1.0,1.0,20.0,0.0,100.0,inf,1.0,2.0,1.5,0.5,0.5,0.15,0,5,nan,5,nan,nan,nan,0.0,nan,4.0,3.4752201915255463e-43,2.9973169326782227,0.09588589753262526,0.09588589753262526,0.8829300076498644,0.8829300076498644,7.0,13.2,182.8,7.0,13.2,182.8,nan,nan
lr_policy-0.008_lr_td-0.056_lr_ap-0.256_lr_trace-0.256_w_bas_scale-1,none,soft,0.016,0.256,0.008,0.056,0.256,4.0,,True,0.0,thr,,30,203,random,12,1.0,0.1,1,False,False,2500,,0,50,False,1.0,som,1.0,1.0,20.0,0.0,100.0,inf,1.0,2.0,1.5,0.5,0.5,0.15,0,0,1554.3333333333333,2,nan,nan,0.82478,0.0,nan,1.0,8.688050478813866e-44,0.7493292331695557,0.09588589753262526,0.09588589753262526,0.8807857713760245,0.8807857713760245,0.8,0.6,11.6,0.8,0.6,11.6,0.05521337017416954,1.0
lr_policy-0.008_lr_td-0.056_lr_ap-0.256_lr_trace-0.256_w_bas_scale-2,none,soft,0.016,0.256,0.008,0.056,0.256,4.0,,True,0.0,thr,,30,203,random,12,1.0,0.1,2,False,False,2500,,0,50,False,1.0,som,1.0,1.0,20.0,0.0,100.0,inf,1.0,2.0,1.5,0.5,0.5,0.15,0,5,nan,5,nan,nan,nan,0.0,nan,2.0,1.7376100957627732e-43,1.4986584663391114,0.09588589753262526,0.09588589753262526,0.8818797871599713,0.8818797871599713,4.6,9.0,132.8,4.6,9.0,132.8,nan,nan
lr_policy-0.008_lr_td-0.056_lr_ap-0.256_lr_trace-0.256_w_bas_scale-4,none,soft,0.016,0.256,0.008,0.056,0.256,4.0,,True,0.0,thr,,30,203,random,12,1.0,0.1,4,False,False,2500,,0,50,False,1.0,som,1.0,1.0,20.0,0.0,100.0,inf,1.0,2.0,1.5,0.5,0.5,0.15,0,5,nan,5,nan,nan,nan,0.0,nan,4.0,3.4752201915255463e-43,2.9973169326782227,0.09588589753262526,0.09588589753262526,0.8829300076498644,0.8829300076498644,7.0,13.2,182.8,7.0,13.2,182.8,nan,nan
lr_policy-0.008_lr_td-0.056_lr_ap-0.256_lr_trace-1.0_w_bas_scale-1,none,soft,0.016,0.256,0.008,0.056,1.0,4.0,,True,0.0,thr,,30,203,random,12,1.0,0.1,1,False,False,2500,,0,50,False,1.0,som,1.0,1.0,20.0,0.0,100.0,inf,1.0,2.0,1.5,0.5,0.5,0.15,0,0,1629.0,2,nan,nan,0.8103300000000001,0.0,nan,1.0,8.688050478813866e-44,0.7493292331695557,0.09588589753262526,0.09588589753262526,0.8807857713760245,0.8807857713760245,0.8,0.6,11.6,0.8,0.6,11.6,0.05622961483895779,1.0
lr_policy-0.008_lr_td-0.056_lr_ap-0.256_lr_trace-1.0_w_bas_scale-2,none,soft,0.016,0.256,0.008,0.056,1.0,4.0,,True,0.0,thr,,30,203,random,12,1.0,0.1,2,False,False,2500,,0,50,False,1.0,som,1.0,1.0,20.0,0.0,100.0,inf,1.0,2.0,1.5,0.5,0.5,0.15,0,5,nan,5,nan,nan,nan,0.0,nan,2.0,1.7376100957627732e-43,1.4986584663391114,0.09588589753262526,0.09588589753262526,0.8818797871599713,0.8818797871599713,4.6,9.0,132.8,4.6,9.0,132.8,nan,nan
lr_policy-0.008_lr_td-0.056_lr_ap-0.256_lr_trace-1.0_w_bas_scale-4,none,soft,0.016,0.256,0.008,0.056,1.0,4.0,,True,0.0,thr,,30,203,random,12,1.0,0.1,4,False,False,2500,,0,50,False,1.0,som,1.0,1.0,20.0,0.0,100.0,inf,1.0,2.0,1.5,0.5,0.5,0.15,0,5,nan,5,nan,nan,nan,0.0,nan,4.0,3.4752201915255463e-43,2.9973169326782227,0.09588589753262526,0.09588589753262526,0.8829300076498644,0.8829300076498644,7.0,13.2,182.8,7.0,13.2,182.8,nan,nan
lr_policy-0.016_lr_td-0.008_lr_ap-0.064_lr_trace-0.256_w_bas_scale-1,none,soft,0.016,0.064,0.016,0.008,0.256,4.0,,True,0.0,thr,,30,203,random,12,1.0,0.1,1,False,False,2500,,0,50,False,1.0,som,1.0,1.0,20.0,0.0,100.0,inf,1.0,2.0,1.5,0.5,0.5,0.15,0,0,1683.0,3,nan,nan,0.68749,0.0,nan,1.0,8.688050478813866e-44,0.7493292331695557,0.09588589753262526,0.09588589753262526,0.8807857713760245,0.8807857713760245,0.8,0.6,11.6,0.8,0.6,11.6,0.07212046757340432,0.9999999523162841
lr_policy-0.016_lr_td-0.008_lr_ap-0.064_lr_trace-0.256_w_bas_scale-2,none,soft,0.016,0.064,0.016,0.008,0.256,4.0,,True,0.0,thr,,30,203,random,12,1.0,0.1,2,False,False,2500,,0,50,False,1.0,som,1.0,1.0,20.0,0.0,100.0,inf,1.0,2.0,1.5,0.5,0.5,0.15,0,0,545.4,0,nan,nan,0.9927400000000001,0.0,nan,2.0,1.7376100957627732e-43,1.4986584663391114,0.09588589753262526,0.09588589753262526,0.8818797871599713,0.8818797871599713,4.6,9.0,132.8,4.6,9.0,132.8,0.4991173207759857,1.0
lr_policy-0.016_lr_td-0.008_lr_ap-0.064_lr_trace-0.256_w_bas_scale-4,none,soft,0.016,0.064,0.016,0.008,0.256,4.0,,True,0.0,thr,,30,203,random,12,1.0,0.1,4,False,False,2500,,0,50,False,1.0,som,1.0,1.0,20.0,0.0,100.0,inf,1.0,2.0,1.5,0.5,0.5,0.15,0,5,nan,5,nan,nan,nan,0.0,nan,4.0,3.4752201915255463e-43,2.9973169326782227,0.09588589753262526,0.09588589753262526,0.8829300076498644,0.8829300076498644,7.0,13.2,182.8,7.0,13.2,182.8,nan,nan
lr_policy-0.016_lr_td-0.008_lr_ap-0.064_lr_trace-1.0_w_bas_scale-1,none,soft,0.016,0.064,0.016,0.008,1.0,4.0,,True,0.0,thr,,30,203,random,12,1.0,0.1,1,False,False,2500,,0,50,False,1.0,som,1.0,1.0,20.0,0.0,100.0,inf,1.0,2.0,1.5,0.5,0.5,0.15,0,0,1612.5,3,nan,nan,0.68774,0.0,nan,1.0,8.688050478813866e-44,0.7493292331695557,0.09588589753262526,0.09588589753262526,0.8807857713760245,0.8807857713760245,0.8,0.6,11.6,0.8,0.6,11.6,0.07785916738212109,0.9999999761581421
lr_policy-0.016_lr_td-0.008_lr_ap-0.064_lr_trace-1.0_w_bas_scale-2,none,soft,0.016,0.064,0.016,0.008,1.0,4.0,,True,0.0,thr,,30,203,random,12,1.0,0.1,2,False,False,2500,,0,50,False,1.0,som,1.0,1.0,20.0,0.0,100.0,inf,1.0,2.0,1.5,0.5,0.5,0.15,0,0,700.4,0,nan,nan,0.9478200000000001,0.0,nan,2.0,1.7376100957627732e-43,1.4986584663391114,0.09588589753262526,0.09588589753262526,0.8818797871599713,0.8818797871599713,4.6,9.0,132.8,4.6,9.0,132.8,0.558919245004654,1.0
lr_policy-0.016_lr_td-0.008_lr_ap-0.064_lr_trace-1.0_w_bas_scale-4,none,soft,0.016,0.064,0.016,0.008,1.0,4.0,,True,0.0,thr,,30,203,random,12,1.0,0.1,4,False,False,2500,,0,50,False,1.0,som,1.0,1.0,20.0,0.0,100.0,inf,1.0,2.0,1.5,0.5,0.5,0.15,0,5,nan,5,nan,nan,nan,0.0,nan,4.0,3.4752201915255463e-43,2.9973169326782227,0.09588589753262526,0.09588589753262526,0.8829300076498644,0.8829300076498644,7.0,13.2,182.8,7.0,13.2,182.8,nan,nan
lr_policy-0.016_lr_td-0.008_lr_ap-0.128_lr_trace-0.256_w_bas_scale-1,none,soft,0.016,0.128,0.016,0.008,0.256,4.0,,True,0.0,thr,,30,203,random,12,1.0,0.1,1,False,False,2500,,0,50,False,1.0,som,1.0,1.0,20.0,0.0,100.0,inf,1.0,2.0,1.5,0.5,0.5,0.15,0,0,1611.5,3,nan,nan,0.68606,0.0,nan,1.0,8.688050478813866e-44,0.7493292331695557,0.09588589753262526,0.09588589753262526,0.8807857713760245,0.8807857713760245,0.8,0.6,11.6,0.8,0.6,11.6,0.05554407257586717,0.9999999880790711
lr_policy-0.016_lr_td-0.008_lr_ap-0.128_lr_trace-0.256_w_bas_scale-2,none,soft,0.016,0.128,0.016,0.008,0.256,4.0,,True,0.0,thr,,30,203,random,12,1.0,0.1,2,False,False,2500,,0,50,False,1.0,som,1.0,1.0,20.0,0.0,100.0,inf,1.0,2.0,1.5,0.5,0.5,0.15,0,0,504.8,0,nan,nan,0.9934100000000001,0.0,nan,2.0,1.7376100957627732e-43,1.4986584663391114,0.09588589753262526,0.09588589753262526,0.8818797871599713,0.8818797871599713,4.6,9.0,132.8,4.6,9.0,132.8,0.4650383710861206,1.0
lr_policy-0.016_lr_td-0.008_lr_ap-0.128_lr_trace-0.256_w_bas_scale-4,none,soft,0.016,0.128,0.016,0.008,0.256,4.0,,True,0.0,thr,,30,203,random,12,1.0,0.1,4,False,False,2500,,0,50,False,1.0,som,1.0,1.0,20.0,0.0,100.0,inf,1.0,2.0,1.5,0.5,0.5,0.15,0,5,nan,5,nan,nan,nan,0.0,nan,4.0,3.4752201915255463e-43,2.9973169326782227,0.09588589753262526,0.09588589753262526,0.8829300076498644,0.8829300076498644,7.0,13.2,182.8,7.0,13.2,182.8,nan,nan
lr_policy-0.016_lr_td-0.008_lr_ap-0.128_lr_trace-1.0_w_bas_scale-1,none,soft,0.016,0.128,0.016,0.008,1.0,4.0,,True,0.0,thr,,30,203,random,12,1.0,0.1,1,False,False,2500,,0,50,False,1.0,som,1.0,1.0,20.0,0.0,100.0,inf,1.0,2.0,1.5,0.5,0.5,0.15,0,0,1579.0,3,nan,nan,0.6866,0.0,nan,1.0,8.688050478813866e-44,0.7493292331695557,0.09588589753262526,0.09588589753262526,0.8807857713760245,0.8807857713760245,0.8,0.6,11.6,0.8,0.6,11.6,0.05966457352042198,1.0
lr_policy-0.016_lr_td-0.008_lr_ap-0.128_lr_trace-1.0_w_bas_scale-2,none,soft,0.016,0.128,0.016,0.008,1.0,4.0,,True,0.0,thr,,30,203,random,12,1.0,0.1,2,False,False,2500,,0,50,False,1.0,som,1.0,1.0,20.0,0.0,100.0,inf,1.0,2.0,1.5,0.5,0.5,0.15,0,1,958.25,1,nan,nan,0.9366999999999999,0.0,nan,2.0,1.7376100957627732e-43,1.4986584663391114,0.09588589753262526,0.09588589753262526,0.8818797871599713,0.8818797871599713,4.6,9.0,132.8,4.6,9.0,132.8,0.4864763244986534,1.0
lr_policy-0.016_lr_td-0.008_lr_ap-0.128_lr_trace-1.0_w_bas_scale-4,none,soft,0.016,0.128,0.016,0.008,1.0,4.0,,True,0.0,thr,,30,203,random,12,1.0,0.1,4,False,False,2500,,0,50,False,1.0,som,1.0,1.0,20.0,0.0,100.0,inf,1.0,2.0,1.5,0.5,0.5,0.15,0,5,nan,5,nan,nan,nan,0.0,nan,4.0,3.4752201915255463e-43,2.9973169326782227,0.09588589753262526,0.09588589753262526,0.8829300076498644,0.8829300076498644,7.0,13.2,182.8,7.0,13.2,182.8,nan,nan
lr_policy-0.016_lr_td-0.008_lr_ap-0.256_lr_trace-0.256_w_bas_scale-1,none,soft,0.016,0.256,0.016,0.008,0.256,4.0,,True,0.0,thr,,30,203,random,12,1.0,0.1,1,False,False,2500,,0,50,False,1.0,som,1.0,1.0,20.0,0.0,100.0,inf,1.0,2.0,1.5,0.5,0.5,0.15,0,0,1579.0,3,nan,nan,0.68118,0.0,nan,1.0,8.688050478813866e-44,0.7493292331695557,0.09588589753262526,0.09588589753262526,0.8807857713760245,0.8807857713760245,0.8,0.6,11.6,0.8,0.6,11.6,0.037616252712905404,1.0
lr_policy-0.016_lr_td-0.008_lr_ap-0.256_lr_trace-0.256_w_bas_scale-2,none,soft,0.016,0.256,0.016,0.008,0.256,4.0,,True,0.0,thr,,30,203,random,12,1.0,0.1,2,False,False,2500,,0,50,False,1.0,som,1.0,1.0,20.0,0.0,100.0,inf,1.0,2.0,1.5,0.5,0.5,0.15,0,0,447.0,0,nan,nan,0.99328,0.0,nan,2.0,1.7376100957627732e-43,1.4986584663391114,0.09588589753262526,0.09588589753262526,0.8818797871599713,0.8818797871599713,4.6,9.0,132.8,4.6,9.0,132.8,0.42561606764793397,1.0
lr_policy-0.016_lr_td-0.008_lr_ap-0.256_lr_trace-0.256_w_bas_scale-4,none,soft,0.016,0.256,0.016,0.008,0.256,4.0,,True,0.0,thr,,30,203,random,12,1.0,0.1,4,False,False,2500,,0,50,False,1.0,som,1.0,1.0,20.0,0.0,100.0,inf,1.0,2.0,1.5,0.5,0.5,0.15,0,5,nan,5,nan,nan,nan,0.0,nan,4.0,3.4752201915255463e-43,2.9973169326782227,0.09588589753262526,0.09588589753262526,0.8829300076498644,0.8829300076498644,7.0,13.2,182.8,7.0,13.2,182.8,nan,nan
lr_policy-0.016_lr_td-0.008_lr_ap-0.256_lr_trace-1.0_w_bas_scale-1,none,soft,0.016,0.256,0.016,0.008,1.0,4.0,,True,0.0,thr,,30,203,random,12,1.0,0.1,1,False,False,2500,,0,50,False,1.0,som,1.0,1.0,20.0,0.0,100.0,inf,1.0,2.0,1.5,0.5,0.5,0.15,0,0,1567.0,3,nan,nan,0.68102,0.0,nan,1.0,8.688050478813866e-44,0.7493292331695557,0.09588589753262526,0.09588589753262526,0.8807857713760245,0.8807857713760245,0.8,0.6,11.6,0.8,0.6,11.6,0.03530068621039391,1.0
lr_policy-0.016_lr_td-0.008_lr_ap-0.256_lr_trace-1.0_w_bas_scale-2,none,soft,0.016,0.256,0.016,0.008,1.0,4.0,,True,0.0,thr,,30,203,random,12,1.0,0.1,2,False,False,2500,,0,50,False,1.0,som,1.0,1.0,20.0,0.0,100.0,inf,1.0,2.0,1.5,0.5,0.5,0.15,0,0,648.0,0,nan,nan,0.94363,0.0,nan,2.0,1.7376100957627732e-43,1.4986584663391114,0.09588589753262526,0.09588589753262526,0.8818797871599713,0.8818797871599713,4.6,9.0,132.8,4.6,9.0,132.8,0.4473332405090332,1.0
lr_policy-0.016_lr_td-0.008_lr_ap-0.256_lr_trace-1.0_w_bas_scale-4,none,soft,0.016,0.256,0.016,0.008,1.0,4.0,,True,0.0,thr,,30,203,random,12,1.0,0.1,4,False,False,2500,,0,50,False,1.0,som,1.0,1.0,20.0,0.0,100.0,inf,1.0,2.0,1.5,0.5,0.5,0.15,0,5,nan,5,nan,nan,nan,0.0,nan,4.0,3.4752201915255463e-43,2.9973169326782227,0.09588589753262526,0.09588589753262526,0.8829300076498644,0.8829300076498644,7.0,13.2,182.8,7.0,13.2,182.8,nan,nan
lr_policy-0.016_lr_td-0.016_lr_ap-0.064_lr_trace-0.256_w_bas_scale-1,none,soft,0.016,0.064,0.016,0.016,0.256,4.0,,True,0.0,thr,,30,203,random,12,1.0,0.1,1,False,False,2500,,0,50,False,1.0,som,1.0,1.0,20.0,0.0,100.0,inf,1.0,2.0,1.5,0.5,0.5,0.15,0,0,1651.0,1,nan,nan,0.8586500000000001,0.0,nan,1.0,8.688050478813866e-44,0.7493292331695557,0.09588589753262526,0.09588589753262526,0.8807857713760245,0.8807857713760245,0.8,0.6,11.6,0.8,0.6,11.6,0.1027260348200798,0.9999999642372132
lr_policy-0.016_lr_td-0.016_lr_ap-0.064_lr_trace-0.256_w_bas_scale-2,none,soft,0.016,0.064,0.016,0.016,0.256,4.0,,True,0.0,thr,,30,203,random,12,1.0,0.1,2,False,False,2500,,0,50,False,1.0,som,1.0,1.0,20.0,0.0,100.0,inf,1.0,2.0,1.5,0.5,0.5,0.15,0,5,nan,5,nan,nan,nan,0.0,nan,2.0,1.7376100957627732e-43,1.4986584663391114,0.09588589753262526,0.09588589753262526,0.8818797871599713,0.8818797871599713,4.6,9.0,132.8,4.6,9.0,132.8,nan,nan
lr_policy-0.016_lr_td-0.016_lr_ap-0.064_lr_trace-0.256_w_bas_scale-4,none,soft,0.016,0.064,0.016,0.016,0.256,4.0,,True,0.0,thr,,30,203,random,12,1.0,0.1,4,False,False,2500,,0,50,False,1.0,som,1.0,1.0,20.0,0.0,100.0,inf,1.0,2.0,1.5,0.5,0.5,0.15,0,5,nan,5,nan,nan,nan,0.0,nan,4.0,3.4752201915255463e-43,2.9973169326782227,0.09588589753262526,0.09588589753262526,0.8829300076498644,0.8829300076498644,7.0,13.2,182.8,7.0,13.2,182.8,nan,nan
lr_policy-0.016_lr_td-0.016_lr_ap-0.064_lr_trace-1.0_w_bas_scale-1,none,soft,0.016,0.064,0.016,0.016,1.0,4.0,,True,0.0,thr,,30,203,random,12,1.0,0.1,1,False,False,2500,,0,50,False,1.0,som,1.0,1.0,20.0,0.0,100.0,inf,1.0,2.0,1.5,0.5,0.5,0.15,0,0,1668.5,1,nan,nan,0.8594000000000002,0.0,nan,1.0,8.688050478813866e-44,0.7493292331695557,0.09588589753262526,0.09588589753262526,0.8807857713760245,0.8807857713760245,0.8,0.6,11.6,0.8,0.6,11.6,0.10986600965261459,0.9999999642372132
lr_policy-0.016_lr_td-0.016_lr_ap-0.064_lr_trace-1.0_w_bas_scale-2,none,soft,0.016,0.064,0.016,0.016,1.0,4.0,,True,0.0,thr,,30,203,random,12,1.0,0.1,2,False,False,2500,,0,50,False,1.0,som,1.0,1.0,20.0,0.0,100.0,inf,1.0,2.0,1.5,0.5,0.5,0.15,0,5,nan,5,nan,nan,nan,0.0,nan,2.0,1.7376100957627732e-43,1.4986584663391114,0.09588589753262526,0.09588589753262526,0.8818797871599713,0.8818797871599713,4.6,9.0,132.8,4.6,9.0,132.8,nan,nan
lr_policy-0.016_lr_td-0.016_lr_ap-0.064_lr_trace-1.0_w_bas_scale-4,none,soft,0.016,0.064,0.016,0.016,1.0,4.0,,True,0.0,thr,,30,203,random,12,1.0,0.1,4,False,False,2500,,0,50,False,1.0,som,1.0,1.0,20.0,0.0,100.0,inf,1.0,2.0,1.5,0.5,0.5,0.15,0,5,nan,5,nan,nan,nan,0.0,nan,4.0,3.4752201915255463e-43,2.9973169326782227,0.09588589753262526,0.09588589753262526,0.8829300076498644,0.8829300076498644,7.0,13.2,182.8,7.0,13.2,182.8,nan,nan
lr_policy-0.016_lr_td-0.016_lr_ap-0.128_lr_trace-0.256_w_bas_scale-1,none,soft,0.016,0.128,0.016,0.016,0.256,4.0,,True,0.0,thr,,30,203,random,12,1.0,0.1,1,False,False,2500,,0,50,False,1.0,som,1.0,1.0,20.0,0.0,100.0,inf,1.0,2.0,1.5,0.5,0.5,0.15,0,0,1738.0,1,nan,nan,0.8318300000000001,0.0,nan,1.0,8.688050478813866e-44,0.7493292331695557,0.09588589753262526,0.09588589753262526,0.8807857713760245,0.8807857713760245,0.8,0.6,11.6,0.8,0.6,11.6,0.07886741682887077,1.0
lr_policy-0.016_lr_td-0.016_lr_ap-0.128_lr_trace-0.256_w_bas_scale-2,none,soft,0.016,0.128,0.016,0.016,0.256,4.0,,True,0.0,thr,,30,203,random,12,1.0,0.1,2,False,False,2500,,0,50,False,1.0,som,1.0,1.0,20.0,0.0,100.0,inf,1.0,2.0,1.5,0.5,0.5,0.15,0,5,nan,5,nan,nan,nan,0.0,nan,2.0,1.7376100957627732e-43,1.4986584663391114,0.09588589753262526,0.09588589753262526,0.8818797871599713,0.8818797871599713,4.6,9.0,132.8,4.6,9.0,132.8,nan,nan
lr_policy-0.016_lr_td-0.016_lr_ap-0.128_lr_trace-0.256_w_bas_scale-4,none,soft,0.016,0.128,0.016,0.016,0.256,4.0,,True,0.0,thr,,30,203,random,12,1.0,0.1,4,False,False,2500,,0,50,False,1.0,som,1.0,1.0,20.0,0.0,100.0,inf,1.0,2.0,1.5,0.5,0.5,0.15,0,5,nan,5,nan,nan,nan,0.0,nan,4.0,3.4752201915255463e-43,2.9973169326782227,0.09588589753262526,0.09588589753262526,0.8829300076498644,0.8829300076498644,7.0,13.2,182.8,7.0,13.2,182.8,nan,nan
lr_policy-0.016_lr_td-0.016_lr_ap-0.128_lr_trace-1.0_w_bas_scale-1,none,soft,0.016,0.128,0.016,0.016,1.0,4.0,,True,0.0,thr,,30,203,random,12,1.0,0.1,1,False,False,2500,,0,50,False,1.0,som,1.0,1.0,20.0,0.0,100.0,inf,1.0,2.0,1.5,0.5,0.5,0.15,0,0,1760.0,1,nan,nan,0.8316100000000001,0.0,nan,1.0,8.688050478813866e-44,0.7493292331695557,0.09588589753262526,0.09588589753262526,0.8807857713760245,0.8807857713760245,0.8,0.6,11.6,0.8,0.6,11.6,0.08634628653526306,1.0
lr_policy-0.016_lr_td-0.016_lr_ap-0.128_lr_trace-1.0_w_bas_scale-2,none,soft,0.016,0.128,0.016,0.016,1.0,4.0,,True,0.0,thr,,30,203,random,12,1.0,0.1,2,False,False,2500,,0,50,False,1.0,som,1.0,1.0,20.0,0.0,100.0,inf,1.0,2.0,1.5,0.5,0.5,0.15,0,5,nan,5,nan,nan,nan,0.0,nan,2.0,1.7376100957627732e-43,1.4986584663391114,0.09588589753262526,0.09588589753262526,0.8818797871599713,0.8818797871599713,4.6,9.0,132.8,4.6,9.0,132.8,nan,nan
lr_policy-0.016_lr_td-0.016_lr_ap-0.128_lr_trace-1.0_w_bas_scale-4,none,soft,0.016,0.128,0.016,0.016,1.0,4.0,,True,0.0,thr,,30,203,random,12,1.0,0.1,4,False,False,2500,,0,50,False,1.0,som,1.0,1.0,20.0,0.0,100.0,inf,1.0,2.0,1.5,0.5,0.5,0.15,0,5,nan,5,nan,nan,nan,0.0,nan,4.0,3.4752201915255463e-43,2.9973169326782227,0.09588589753262526,0.09588589753262526,0.8829300076498644,0.8829300076498644,7.0,13.2,182.8,7.0,13.2,182.8,nan,nan
lr_policy-0.016_lr_td-0.016_lr_ap-0.256_lr_trace-0.256_w_bas_scale-1,none,soft,0.016,0.256,0.016,0.016,0.256,4.0,,True,0.0,thr,,30,203,random,12,1.0,0.1,1,False,False,2500,,0,50,False,1.0,som,1.0,1.0,20.0,0.0,100.0,inf,1.0,2.0,1.5,0.5,0.5,0.15,0,0,1585.3333333333333,2,nan,nan,0.75082,0.0,nan,1.0,8.688050478813866e-44,0.7493292331695557,0.09588589753262526,0.09588589753262526,0.8807857713760245,0.8807857713760245,0.8,0.6,11.6,0.8,0.6,11.6,0.06238275729119778,1.0
lr_policy-0.016_lr_td-0.016_lr_ap-0.256_lr_trace-0.256_w_bas_scale-2,none,soft,0.016,0.256,0.016,0.016,0.256,4.0,,True,0.0,thr,,30,203,random,12,1.0,0.1,2,False,False,2500,,0,50,False,1.0,som,1.0,1.0,20.0,0.0,100.0,inf,1.0,2.0,1.5,0.5,0.5,0.15,0,5,nan,5,nan,nan,nan,0.0,nan,2.0,1.7376100957627732e-43,1.4986584663391114,0.09588589753262526,0.09588589753262526,0.8818797871599713,0.8818797871599713,4.6,9.0,132.8,4.6,9.0,132.8,nan,nan
lr_policy-0.016_lr_td-0.016_lr_ap-0.256_lr_trace-0.256_w_bas_scale-4,none,soft,0.016,0.256,0.016,0.016,0.256,4.0,,True,0.0,thr,,30,203,random,12,1.0,0.1,4,False,False,2500,,0,50,False,1.0,som,1.0,1.0,20.0,0.0,100.0,inf,1.0,2.0,1.5,0.5,0.5,0.15,0,5,nan,5,nan,nan,nan,0.0,nan,4.0,3.4752201915255463e-43,2.9973169326782227,0.09588589753262526,0.09588589753262526,0.8829300076498644,0.8829300076498644,7.0,13.2,182.8,7.0,13.2,182.8,nan,nan
lr_policy-0.016_lr_td-0.016_lr_ap-0.256_lr_trace-1.0_w_bas_scale-1,none,soft,0.016,0.256,0.016,0.016,1.0,4.0,,True,0.0,thr,,30,203,random,12,1.0,0.1,1,False,False,2500,,0,50,False,1.0,som,1.0,1.0,20.0,0.0,100.0,inf,1.0,2.0,1.5,0.5,0.5,0.15,0,0,1641.3333333333333,2,nan,nan,0.74441,0.0,nan,1.0,8.688050478813866e-44,0.7493292331695557,0.09588589753262526,0.09588589753262526,0.8807857713760245,0.8807857713760245,0.8,0.6,11.6,0.8,0.6,11.6,0.06306945458054543,1.0
lr_policy-0.016_lr_td-0.016_lr_ap-0.256_lr_trace-1.0_w_bas_scale-2,none,soft,0.016,0.256,0.016,0.016,1.0,4.0,,True,0.0,thr,,30,203,random,12,1.0,0.1,2,False,False,2500,,0,50,False,1.0,som,1.0,1.0,20.0,0.0,100.0,inf,1.0,2.0,1.5,0.5,0.5,0.15,0,5,nan,5,nan,nan,nan,0.0,nan,2.0,1.7376100957627732e-43,1.4986584663391114,0.09588589753262526,0.09588589753262526,0.8818797871599713,0.8818797871599713,4.6,9.0,132.8,4.6,9.0,132.8,nan,nan
lr_policy-0.016_lr_td-0.016_lr_ap-0.256_lr_trace-1.0_w_bas_scale-4,none,soft,0.016,0.256,0.016,0.016,1.0,4.0,,True,0.0,thr,,30,203,random,12,1.0,0.1,4,False,False,2500,,0,50,False,1.0,som,1.0,1.0,20.0,0.0,100.0,inf,1.0,2.0,1.5,0.5,0.5,0.15,0,5,nan,5,nan,nan,nan,0.0,nan,4.0,3.4752201915255463e-43,2.9973169326782227,0.09588589753262526,0.09588589753262526,0.8829300076498644,0.8829300076498644,7.0,13.2,182.8,7.0,13.2,182.8,nan,nan
lr_policy-0.016_lr_td-0.032_lr_ap-0.064_lr_trace-0.256_w_bas_scale-1,none,soft,0.016,0.064,0.016,0.032,0.256,4.0,,True,0.0,thr,,30,203,random,12,1.0,0.1,1,False,False,2500,,0,50,False,1.0,som,1.0,1.0,20.0,0.0,100.0,inf,1.0,2.0,1.5,0.5,0.5,0.15,0,0,1352.0,0,nan,nan,0.97028,0.0,nan,1.0,8.688050478813866e-44,0.7493292331695557,0.09588589753262526,0.09588589753262526,0.8807857713760245,0.8807857713760245,0.8,0.6,11.6,0.8,0.6,11.6,0.114818374812603,0.9999999642372132
lr_policy-0.016_lr_td-0.032_lr_ap-0.064_lr_trace-0.256_w_bas_scale-2,none,soft,0.016,0.064,0.016,0.032,0.256,4.0,,True,0.0,thr,,30,203,random,12,1.0,0.1,2,False,False,2500,,0,50,False,1.0,som,1.0,1.0,20.0,0.0,100.0,inf,1.0,2.0,1.5,0.5,0.5,0.15,0,5,nan,5,nan,nan,nan,0.0,nan,2.0,1.7376100957627732e-43,1.4986584663391114,0.09588589753262526,0.09588589753262526,0.8818797871599713,0.8818797871599713,4.6,9.0,132.8,4.6,9.0,132.8,nan,nan
lr_policy-0.016_lr_td-0.032_lr_ap-0.064_lr_trace-0.256_w_bas_scale-4,none,soft,0.016,0.064,0.016,0.032,0.256,4.0,,True,0.0,thr,,30,203,random,12,1.0,0.1,4,False,False,2500,,0,50,False,1.0,som,1.0,1.0,20.0,0.0,100.0,inf,1.0,2.0,1.5,0.5,0.5,0.15,0,5,nan,5,nan,nan,nan,0.0,nan,4.0,3.4752201915255463e-43,2.9973169326782227,0.09588589753262526,0.09588589753262526,0.8829300076498644,0.8829300076498644,7.0,13.2,182.8,7.0,13.2,182.8,nan,nan
lr_policy-0.016_lr_td-0.032_lr_ap-0.064_lr_trace-1.0_w_bas_scale-1,none,soft,0.016,0.064,0.016,0.032,1.0,4.0,,True,0.0,thr,,30,203,random,12,1.0,0.1,1,False,False,2500,,0,50,False,1.0,som,1.0,1.0,20.0,0.0,100.0,inf,1.0,2.0,1.5,0.5,0.5,0.15,0,0,1415.0,0,nan,nan,0.95024,0.0,nan,1.0,8.688050478813866e-44,0.7493292331695557,0.09588589753262526,0.09588589753262526,0.8807857713760245,0.8807857713760245,0.8,0.6,11.6,0.8,0.6,11.6,0.1195908859372139,0.9999999642372132
lr_policy-0.016_lr_td-0.032_lr_ap-0.064_lr_trace-1.0_w_bas_scale-2,none,soft,0.016,0.064,0.016,0.032,1.0,4.0,,True,0.0,thr,,30,203,random,12,1.0,0.1,2,False,False,2500,,0,50,False,1.0,som,1.0,1.0,20.0,0.0,100.0,inf,1.0,2.0,1.5,0.5,0.5,0.15,0,5,nan,5,nan,nan,nan,0.0,nan,2.0,1.7376100957627732e-43,1.4986584663391114,0.09588589753262526,0.09588589753262526,0.8818797871599713,0.8818797871599713,4.6,9.0,132.8,4.6,9.0,132.8,nan,nan
lr_policy-0.016_lr_td-0.032_lr_ap-0.064_lr_trace-1.0_w_bas_scale-4,none,soft,0.016,0.064,0.016,0.032,1.0,4.0,,True,0.0,thr,,30,203,random,12,1.0,0.1,4,False,False,2500,,0,50,False,1.0,som,1.0,1.0,20.0,0.0,100.0,inf,1.0,2.0,1.5,0.5,0.5,0.15,0,5,nan,5,nan,nan,nan,0.0,nan,4.0,3.4752201915255463e-43,2.9973169326782227,0.09588589753262526,0.09588589753262526,0.8829300076498644,0.8829300076498644,7.0,13.2,182.8,7.0,13.2,182.8,nan,nan
lr_policy-0.016_lr_td-0.032_lr_ap-0.128_lr_trace-0.256_w_bas_scale-1,none,soft,0.016,0.128,0.016,0.032,0.256,4.0,,True,0.0,thr,,30,203,random,12,1.0,0.1,1,False,False,2500,,0,50,False,1.0,som,1.0,1.0,20.0,0.0,100.0,inf,1.0,2.0,1.5,0.5,0.5,0.15,0,0,1438.2,0,nan,nan,0.9640000000000001,0.0,nan,1.0,8.688050478813866e-44,0.7493292331695557,0.09588589753262526,0.09588589753262526,0.8807857713760245,0.8807857713760245,0.8,0.6,11.6,0.8,0.6,11.6,0.08679526299238205,1.0
lr_policy-0.016_lr_td-0.032_lr_ap-0.128_lr_trace-0.256_w_bas_scale-2,none,soft,0.016,0.128,0.016,0.032,0.256,4.0,,True,0.0,thr,,30,203,random,12,1.0,0.1,2,False,False,2500,,0,50,False,1.0,som,1.0,1.0,20.0,0.0,100.0,inf,1.0,2.0,1.5,0.5,0.5,0.15,0,5,nan,5,nan,nan,nan,0.0,nan,2.0,1.7376100957627732e-43,1.4986584663391114,0.09588589753262526,0.09588589753262526,0.8818797871599713,0.8818797871599713,4.6,9.0,132.8,4.6,9.0,132.8,nan,nan
lr_policy-0.016_lr_td-0.032_lr_ap-0.128_lr_trace-0.256_w_bas_scale-4,none,soft,0.016,0.128,0.016,0.032,0.256,4.0,,True,0.0,thr,,30,203,random,12,1.0,0.1,4,False,False,2500,,0,50,False,1.0,som,1.0,1.0,20.0,0.0,100.0,inf,1.0,2.0,1.5,0.5,0.5,0.15,0,5,nan,5,nan,nan,nan,0.0,nan,4.0,3.4752201915255463e-43,2.9973169326782227,0.09588589753262526,0.09588589753262526,0.8829300076498644,0.8829300076498644,7.0,13.2,182.8,7.0,13.2,182.8,nan,nan
lr_policy-0.016_lr_td-0.032_lr_ap-0.128_lr_trace-1.0_w_bas_scale-1,none,soft,0.016,0.128,0.016,0.032,1.0,4.0,,True,0.0,thr,,30,203,random,12,1.0,0.1,1,False,False,2500,,0,50,False,1.0,som,1.0,1.0,20.0,0.0,100.0,inf,1.0,2.0,1.5,0.5,0.5,0.15,0,0,1513.6,0,nan,nan,0.9434099999999999,0.0,nan,1.0,8.688050478813866e-44,0.7493292331695557,0.09588589753262526,0.09588589753262526,0.8807857713760245,0.8807857713760245,0.8,0.6,11.6,0.8,0.6,11.6,0.08993447050452233,1.0
lr_policy-0.016_lr_td-0.032_lr_ap-0.128_lr_trace-1.0_w_bas_scale-2,none,soft,0.016,0.128,0.016,0.032,1.0,4.0,,True,0.0,thr,,30,203,random,12,1.0,0.1,2,False,False,2500,,0,50,False,1.0,som,1.0,1.0,20.0,0.0,100.0,inf,1.0,2.0,1.5,0.5,0.5,0.15,0,5,nan,5,nan,nan,nan,0.0,nan,2.0,1.7376100957627732e-43,1.4986584663391114,0.09588589753262526,0.09588589753262526,0.8818797871599713,0.8818797871599713,4.6,9.0,132.8,4.6,9.0,132.8,nan,nan
lr_policy-0.016_lr_td-0.032_lr_ap-0.128_lr_trace-1.0_w_bas_scale-4,none,soft,0.016,0.128,0.016,0.032,1.0,4.0,,True,0.0,thr,,30,203,random,12,1.0,0.1,4,False,False,2500,,0,50,False,1.0,som,1.0,1.0,20.0,0.0,100.0,inf,1.0,2.0,1.5,0.5,0.5,0.15,0,5,nan,5,nan,nan,nan,0.0,nan,4.0,3.4752201915255463e-43,2.9973169326782227,0.09588589753262526,0.09588589753262526,0.8829300076498644,0.8829300076498644,7.0,13.2,182.8,7.0,13.2,182.8,nan,nan
lr_policy-0.016_lr_td-0.032_lr_ap-0.256_lr_trace-0.256_w_bas_scale-1,none,soft,0.016,0.256,0.016,0.032,0.256,4.0,,True,0.0,thr,,30,203,random,12,1.0,0.1,1,False,False,2500,,0,50,False,1.0,som,1.0,1.0,20.0,0.0,100.0,inf,1.0,2.0,1.5,0.5,0.5,0.15,0,0,1345.25,1,nan,nan,0.8728200000000002,0.0,nan,1.0,8.688050478813866e-44,0.7493292331695557,0.09588589753262526,0.09588589753262526,0.8807857713760245,0.8807857713760245,0.8,0.6,11.6,0.8,0.6,11.6,0.06373319253325463,1.0
lr_policy-0.016_lr_td-0.032_lr_ap-0.256_lr_trace-0.256_w_bas_scale-2,none,soft,0.016,0.256,0.016,0.032,0.256,4.0,,True,0.0,thr,,30,203,random,12,1.0,0.1,2,False,False,2500,,0,50,False,1.0,som,1.0,1.0,20.0,0.0,100.0,inf,1.0,2.0,1.5,0.5,0.5,0.15,0,5,nan,5,nan,nan,nan,0.0,nan,2.0,1.7376100957627732e-43,1.4986584663391114,0.09588589753262526,0.09588589753262526,0.8818797871599713,0.8818797871599713,4.6,9.0,132.8,4.6,9.0,132.8,nan,nan
lr_policy-0.016_lr_td-0.032_lr_ap-0.256_lr_trace-0.256_w_bas_scale-4,none,soft,0.016,0.256,0.016,0.032,0.256,4.0,,True,0.0,thr,,30,203,random,12,1.0,0.1,4,False,False,2500,,0,50,False,1.0,som,1.0,1.0,20.0,0.0,100.0,inf,1.0,2.0,1.5,0.5,0.5,0.15,0,5,nan,5,nan,nan,nan,0.0,nan,4.0,3.4752201915255463e-43,2.9973169326782227,0.09588589753262526,0.09588589753262526,0.8829300076498644,0.8829300076498644,7.0,13.2,182.8,7.0,13.2,182.8,nan,nan
lr_policy-0.016_lr_td-0.032_lr_ap-0.256_lr_trace-1.0_w_bas_scale-1,none,soft,0.016,0.256,0.016,0.032,1.0,4.0,,True,0.0,thr,,30,203,random,12,1.0,0.1,1,False,False,2500,,0,50,False,1.0,som,1.0,1.0,20.0,0.0,100.0,inf,1.0,2.0,1.5,0.5,0.5,0.15,0,0,1341.0,1,nan,nan,0.86435,0.0,nan,1.0,8.688050478813866e-44,0.7493292331695557,0.09588589753262526,0.09588589753262526,0.8807857713760245,0.8807857713760245,0.8,0.6,11.6,0.8,0.6,11.6,0.06800322234630585,1.0
lr_policy-0.016_lr_td-0.032_lr_ap-0.256_lr_trace-1.0_w_bas_scale-2,none,soft,0.016,0.256,0.016,0.032,1.0,4.0,,True,0.0,thr,,30,203,random,12,1.0,0.1,2,False,False,2500,,0,50,False,1.0,som,1.0,1.0,20.0,0.0,100.0,inf,1.0,2.0,1.5,0.5,0.5,0.15,0,5,nan,5,nan,nan,nan,0.0,nan,2.0,1.7376100957627732e-43,1.4986584663391114,0.09588589753262526,0.09588589753262526,0.8818797871599713,0.8818797871599713,4.6,9.0,132.8,4.6,9.0,132.8,nan,nan
lr_policy-0.016_lr_td-0.032_lr_ap-0.256_lr_trace-1.0_w_bas_scale-4,none,soft,0.016,0.256,0.016,0.032,1.0,4.0,,True,0.0,thr,,30,203,random,12,1.0,0.1,4,False,False,2500,,0,50,False,1.0,som,1.0,1.0,20.0,0.0,100.0,inf,1.0,2.0,1.5,0.5,0.5,0.15,0,5,nan,5,nan,nan,nan,0.0,nan,4.0,3.4752201915255463e-43,2.9973169326782227,0.09588589753262526,0.09588589753262526,0.8829300076498644,0.8829300076498644,7.0,13.2,182.8,7.0,13.2,182.8,nan,nan
lr_policy-0.016_lr_td-0.056_lr_ap-0.064_lr_trace-0.256_w_bas_scale-1,none,soft,0.016,0.064,0.016,0.056,0.256,4.0,,True,0.0,thr,,30,203,random,12,1.0,0.1,1,False,False,2500,,0,50,False,1.0,som,1.0,1.0,20.0,0.0,100.0,inf,1.0,2.0,1.5,0.5,0.5,0.15,0,0,1144.4,0,nan,nan,0.9693099999999999,0.0,nan,1.0,8.688050478813866e-44,0.7493292331695557,0.09588589753262526,0.09588589753262526,0.8807857713760245,0.8807857713760245,0.8,0.6,11.6,0.8,0.6,11.6,0.1080763965845108,0.9999999523162841
lr_policy-0.016_lr_td-0.056_lr_ap-0.064_lr_trace-0.256_w_bas_scale-2,none,soft,0.016,0.064,0.016,0.056,0.256,4.0,,True,0.0,thr,,30,203,random,12,1.0,0.1,2,False,False,2500,,0,50,False,1.0,som,1.0,1.0,20.0,0.0,100.0,inf,1.0,2.0,1.5,0.5,0.5,0.15,0,5,nan,5,nan,nan,nan,0.0,nan,2.0,1.7376100957627732e-43,1.4986584663391114,0.09588589753262526,0.09588589753262526,0.8818797871599713,0.8818797871599713,4.6,9.0,132.8,4.6,9.0,132.8,nan,nan
lr_policy-0.016_lr_td-0.056_lr_ap-0.064_lr_trace-0.256_w_bas_scale-4,none,soft,0.016,0.064,0.016,0.056,0.256,4.0,,True,0.0,thr,,30,203,random,12,1.0,0.1,4,False,False,2500,,0,50,False,1.0,som,1.0,1.0,20.0,0.0,100.0,inf,1.0,2.0,1.5,0.5,0.5,0.15,0,5,nan,5,nan,nan,nan,0.0,nan,4.0,3.4752201915255463e-43,2.9973169326782227,0.09588589753262526,0.09588589753262526,0.8829300076498644,0.8829300076498644,7.0,13.2,182.8,7.0,13.2,182.8,nan,nan
lr_policy-0.016_lr_td-0.056_lr_ap-0.064_lr_trace-1.0_w_bas_scale-1,none,soft,0.016,0.064,0.016,0.056,1.0,4.0,,True,0.0,thr,,30,203,random,12,1.0,0.1,1,False,False,2500,,0,50,False,1.0,som,1.0,1.0,20.0,0.0,100.0,inf,1.0,2.0,1.5,0.5,0.5,0.15,0,0,1488.4,0,nan,nan,0.9397500000000001,0.0,nan,1.0,8.688050478813866e-44,0.7493292331695557,0.09588589753262526,0.09588589753262526,0.8807857713760245,0.8807857713760245,0.8,0.6,11.6,0.8,0.6,11.6,0.10961133390665054,1.0
lr_policy-0.016_lr_td-0.056_lr_ap-0.064_lr_trace-1.0_w_bas_scale-2,none,soft,0.016,0.064,0.016,0.056,1.0,4.0,,True,0.0,thr,,30,203,random,12,1.0,0.1,2,False,False,2500,,0,50,False,1.0,som,1.0,1.0,20.0,0.0,100.0,inf,1.0,2.0,1.5,0.5,0.5,0.15,0,5,nan,5,nan,nan,nan,0.0,nan,2.0,1.7376100957627732e-43,1.4986584663391114,0.09588589753262526,0.09588589753262526,0.8818797871599713,0.8818797871599713,4.6,9.0,132.8,4.6,9.0,132.8,nan,nan
lr_policy-0.016_lr_td-0.056_lr_ap-0.064_lr_trace-1.0_w_bas_scale-4,none,soft,0.016,0.064,0.016,0.056,1.0,4.0,,True,0.0,thr,,30,203,random,12,1.0,0.1,4,False,False,2500,,0,50,False,1.0,som,1.0,1.0,20.0,0.0,100.0,inf,1.0,2.0,1.5,0.5,0.5,0.15,0,5,nan,5,nan,nan,nan,0.0,nan,4.0,3.4752201915255463e-43,2.9973169326782227,0.09588589753262526,0.09588589753262526,0.8829300076498644,0.8829300076498644,7.0,13.2,182.8,7.0,13.2,182.8,nan,nan
lr_policy-0.016_lr_td-0.056_lr_ap-0.128_lr_trace-0.256_w_bas_scale-1,none,soft,0.016,0.128,0.016,0.056,0.256,4.0,,True,0.0,thr,,30,203,random,12,1.0,0.1,1,False,False,2500,,0,50,False,1.0,som,1.0,1.0,20.0,0.0,100.0,inf,1.0,2.0,1.5,0.5,0.5,0.15,0,0,1176.2,0,nan,nan,0.9658900000000001,0.0,nan,1.0,8.688050478813866e-44,0.7493292331695557,0.09588589753262526,0.09588589753262526,0.8807857713760245,0.8807857713760245,0.8,0.6,11.6,0.8,0.6,11.6,0.08080430179834366,1.0
lr_policy-0.016_lr_td-0.056_lr_ap-0.128_lr_trace-0.256_w_bas_scale-2,none,soft,0.016,0.128,0.016,0.056,0.256,4.0,,True,0.0,thr,,30,203,random,12,1.0,0.1,2,False,False,2500,,0,50,False,1.0,som,1.0,1.0,20.0,0.0,100.0,inf,1.0,2.0,1.5,0.5,0.5,0.15,0,5,nan,5,nan,nan,nan,0.0,nan,2.0,1.7376100957627732e-43,1.4986584663391114,0.09588589753262526,0.09588589753262526,0.8818797871599713,0.8818797871599713,4.6,9.0,132.8,4.6,9.0,132.8,nan,nan
lr_policy-0.016_lr_td-0.056_lr_ap-0.128_lr_trace-0.256_w_bas_scale-4,none,soft,0.016,0.128,0.016,0.056,0.256,4.0,,True,0.0,thr,,30,203,random,12,1.0,0.1,4,False,False,2500,,0,50,False,1.0,som,1.0,1.0,20.0,0.0,100.0,inf,1.0,2.0,1.5,0.5,0.5,0.15,0,5,nan,5,nan,nan,nan,0.0,nan,4.0,3.4752201915255463e-43,2.9973169326782227,0.09588589753262526,0.09588589753262526,0.8829300076498644,0.8829300076498644,7.0,13.2,182.8,7.0,13.2,182.8,nan,nan
lr_policy-0.016_lr_td-0.056_lr_ap-0.128_lr_trace-1.0_w_bas_scale-1,none,soft,0.016,0.128,0.016,0.056,1.0,4.0,,True,0.0,thr,,30,203,random,12,1.0,0.1,1,False,False,2500,,0,50,False,1.0,som,1.0,1.0,20.0,0.0,100.0,inf,1.0,2.0,1.5,0.5,0.5,0.15,0,0,1304.2,0,nan,nan,0.9455899999999999,0.0,nan,1.0,8.688050478813866e-44,0.7493292331695557,0.09588589753262526,0.09588589753262526,0.8807857713760245,0.8807857713760245,0.8,0.6,11.6,0.8,0.6,11.6,0.08378726541996002,1.0
lr_policy-0.016_lr_td-0.056_lr_ap-0.128_lr_trace-1.0_w_bas_scale-2,none,soft,0.016,0.128,0.016,0.056,1.0,4.0,,True,0.0,thr,,30,203,random,12,1.0,0.1,2,False,False,2500,,0,50,False,1.0,som,1.0,1.0,20.0,0.0,100.0,inf,1.0,2.0,1.5,0.5,0.5,0.15,0,5,nan,5,nan,nan,nan,0.0,nan,2.0,1.7376100957627732e-43,1.4986584663391114,0.09588589753262526,0.09588589753262526,0.8818797871599713,0.8818797871599713,4.6,9.0,132.8,4.6,9.0,132.8,nan,nan
lr_policy-0.016_lr_td-0.056_lr_ap-0.128_lr_trace-1.0_w_bas_scale-4,none,soft,0.016,0.128,0.016,0.056,1.0,4.0,,True,0.0,thr,,30,203,random,12,1.0,0.1,4,False,False,2500,,0,50,False,1.0,som,1.0,1.0,20.0,0.0,100.0,inf,1.0,2.0,1.5,0.5,0.5,0.15,0,5,nan,5,nan,nan,nan,0.0,nan,4.0,3.4752201915255463e-43,2.9973169326782227,0.09588589753262526,0.09588589753262526,0.8829300076498644,0.8829300076498644,7.0,13.2,182.8,7.0,13.2,182.8,nan,nan
lr_policy-0.016_lr_td-0.056_lr_ap-0.256_lr_trace-0.256_w_bas_scale-1,none,soft,0.016,0.256,0.016,0.056,0.256,4.0,,True,0.0,thr,,30,203,random,12,1.0,0.1,1,False,False,2500,,0,50,False,1.0,som,1.0,1.0,20.0,0.0,100.0,inf,1.0,2.0,1.5,0.5,0.5,0.15,0,0,1368.0,0,nan,nan,0.9553100000000001,0.0,nan,1.0,8.688050478813866e-44,0.7493292331695557,0.09588589753262526,0.09588589753262526,0.8807857713760245,0.8807857713760245,0.8,0.6,11.6,0.8,0.6,11.6,0.06219471544027329,1.0
lr_policy-0.016_lr_td-0.056_lr_ap-0.256_lr_trace-0.256_w_bas_scale-2,none,soft,0.016,0.256,0.016,0.056,0.256,4.0,,True,0.0,thr,,30,203,random,12,1.0,0.1,2,False,False,2500,,0,50,False,1.0,som,1.0,1.0,20.0,0.0,100.0,inf,1.0,2.0,1.5,0.5,0.5,0.15,0,5,nan,5,nan,nan,nan,0.0,nan,2.0,1.7376100957627732e-43,1.4986584663391114,0.09588589753262526,0.09588589753262526,0.8818797871599713,0.8818797871599713,4.6,9.0,132.8,4.6,9.0,132.8,nan,nan
lr_policy-0.016_lr_td-0.056_lr_ap-0.256_lr_trace-0.256_w_bas_scale-4,none,soft,0.016,0.256,0.016,0.056,0.256,4.0,,True,0.0,thr,,30,203,random,12,1.0,0.1,4,False,False,2500,,0,50,False,1.0,som,1.0,1.0,20.0,0.0,100.0,inf,1.0,2.0,1.5,0.5,0.5,0.15,0,5,nan,5,nan,nan,nan,0.0,nan,4.0,3.4752201915255463e-43,2.9973169326782227,0.09588589753262526,0.09588589753262526,0.8829300076498644,0.8829300076498644,7.0,13.2,182.8,7.0,13.2,182.8,nan,nan
lr_policy-0.016_lr_td-0.056_lr_ap-0.256_lr_trace-1.0_w_bas_scale-1,none,soft,0.016,0.256,0.016,0.056,1.0,4.0,,True,0.0,thr,,30,203,random,12,1.0,0.1,1,False,False,2500,,0,50,False,1.0,som,1.0,1.0,20.0,0.0,100.0,inf,1.0,2.0,1.5,0.5,0.5,0.15,0,0,1450.6,0,nan,nan,0.9365799999999999,0.0,nan,1.0,8.688050478813866e-44,0.7493292331695557,0.09588589753262526,0.09588589753262526,0.8807857713760245,0.8807857713760245,0.8,0.6,11.6,0.8,0.6,11.6,0.06279711648821831,1.0
lr_policy-0.016_lr_td-0.056_lr_ap-0.256_lr_trace-1.0_w_bas_scale-2,none,soft,0.016,0.256,0.016,0.056,1.0,4.0,,True,0.0,thr,,30,203,random,12,1.0,0.1,2,False,False,2500,,0,50,False,1.0,som,1.0,1.0,20.0,0.0,100.0,inf,1.0,2.0,1.5,0.5,0.5,0.15,0,5,nan,5,nan,nan,nan,0.0,nan,2.0,1.7376100957627732e-43,1.4986584663391114,0.09588589753262526,0.09588589753262526,0.8818797871599713,0.8818797871599713,4.6,9.0,132.8,4.6,9.0,132.8,nan,nan
lr_policy-0.016_lr_td-0.056_lr_ap-0.256_lr_trace-1.0_w_bas_scale-4,none,soft,0.016,0.256,0.016,0.056,1.0,4.0,,True,0.0,thr,,30,203,random,12,1.0,0.1,4,False,False,2500,,0,50,False,1.0,som,1.0,1.0,20.0,0.0,100.0,inf,1.0,2.0,1.5,0.5,0.5,0.15,0,5,nan,5,nan,nan,nan,0.0,nan,4.0,3.4752201915255463e-43,2.9973169326782227,0.09588589753262526,0.09588589753262526,0.8829300076498644,0.8829300076498644,7.0,13.2,182.8,7.0,13.2,182.8,nan,nan
