config,rule,bound,lr_bas,lr_ap,lr_policy,theta_0,n_noise,n_z,init,init_power,n_trials,n_trials_inhibited,snapshot_every,store_full,gate_power,oja_decay,burst_tau,burst_kappa,bcm_tau,us_tau,bcm_e0_scale,ca_beta,ca_theta_p,ca_ltd_frac,ca_gamma_d,ca_smooth,n_failed,diverged,expert_proxy,expert_proxy_n_not_reached,expert_after_lift,perf_inhibited_end,final_perf,w_bas_change,w_bas_change_inhibited,w_bas_sum_mean,w_bas_min,w_bas_max,task_frac_start,task_frac_end,selectivity_start,selectivity_end,det_tone_start,det_texture_start,det_distractor_start,det_tone,det_texture,det_distractor,w_ap_mean,w_ap_max
n_z-100_init_power-12_lr_ap-0.016_lr_policy-0.016,none,soft,0.016,0.016,0.016,4.0,30,100,random,12,1800,0,50,False,1.0,1.0,20.0,0.0,100.0,inf,1.0,2.0,1.5,0.5,0.5,0.15,0,0,nan,5,nan,nan,0.5174399999999999,0.0,nan,1.0,1.187597085398968e-39,0.7025790214538574,0.08583852616233727,0.08583852616233727,0.8898895761416485,0.8898895761416485,0.2,0.2,6.0,0.2,0.2,6.0,0.04536998048424721,0.20816046446561814
n_z-100_init_power-12_lr_ap-0.016_lr_policy-0.032,none,soft,0.016,0.016,0.032,4.0,30,100,random,12,1800,0,50,False,1.0,1.0,20.0,0.0,100.0,inf,1.0,2.0,1.5,0.5,0.5,0.15,0,0,nan,5,nan,nan,0.5159900000000001,0.0,nan,1.0,1.187597085398968e-39,0.7025790214538574,0.08583852616233727,0.08583852616233727,0.8898895761416485,0.8898895761416485,0.2,0.2,6.0,0.2,0.2,6.0,0.04405192881822586,0.30341549068689344
n_z-100_init_power-12_lr_ap-0.016_lr_policy-0.064,none,soft,0.016,0.016,0.064,4.0,30,100,random,12,1800,0,50,False,1.0,1.0,20.0,0.0,100.0,inf,1.0,2.0,1.5,0.5,0.5,0.15,0,0,nan,5,nan,nan,0.51396,0.0,nan,1.0,1.187597085398968e-39,0.7025790214538574,0.08583852616233727,0.08583852616233727,0.8898895761416485,0.8898895761416485,0.2,0.2,6.0,0.2,0.2,6.0,0.04284947514533997,0.3136205181479454
n_z-100_init_power-12_lr_ap-0.032_lr_policy-0.016,none,soft,0.016,0.032,0.016,4.0,30,100,random,12,1800,0,50,False,1.0,1.0,20.0,0.0,100.0,inf,1.0,2.0,1.5,0.5,0.5,0.15,0,0,nan,5,nan,nan,0.51905,0.0,nan,1.0,1.187597085398968e-39,0.7025790214538574,0.08583852616233727,0.08583852616233727,0.8898895761416485,0.8898895761416485,0.2,0.2,6.0,0.2,0.2,6.0,0.02384999133646488,0.3154608510434628
n_z-100_init_power-12_lr_ap-0.032_lr_policy-0.032,none,soft,0.016,0.032,0.032,4.0,30,100,random,12,1800,0,50,False,1.0,1.0,20.0,0.0,100.0,inf,1.0,2.0,1.5,0.5,0.5,0.15,0,0,nan,5,nan,nan,0.517,0.0,nan,1.0,1.187597085398968e-39,0.7025790214538574,0.08583852616233727,0.08583852616233727,0.8898895761416485,0.8898895761416485,0.2,0.2,6.0,0.2,0.2,6.0,0.024485340900719167,0.4075300469994545
n_z-100_init_power-12_lr_ap-0.032_lr_policy-0.064,none,soft,0.016,0.032,0.064,4.0,30,100,random,12,1800,0,50,False,1.0,1.0,20.0,0.0,100.0,inf,1.0,2.0,1.5,0.5,0.5,0.15,0,0,nan,5,nan,nan,0.51322,0.0,nan,1.0,1.187597085398968e-39,0.7025790214538574,0.08583852616233727,0.08583852616233727,0.8898895761416485,0.8898895761416485,0.2,0.2,6.0,0.2,0.2,6.0,0.025688582472503184,0.45263381823897364
n_z-100_init_power-12_lr_ap-0.064_lr_policy-0.016,none,soft,0.016,0.064,0.016,4.0,30,100,random,12,1800,0,50,False,1.0,1.0,20.0,0.0,100.0,inf,1.0,2.0,1.5,0.5,0.5,0.15,0,0,nan,5,nan,nan,0.5206600000000001,0.0,nan,1.0,1.187597085398968e-39,0.7025790214538574,0.08583852616233727,0.08583852616233727,0.8898895761416485,0.8898895761416485,0.2,0.2,6.0,0.2,0.2,6.0,0.013170651718974113,0.43313005194067955
n_z-100_init_power-12_lr_ap-0.064_lr_policy-0.032,none,soft,0.016,0.064,0.032,4.0,30,100,random,12,1800,0,50,False,1.0,1.0,20.0,0.0,100.0,inf,1.0,2.0,1.5,0.5,0.5,0.15,0,0,nan,5,nan,nan,0.51549,0.0,nan,1.0,1.187597085398968e-39,0.7025790214538574,0.08583852616233727,0.08583852616233727,0.8898895761416485,0.8898895761416485,0.2,0.2,6.0,0.2,0.2,6.0,0.013718013139441609,0.4332919269800186
n_z-100_init_power-12_lr_ap-0.064_lr_policy-0.064,none,soft,0.016,0.064,0.064,4.0,30,100,random,12,1800,0,50,False,1.0,1.0,20.0,0.0,100.0,inf,1.0,2.0,1.5,0.5,0.5,0.15,0,0,nan,5,nan,nan,0.5145000000000001,0.0,nan,1.0,1.187597085398968e-39,0.7025790214538574,0.08583852616233727,0.08583852616233727,0.8898895761416485,0.8898895761416485,0.2,0.2,6.0,0.2,0.2,6.0,0.014194729691371321,0.4329643867909908
n_z-100_init_power-6_lr_ap-0.016_lr_policy-0.016,none,soft,0.016,0.016,0.016,4.0,30,100,random,6,1800,0,50,False,1.0,1.0,20.0,0.0,100.0,inf,1.0,2.0,1.5,0.5,0.5,0.15,0,0,nan,5,nan,nan,0.5136399999999999,0.0,nan,1.0,6.13478657865485e-21,0.37134130001068116,0.08821765605742977,0.08821765605742977,0.808644240112294,0.808644240112294,0.0,0.0,0.0,0.0,0.0,0.0,0.04648782089352608,0.086861152946949
n_z-100_init_power-6_lr_ap-0.016_lr_policy-0.032,none,soft,0.016,0.016,0.032,4.0,30,100,random,6,1800,0,50,False,1.0,1.0,20.0,0.0,100.0,inf,1.0,2.0,1.5,0.5,0.5,0.15,0,0,nan,5,nan,nan,0.51212,0.0,nan,1.0,6.13478657865485e-21,0.37134130001068116,0.08821765605742977,0.08821765605742977,0.808644240112294,0.808644240112294,0.0,0.0,0.0,0.0,0.0,0.0,0.043896785378456114,0.08407855927944183
n_z-100_init_power-6_lr_ap-0.016_lr_policy-0.064,none,soft,0.016,0.016,0.064,4.0,30,100,random,6,1800,0,50,False,1.0,1.0,20.0,0.0,100.0,inf,1.0,2.0,1.5,0.5,0.5,0.15,0,0,nan,5,nan,nan,0.5125300000000002,0.0,nan,1.0,6.13478657865485e-21,0.37134130001068116,0.08821765605742977,0.08821765605742977,0.808644240112294,0.808644240112294,0.0,0.0,0.0,0.0,0.0,0.0,0.04239724427461624,0.08254795223474502
n_z-100_init_power-6_lr_ap-0.032_lr_policy-0.016,none,soft,0.016,0.032,0.016,4.0,30,100,random,6,1800,0,50,False,1.0,1.0,20.0,0.0,100.0,inf,1.0,2.0,1.5,0.5,0.5,0.15,0,0,nan,5,nan,nan,0.5156799999999999,0.0,nan,1.0,6.13478657865485e-21,0.37134130001068116,0.08821765605742977,0.08821765605742977,0.808644240112294,0.808644240112294,0.0,0.0,0.0,0.0,0.0,0.0,0.021521121636033057,0.051225940138101576
n_z-100_init_power-6_lr_ap-0.032_lr_policy-0.032,none,soft,0.016,0.032,0.032,4.0,30,100,random,6,1800,0,50,False,1.0,1.0,20.0,0.0,100.0,inf,1.0,2.0,1.5,0.5,0.5,0.15,0,0,nan,5,nan,nan,0.5135099999999999,0.0,nan,1.0,6.13478657865485e-21,0.37134130001068116,0.08821765605742977,0.08821765605742977,0.808644240112294,0.808644240112294,0.0,0.0,0.0,0.0,0.0,0.0,0.01923915557563305,0.0481584906578064
n_z-100_init_power-6_lr_ap-0.032_lr_policy-0.064,none,soft,0.016,0.032,0.064,4.0,30,100,random,6,1800,0,50,False,1.0,1.0,20.0,0.0,100.0,inf,1.0,2.0,1.5,0.5,0.5,0.15,0,0,nan,5,nan,nan,0.5125300000000002,0.0,nan,1.0,6.13478657865485e-21,0.37134130001068116,0.08821765605742977,0.08821765605742977,0.808644240112294,0.808644240112294,0.0,0.0,0.0,0.0,0.0,0.0,0.017931575514376165,0.046537145227193835
n_z-100_init_power-6_lr_ap-0.064_lr_policy-0.016,none,soft,0.016,0.064,0.016,4.0,30,100,random,6,1800,0,50,False,1.0,1.0,20.0,0.0,100.0,inf,1.0,2.0,1.5,0.5,0.5,0.15,0,0,nan,5,nan,nan,0.5156799999999999,0.0,nan,1.0,6.13478657865485e-21,0.37134130001068116,0.08821765605742977,0.08821765605742977,0.808644240112294,0.808644240112294,0.0,0.0,0.0,0.0,0.0,0.0,0.004844347620382905,0.01880718898028135
n_z-100_init_power-6_lr_ap-0.064_lr_policy-0.032,none,soft,0.016,0.064,0.032,4.0,30,100,random,6,1800,0,50,False,1.0,1.0,20.0,0.0,100.0,inf,1.0,2.0,1.5,0.5,0.5,0.15,0,0,nan,5,nan,nan,0.51265,0.0,nan,1.0,6.13478657865485e-21,0.37134130001068116,0.08821765605742977,0.08821765605742977,0.808644240112294,0.808644240112294,0.0,0.0,0.0,0.0,0.0,0.0,0.003912964509800077,0.01646327842026949
n_z-100_init_power-6_lr_ap-0.064_lr_policy-0.064,none,soft,0.016,0.064,0.064,4.0,30,100,random,6,1800,0,50,False,1.0,1.0,20.0,0.0,100.0,inf,1.0,2.0,1.5,0.5,0.5,0.15,0,0,nan,5,nan,nan,0.5125300000000002,0.0,nan,1.0,6.13478657865485e-21,0.37134130001068116,0.08821765605742977,0.08821765605742977,0.808644240112294,0.808644240112294,0.0,0.0,0.0,0.0,0.0,0.0,0.003434519050642848,0.015281821601092815
n_z-203_init_power-12_lr_ap-0.016_lr_policy-0.016,none,soft,0.016,0.016,0.016,4.0,30,203,random,12,1800,0,50,False,1.0,1.0,20.0,0.0,100.0,inf,1.0,2.0,1.5,0.5,0.5,0.15,0,0,1621.0,4,nan,nan,0.60131,0.0,nan,1.0,8.688050478813866e-44,0.7493292331695557,0.09588589753262526,0.09588589753262526,0.8807857713760245,0.8807857713760245,0.8,0.6,11.6,0.8,0.6,11.6,0.10547921359539032,0.9999320268630981
n_z-203_init_power-12_lr_ap-0.016_lr_policy-0.032,none,soft,0.016,0.016,0.032,4.0,30,203,random,12,1800,0,50,False,1.0,1.0,20.0,0.0,100.0,inf,1.0,2.0,1.5,0.5,0.5,0.15,0,0,1492.5,3,nan,nan,0.6663399999999999,0.0,nan,1.0,8.688050478813866e-44,0.7493292331695557,0.09588589753262526,0.09588589753262526,0.8807857713760245,0.8807857713760245,0.8,0.6,11.6,0.8,0.6,11.6,0.11104066967964173,0.9999946713447571
n_z-203_init_power-12_lr_ap-0.016_lr_policy-0.064,none,soft,0.016,0.016,0.064,4.0,30,203,random,12,1800,0,50,False,1.0,1.0,20.0,0.0,100.0,inf,1.0,2.0,1.5,0.5,0.5,0.15,0,0,1358.0,3,nan,nan,0.68862,0.0,nan,1.0,8.688050478813866e-44,0.7493292331695557,0.09588589753262526,0.09588589753262526,0.8807857713760245,0.8807857713760245,0.8,0.6,11.6,0.8,0.6,11.6,0.11254405379295349,0.999998152256012
n_z-203_init_power-12_lr_ap-0.032_lr_policy-0.016,none,soft,0.016,0.032,0.016,4.0,30,203,random,12,1800,0,50,False,1.0,1.0,20.0,0.0,100.0,inf,1.0,2.0,1.5,0.5,0.5,0.15,0,0,1454.0,3,nan,nan,0.67714,0.0,nan,1.0,8.688050478813866e-44,0.7493292331695557,0.09588589753262526,0.09588589753262526,0.8807857713760245,0.8807857713760245,0.8,0.6,11.6,0.8,0.6,11.6,0.10360083729028702,0.9999998569488525
n_z-203_init_power-12_lr_ap-0.032_lr_policy-0.032,none,soft,0.016,0.032,0.032,4.0,30,203,random,12,1800,0,50,False,1.0,1.0,20.0,0.0,100.0,inf,1.0,2.0,1.5,0.5,0.5,0.15,0,0,1254.0,3,nan,nan,0.70197,0.0,nan,1.0,8.688050478813866e-44,0.7493292331695557,0.09588589753262526,0.09588589753262526,0.8807857713760245,0.8807857713760245,0.8,0.6,11.6,0.8,0.6,11.6,0.106487575173378,0.9999998688697815
n_z-203_init_power-12_lr_ap-0.032_lr_policy-0.064,none,soft,0.016,0.032,0.064,4.0,30,203,random,12,1800,0,50,False,1.0,1.0,20.0,0.0,100.0,inf,1.0,2.0,1.5,0.5,0.5,0.15,0,0,1321.0,2,nan,nan,0.76156,0.0,nan,1.0,8.688050478813866e-44,0.7493292331695557,0.09588589753262526,0.09588589753262526,0.8807857713760245,0.8807857713760245,0.8,0.6,11.6,0.8,0.6,11.6,0.10898087471723557,0.9999998688697815
n_z-203_init_power-12_lr_ap-0.064_lr_policy-0.016,none,soft,0.016,0.064,0.016,4.0,30,203,random,12,1800,0,50,False,1.0,1.0,20.0,0.0,100.0,inf,1.0,2.0,1.5,0.5,0.5,0.15,0,0,1297.0,3,nan,nan,0.6862200000000002,0.0,nan,1.0,8.688050478813866e-44,0.7493292331695557,0.09588589753262526,0.09588589753262526,0.8807857713760245,0.8807857713760245,0.8,0.6,11.6,0.8,0.6,11.6,0.08571072146296502,0.9999999523162841
n_z-203_init_power-12_lr_ap-0.064_lr_policy-0.032,none,soft,0.016,0.064,0.032,4.0,30,203,random,12,1800,0,50,False,1.0,1.0,20.0,0.0,100.0,inf,1.0,2.0,1.5,0.5,0.5,0.15,0,0,1120.5,3,nan,nan,0.7005500000000001,0.0,nan,1.0,8.688050478813866e-44,0.7493292331695557,0.09588589753262526,0.09588589753262526,0.8807857713760245,0.8807857713760245,0.8,0.6,11.6,0.8,0.6,11.6,0.08679185062646866,0.9999999523162841
n_z-203_init_power-12_lr_ap-0.064_lr_policy-0.064,none,soft,0.016,0.064,0.064,4.0,30,203,random,12,1800,0,50,False,1.0,1.0,20.0,0.0,100.0,inf,1.0,2.0,1.5,0.5,0.5,0.15,0,0,1257.0,2,nan,nan,0.7558399999999998,0.0,nan,1.0,8.688050478813866e-44,0.7493292331695557,0.09588589753262526,0.09588589753262526,0.8807857713760245,0.8807857713760245,0.8,0.6,11.6,0.8,0.6,11.6,0.08939700648188591,0.9999999523162841
n_z-203_init_power-6_lr_ap-0.016_lr_policy-0.016,none,soft,0.016,0.016,0.016,4.0,30,203,random,6,1800,0,50,False,1.0,1.0,20.0,0.0,100.0,inf,1.0,2.0,1.5,0.5,0.5,0.15,0,0,nan,5,nan,nan,0.51237,0.0,nan,1.0,4.4826533770736403e-23,0.3987832129001617,0.0936221528679386,0.0936221528679386,0.8015211239626023,0.8015211239626023,0.0,0.0,0.0,0.0,0.0,0.0,0.03918711319565773,0.20815071761608123
n_z-203_init_power-6_lr_ap-0.016_lr_policy-0.032,none,soft,0.016,0.016,0.032,4.0,30,203,random,6,1800,0,50,False,1.0,1.0,20.0,0.0,100.0,inf,1.0,2.0,1.5,0.5,0.5,0.15,0,0,nan,5,nan,nan,0.5127,0.0,nan,1.0,4.4826533770736403e-23,0.3987832129001617,0.0936221528679386,0.0936221528679386,0.8015211239626023,0.8015211239626023,0.0,0.0,0.0,0.0,0.0,0.0,0.03808831721544266,0.2631562352180481
n_z-203_init_power-6_lr_ap-0.016_lr_policy-0.064,none,soft,0.016,0.016,0.064,4.0,30,203,random,6,1800,0,50,False,1.0,1.0,20.0,0.0,100.0,inf,1.0,2.0,1.5,0.5,0.5,0.15,0,0,nan,5,nan,nan,0.51525,0.0,nan,1.0,4.4826533770736403e-23,0.3987832129001617,0.0936221528679386,0.0936221528679386,0.8015211239626023,0.8015211239626023,0.0,0.0,0.0,0.0,0.0,0.0,0.037586575746536253,0.2761333554983139
n_z-203_init_power-6_lr_ap-0.032_lr_policy-0.016,none,soft,0.016,0.032,0.016,4.0,30,203,random,6,1800,0,50,False,1.0,1.0,20.0,0.0,100.0,inf,1.0,2.0,1.5,0.5,0.5,0.15,0,0,nan,5,nan,nan,0.5139699999999999,0.0,nan,1.0,4.4826533770736403e-23,0.3987832129001617,0.0936221528679386,0.0936221528679386,0.8015211239626023,0.8015211239626023,0.0,0.0,0.0,0.0,0.0,0.0,0.017281158827245235,0.268879896402359
n_z-203_init_power-6_lr_ap-0.032_lr_policy-0.032,none,soft,0.016,0.032,0.032,4.0,30,203,random,6,1800,0,50,False,1.0,1.0,20.0,0.0,100.0,inf,1.0,2.0,1.5,0.5,0.5,0.15,0,0,nan,5,nan,nan,0.5130600000000001,0.0,nan,1.0,4.4826533770736403e-23,0.3987832129001617,0.0936221528679386,0.0936221528679386,0.8015211239626023,0.8015211239626023,0.0,0.0,0.0,0.0,0.0,0.0,0.0173264192417264,0.27091537564992907
n_z-203_init_power-6_lr_ap-0.032_lr_policy-0.064,none,soft,0.016,0.032,0.064,4.0,30,203,random,6,1800,0,50,False,1.0,1.0,20.0,0.0,100.0,inf,1.0,2.0,1.5,0.5,0.5,0.15,0,0,nan,5,nan,nan,0.51525,0.0,nan,1.0,4.4826533770736403e-23,0.3987832129001617,0.0936221528679386,0.0936221528679386,0.8015211239626023,0.8015211239626023,0.0,0.0,0.0,0.0,0.0,0.0,0.0171471755951643,0.2722361721098423
n_z-203_init_power-6_lr_ap-0.064_lr_policy-0.016,none,soft,0.016,0.064,0.016,4.0,30,203,random,6,1800,0,50,False,1.0,1.0,20.0,0.0,100.0,inf,1.0,2.0,1.5,0.5,0.5,0.15,0,0,nan,5,nan,nan,0.5150399999999999,0.0,nan,1.0,4.4826533770736403e-23,0.3987832129001617,0.0936221528679386,0.0936221528679386,0.8015211239626023,0.8015211239626023,0.0,0.0,0.0,0.0,0.0,0.0,0.005774506693705916,0.2404001299291849
n_z-203_init_power-6_lr_ap-0.064_lr_policy-0.032,none,soft,0.016,0.064,0.032,4.0,30,203,random,6,1800,0,50,False,1.0,1.0,20.0,0.0,100.0,inf,1.0,2.0,1.5,0.5,0.5,0.15,0,0,nan,5,nan,nan,0.5130600000000001,0.0,nan,1.0,4.4826533770736403e-23,0.3987832129001617,0.0936221528679386,0.0936221528679386,0.8015211239626023,0.8015211239626023,0.0,0.0,0.0,0.0,0.0,0.0,0.005899759777821601,0.24328335039317608
n_z-203_init_power-6_lr_ap-0.064_lr_policy-0.064,none,soft,0.016,0.064,0.064,4.0,30,203,random,6,1800,0,50,False,1.0,1.0,20.0,0.0,100.0,inf,1.0,2.0,1.5,0.5,0.5,0.15,0,0,nan,5,nan,nan,0.51525,0.0,nan,1.0,4.4826533770736403e-23,0.3987832129001617,0.0936221528679386,0.0936221528679386,0.8015211239626023,0.8015211239626023,0.0,0.0,0.0,0.0,0.0,0.0,0.006036022701300681,0.24594833254814147
n_z-400_init_power-12_lr_ap-0.016_lr_policy-0.016,none,soft,0.016,0.016,0.016,4.0,30,400,random,12,1800,0,50,False,1.0,1.0,20.0,0.0,100.0,inf,1.0,2.0,1.5,0.5,0.5,0.15,0,0,1586.4,0,nan,nan,0.8223900000000001,0.0,nan,1.0,0.0,0.7759639263153076,0.09354495181555189,0.09354495181555189,0.8793498700826735,0.8793498700826735,0.8,0.2,23.6,0.8,0.2,23.6,0.14127109497785567,0.9999996423721313
n_z-400_init_power-12_lr_ap-0.016_lr_policy-0.032,none,soft,0.016,0.016,0.032,4.0,30,400,random,12,1800,0,50,False,1.0,1.0,20.0,0.0,100.0,inf,1.0,2.0,1.5,0.5,0.5,0.15,0,0,1417.8,0,nan,nan,0.9578200000000001,0.0,nan,1.0,0.0,0.7759639263153076,0.09354495181555189,0.09354495181555189,0.8793498700826735,0.8793498700826735,0.8,0.2,23.6,0.8,0.2,23.6,0.14257176965475082,0.9999996304512024
n_z-400_init_power-12_lr_ap-0.016_lr_policy-0.064,none,soft,0.016,0.016,0.064,4.0,30,400,random,12,1800,0,50,False,1.0,1.0,20.0,0.0,100.0,inf,1.0,2.0,1.5,0.5,0.5,0.15,0,0,1285.0,0,nan,nan,0.98444,0.0,nan,1.0,0.0,0.7759639263153076,0.09354495181555189,0.09354495181555189,0.8793498700826735,0.8793498700826735,0.8,0.2,23.6,0.8,0.2,23.6,0.14249529391527177,0.9999995946884155
n_z-400_init_power-12_lr_ap-0.032_lr_policy-0.016,none,soft,0.016,0.032,0.016,4.0,30,400,random,12,1800,0,50,False,1.0,1.0,20.0,0.0,100.0,inf,1.0,2.0,1.5,0.5,0.5,0.15,0,0,1358.0,0,nan,nan,0.9389,0.0,nan,1.0,0.0,0.7759639263153076,0.09354495181555189,0.09354495181555189,0.8793498700826735,0.8793498700826735,0.8,0.2,23.6,0.8,0.2,23.6,0.13155169636011124,0.9999998688697815
n_z-400_init_power-12_lr_ap-0.032_lr_policy-0.032,none,soft,0.016,0.032,0.032,4.0,30,400,random,12,1800,0,50,False,1.0,1.0,20.0,0.0,100.0,inf,1.0,2.0,1.5,0.5,0.5,0.15,0,0,1242.4,0,nan,nan,0.9759300000000002,0.0,nan,1.0,0.0,0.7759639263153076,0.09354495181555189,0.09354495181555189,0.8793498700826735,0.8793498700826735,0.8,0.2,23.6,0.8,0.2,23.6,0.13570495843887329,0.9999998688697815
n_z-400_init_power-12_lr_ap-0.032_lr_policy-0.064,none,soft,0.016,0.032,0.064,4.0,30,400,random,12,1800,0,50,False,1.0,1.0,20.0,0.0,100.0,inf,1.0,2.0,1.5,0.5,0.5,0.15,0,0,1117.6,0,nan,nan,0.9883000000000001,0.0,nan,1.0,0.0,0.7759639263153076,0.09354495181555189,0.09354495181555189,0.8793498700826735,0.8793498700826735,0.8,0.2,23.6,0.8,0.2,23.6,0.13805351704359053,0.9999998688697815
n_z-400_init_power-12_lr_ap-0.064_lr_policy-0.016,none,soft,0.016,0.064,0.016,4.0,30,400,random,12,1800,0,50,False,1.0,1.0,20.0,0.0,100.0,inf,1.0,2.0,1.5,0.5,0.5,0.15,0,0,1275.0,0,nan,nan,0.95113,0.0,nan,1.0,0.0,0.7759639263153076,0.09354495181555189,0.09354495181555189,0.8793498700826735,0.8793498700826735,0.8,0.2,23.6,0.8,0.2,23.6,0.1088837817311287,0.9999999403953552
n_z-400_init_power-12_lr_ap-0.064_lr_policy-0.032,none,soft,0.016,0.064,0.032,4.0,30,400,random,12,1800,0,50,False,1.0,1.0,20.0,0.0,100.0,inf,1.0,2.0,1.5,0.5,0.5,0.15,0,0,1133.4,0,nan,nan,0.9777500000000001,0.0,nan,1.0,0.0,0.7759639263153076,0.09354495181555189,0.09354495181555189,0.8793498700826735,0.8793498700826735,0.8,0.2,23.6,0.8,0.2,23.6,0.11188644766807557,0.9999999403953552
n_z-400_init_power-12_lr_ap-0.064_lr_policy-0.064,none,soft,0.016,0.064,0.064,4.0,30,400,random,12,1800,0,50,False,1.0,1.0,20.0,0.0,100.0,inf,1.0,2.0,1.5,0.5,0.5,0.15,0,0,1032.4,0,nan,nan,0.9873000000000001,0.0,nan,1.0,0.0,0.7759639263153076,0.09354495181555189,0.09354495181555189,0.8793498700826735,0.8793498700826735,0.8,0.2,23.6,0.8,0.2,23.6,0.1139581099152565,0.9999999403953552
n_z-400_init_power-6_lr_ap-0.016_lr_policy-0.016,none,soft,0.016,0.016,0.016,4.0,30,400,random,6,1800,0,50,False,1.0,1.0,20.0,0.0,100.0,inf,1.0,2.0,1.5,0.5,0.5,0.15,0,0,nan,5,nan,nan,0.51291,0.0,nan,1.0,1.1932765571782727e-24,0.41114198565483095,0.09183783426881911,0.09183783426881911,0.8007803592310792,0.8007803592310792,0.0,0.0,0.0,0.0,0.0,0.0,0.04099680259823799,0.6703263342380523
n_z-400_init_power-6_lr_ap-0.016_lr_policy-0.032,none,soft,0.016,0.016,0.032,4.0,30,400,random,6,1800,0,50,False,1.0,1.0,20.0,0.0,100.0,inf,1.0,2.0,1.5,0.5,0.5,0.15,0,0,nan,5,nan,nan,0.51525,0.0,nan,1.0,1.1932765571782727e-24,0.41114198565483095,0.09183783426881911,0.09183783426881911,0.8007803592310792,0.8007803592310792,0.0,0.0,0.0,0.0,0.0,0.0,0.04270432591438293,0.6963321715593338
n_z-400_init_power-6_lr_ap-0.016_lr_policy-0.064,none,soft,0.016,0.016,0.064,4.0,30,400,random,6,1800,0,50,False,1.0,1.0,20.0,0.0,100.0,inf,1.0,2.0,1.5,0.5,0.5,0.15,0,0,nan,5,nan,nan,0.51425,0.0,nan,1.0,1.1932765571782727e-24,0.41114198565483095,0.09183783426881911,0.09183783426881911,0.8007803592310792,0.8007803592310792,0.0,0.0,0.0,0.0,0.0,0.0,0.04369964748620987,0.7096337795257568
n_z-400_init_power-6_lr_ap-0.032_lr_policy-0.016,none,soft,0.016,0.032,0.016,4.0,30,400,random,6,1800,0,50,False,1.0,1.0,20.0,0.0,100.0,inf,1.0,2.0,1.5,0.5,0.5,0.15,0,0,nan,5,nan,nan,0.51349,0.0,nan,1.0,1.1932765571782727e-24,0.41114198565483095,0.09183783426881911,0.09183783426881911,0.8007803592310792,0.8007803592310792,0.0,0.0,0.0,0.0,0.0,0.0,0.021534506231546402,0.6901177555322647
n_z-400_init_power-6_lr_ap-0.032_lr_policy-0.032,none,soft,0.016,0.032,0.032,4.0,30,400,random,6,1800,0,50,False,1.0,1.0,20.0,0.0,100.0,inf,1.0,2.0,1.5,0.5,0.5,0.15,0,0,nan,5,nan,nan,0.51525,0.0,nan,1.0,1.1932765571782727e-24,0.41114198565483095,0.09183783426881911,0.09183783426881911,0.8007803592310792,0.8007803592310792,0.0,0.0,0.0,0.0,0.0,0.0,0.02379478495568037,0.7050916224718093
n_z-400_init_power-6_lr_ap-0.032_lr_policy-0.064,none,soft,0.016,0.032,0.064,4.0,30,400,random,6,1800,0,50,False,1.0,1.0,20.0,0.0,100.0,inf,1.0,2.0,1.5,0.5,0.5,0.15,0,0,nan,5,nan,nan,0.51425,0.0,nan,1.0,1.1932765571782727e-24,0.41114198565483095,0.09183783426881911,0.09183783426881911,0.8007803592310792,0.8007803592310792,0.0,0.0,0.0,0.0,0.0,0.0,0.0248753322288394,0.7164491027593612
n_z-400_init_power-6_lr_ap-0.064_lr_policy-0.016,none,soft,0.016,0.064,0.016,4.0,30,400,random,6,1800,0,50,False,1.0,1.0,20.0,0.0,100.0,inf,1.0,2.0,1.5,0.5,0.5,0.15,0,0,nan,5,nan,nan,0.5143800000000001,0.0,nan,1.0,1.1932765571782727e-24,0.41114198565483095,0.09183783426881911,0.09183783426881911,0.8007803592310792,0.8007803592310792,0.0,0.0,0.0,0.0,0.0,0.0,0.007331425463780761,0.6404545657336712
n_z-400_init_power-6_lr_ap-0.064_lr_policy-0.032,none,soft,0.016,0.064,0.032,4.0,30,400,random,6,1800,0,50,False,1.0,1.0,20.0,0.0,100.0,inf,1.0,2.0,1.5,0.5,0.5,0.15,0,0,nan,5,nan,nan,0.51425,0.0,nan,1.0,1.1932765571782727e-24,0.41114198565483095,0.09183783426881911,0.09183783426881911,0.8007803592310792,0.8007803592310792,0.0,0.0,0.0,0.0,0.0,0.0,0.008136542746797204,0.6450345888733864
n_z-400_init_power-6_lr_ap-0.064_lr_policy-0.064,none,soft,0.016,0.064,0.064,4.0,30,400,random,6,1800,0,50,False,1.0,1.0,20.0,0.0,100.0,inf,1.0,2.0,1.5,0.5,0.5,0.15,0,0,nan,5,nan,nan,0.51425,0.0,nan,1.0,1.1932765571782727e-24,0.41114198565483095,0.09183783426881911,0.09183783426881911,0.8007803592310792,0.8007803592310792,0.0,0.0,0.0,0.0,0.0,0.0,0.008988538780249656,0.6489435620605946
n_z-800_init_power-12_lr_ap-0.016_lr_policy-0.016,none,soft,0.016,0.016,0.016,4.0,30,800,random,12,1800,0,50,False,1.0,1.0,20.0,0.0,100.0,inf,1.0,2.0,1.5,0.5,0.5,0.15,0,0,1224.4,0,nan,nan,0.9738500000000002,0.0,nan,1.0,0.0,0.8277628183364868,0.08928818295363773,0.08928818295363773,0.8853421010739894,0.8853421010739894,1.4,2.0,47.4,1.4,2.0,47.4,0.12166122198104859,0.9999996542930603
n_z-800_init_power-12_lr_ap-0.016_lr_policy-0.032,none,soft,0.016,0.016,0.032,4.0,30,800,random,12,1800,0,50,False,1.0,1.0,20.0,0.0,100.0,inf,1.0,2.0,1.5,0.5,0.5,0.15,0,0,1100.4,0,nan,nan,0.9850800000000002,0.0,nan,1.0,0.0,0.8277628183364868,0.08928818295363773,0.08928818295363773,0.8853421010739894,0.8853421010739894,1.4,2.0,47.4,1.4,2.0,47.4,0.12279774695634842,0.9999996423721313
n_z-800_init_power-12_lr_ap-0.016_lr_policy-0.064,none,soft,0.016,0.016,0.064,4.0,30,800,random,12,1800,0,50,False,1.0,1.0,20.0,0.0,100.0,inf,1.0,2.0,1.5,0.5,0.5,0.15,0,0,1010.6,0,nan,nan,0.9901100000000002,0.0,nan,1.0,0.0,0.8277628183364868,0.08928818295363773,0.08928818295363773,0.8853421010739894,0.8853421010739894,1.4,2.0,47.4,1.4,2.0,47.4,0.12210337668657303,0.9999996066093445
n_z-800_init_power-12_lr_ap-0.032_lr_policy-0.016,none,soft,0.016,0.032,0.016,4.0,30,800,random,12,1800,0,50,False,1.0,1.0,20.0,0.0,100.0,inf,1.0,2.0,1.5,0.5,0.5,0.15,0,0,1011.4,0,nan,nan,0.9805500000000003,0.0,nan,1.0,0.0,0.8277628183364868,0.08928818295363773,0.08928818295363773,0.8853421010739894,0.8853421010739894,1.4,2.0,47.4,1.4,2.0,47.4,0.11777041256427764,0.9999998807907104
n_z-800_init_power-12_lr_ap-0.032_lr_policy-0.032,none,soft,0.016,0.032,0.032,4.0,30,800,random,12,1800,0,50,False,1.0,1.0,20.0,0.0,100.0,inf,1.0,2.0,1.5,0.5,0.5,0.15,0,0,937.4,0,nan,nan,0.9874100000000002,0.0,nan,1.0,0.0,0.8277628183364868,0.08928818295363773,0.08928818295363773,0.8853421010739894,0.8853421010739894,1.4,2.0,47.4,1.4,2.0,47.4,0.12014065831899642,0.9999998807907104
n_z-800_init_power-12_lr_ap-0.032_lr_policy-0.064,none,soft,0.016,0.032,0.064,4.0,30,800,random,12,1800,0,50,False,1.0,1.0,20.0,0.0,100.0,inf,1.0,2.0,1.5,0.5,0.5,0.15,0,0,855.6,0,nan,nan,0.9921900000000001,0.0,nan,1.0,0.0,0.8277628183364868,0.08928818295363773,0.08928818295363773,0.8853421010739894,0.8853421010739894,1.4,2.0,47.4,1.4,2.0,47.4,0.12144106328487396,0.9999998807907104
n_z-800_init_power-12_lr_ap-0.064_lr_policy-0.016,none,soft,0.016,0.064,0.016,4.0,30,800,random,12,1800,0,50,False,1.0,1.0,20.0,0.0,100.0,inf,1.0,2.0,1.5,0.5,0.5,0.15,0,0,938.6,0,nan,nan,0.9812000000000001,0.0,nan,1.0,0.0,0.8277628183364868,0.08928818295363773,0.08928818295363773,0.8853421010739894,0.8853421010739894,1.4,2.0,47.4,1.4,2.0,47.4,0.09897591471672058,0.9999999403953552
n_z-800_init_power-12_lr_ap-0.064_lr_policy-0.032,none,soft,0.016,0.064,0.032,4.0,30,800,random,12,1800,0,50,False,1.0,1.0,20.0,0.0,100.0,inf,1.0,2.0,1.5,0.5,0.5,0.15,0,0,858.8,0,nan,nan,0.9884100000000002,0.0,nan,1.0,0.0,0.8277628183364868,0.08928818295363773,0.08928818295363773,0.8853421010739894,0.8853421010739894,1.4,2.0,47.4,1.4,2.0,47.4,0.10074456036090851,0.9999999403953552
n_z-800_init_power-12_lr_ap-0.064_lr_policy-0.064,none,soft,0.016,0.064,0.064,4.0,30,800,random,12,1800,0,50,False,1.0,1.0,20.0,0.0,100.0,inf,1.0,2.0,1.5,0.5,0.5,0.15,0,0,790.4,0,nan,nan,0.9921300000000001,0.0,nan,1.0,0.0,0.8277628183364868,0.08928818295363773,0.08928818295363773,0.8853421010739894,0.8853421010739894,1.4,2.0,47.4,1.4,2.0,47.4,0.10273796319961548,0.9999999403953552
n_z-800_init_power-6_lr_ap-0.016_lr_policy-0.016,none,soft,0.016,0.016,0.016,4.0,30,800,random,6,1800,0,50,False,1.0,1.0,20.0,0.0,100.0,inf,1.0,2.0,1.5,0.5,0.5,0.15,0,0,nan,5,nan,nan,0.51425,0.0,nan,1.0,2.7315357720486273e-26,0.4860023081302643,0.08971627252337928,0.08971627252337928,0.8065215730681932,0.8065215730681932,0.0,0.0,0.2,0.0,0.0,0.2,0.07315216958522797,0.9999995231628418
n_z-800_init_power-6_lr_ap-0.016_lr_policy-0.032,none,soft,0.016,0.016,0.032,4.0,30,800,random,6,1800,0,50,False,1.0,1.0,20.0,0.0,100.0,inf,1.0,2.0,1.5,0.5,0.5,0.15,0,0,nan,5,nan,nan,0.51425,0.0,nan,1.0,2.7315357720486273e-26,0.4860023081302643,0.08971627252337928,0.08971627252337928,0.8065215730681932,0.8065215730681932,0.0,0.0,0.2,0.0,0.0,0.2,0.0769868552684784,0.9999995350837707
n_z-800_init_power-6_lr_ap-0.016_lr_policy-0.064,none,soft,0.016,0.016,0.064,4.0,30,800,random,6,1800,0,50,False,1.0,1.0,20.0,0.0,100.0,inf,1.0,2.0,1.5,0.5,0.5,0.15,0,0,nan,5,nan,nan,0.5142599999999999,0.0,nan,1.0,2.7315357720486273e-26,0.4860023081302643,0.08971627252337928,0.08971627252337928,0.8065215730681932,0.8065215730681932,0.0,0.0,0.2,0.0,0.0,0.2,0.07896747291088105,0.9999995350837707
n_z-800_init_power-6_lr_ap-0.032_lr_policy-0.016,none,soft,0.016,0.032,0.016,4.0,30,800,random,6,1800,0,50,False,1.0,1.0,20.0,0.0,100.0,inf,1.0,2.0,1.5,0.5,0.5,0.15,0,0,nan,5,nan,nan,0.51425,0.0,nan,1.0,2.7315357720486273e-26,0.4860023081302643,0.08971627252337928,0.08971627252337928,0.8065215730681932,0.8065215730681932,0.0,0.0,0.2,0.0,0.0,0.2,0.046090297400951385,0.9999998092651368
n_z-800_init_power-6_lr_ap-0.032_lr_policy-0.032,none,soft,0.016,0.032,0.032,4.0,30,800,random,6,1800,0,50,False,1.0,1.0,20.0,0.0,100.0,inf,1.0,2.0,1.5,0.5,0.5,0.15,0,0,nan,5,nan,nan,0.51425,0.0,nan,1.0,2.7315357720486273e-26,0.4860023081302643,0.08971627252337928,0.08971627252337928,0.8065215730681932,0.8065215730681932,0.0,0.0,0.2,0.0,0.0,0.2,0.048780792951583864,0.9999998092651368
n_z-800_init_power-6_lr_ap-0.032_lr_policy-0.064,none,soft,0.016,0.032,0.064,4.0,30,800,random,6,1800,0,50,False,1.0,1.0,20.0,0.0,100.0,inf,1.0,2.0,1.5,0.5,0.5,0.15,0,0,nan,5,nan,nan,0.5142599999999999,0.0,nan,1.0,2.7315357720486273e-26,0.4860023081302643,0.08971627252337928,0.08971627252337928,0.8065215730681932,0.8065215730681932,0.0,0.0,0.2,0.0,0.0,0.2,0.050841087102890016,0.9999998092651368
n_z-800_init_power-6_lr_ap-0.064_lr_policy-0.016,none,soft,0.016,0.064,0.016,4.0,30,800,random,6,1800,0,50,False,1.0,1.0,20.0,0.0,100.0,inf,1.0,2.0,1.5,0.5,0.5,0.15,0,0,nan,5,nan,nan,0.51339,0.0,nan,1.0,2.7315357720486273e-26,0.4860023081302643,0.08971627252337928,0.08971627252337928,0.8065215730681932,0.8065215730681932,0.0,0.0,0.2,0.0,0.0,0.2,0.019755645468831063,0.9999999284744263
n_z-800_init_power-6_lr_ap-0.064_lr_policy-0.032,none,soft,0.016,0.064,0.032,4.0,30,800,random,6,1800,0,50,False,1.0,1.0,20.0,0.0,100.0,inf,1.0,2.0,1.5,0.5,0.5,0.15,0,0,nan,5,nan,nan,0.51425,0.0,nan,1.0,2.7315357720486273e-26,0.4860023081302643,0.08971627252337928,0.08971627252337928,0.8065215730681932,0.8065215730681932,0.0,0.0,0.2,0.0,0.0,0.2,0.021054060012102128,0.9999999403953552
n_z-800_init_power-6_lr_ap-0.064_lr_policy-0.064,none,soft,0.016,0.064,0.064,4.0,30,800,random,6,1800,0,50,False,1.0,1.0,20.0,0.0,100.0,inf,1.0,2.0,1.5,0.5,0.5,0.15,0,0,nan,5,nan,nan,0.5142599999999999,0.0,nan,1.0,2.7315357720486273e-26,0.4860023081302643,0.08971627252337928,0.08971627252337928,0.8065215730681932,0.8065215730681932,0.0,0.0,0.2,0.0,0.0,0.2,0.022117530554533006,0.9999999403953552
