config,rule,bound,lr_bas,lr_ap,lr_policy,lr_td,lr_trace,theta_0,theta_bas_0,lr_dep,dep_form,theta_gate,n_noise,n_z,init,init_power,n_trials,n_trials_inhibited,snapshot_every,store_full,gate_power,gh_post,gh_theta_scale,oja_decay,burst_tau,burst_kappa,bcm_tau,us_tau,bcm_e0_scale,ca_beta,ca_theta_p,ca_ltd_frac,ca_gamma_d,ca_smooth,n_failed,diverged,expert_proxy,expert_proxy_n_not_reached,expert_after_lift,perf_inhibited_end,final_perf,w_bas_change,w_bas_change_inhibited,w_bas_sum_mean,w_bas_min,w_bas_max,task_frac_start,task_frac_end,selectivity_start,selectivity_end,det_tone_start,det_texture_start,det_distractor_start,det_tone,det_texture,det_distractor,w_ap_mean,w_ap_max
bound-l1_lr_dep-0.016_dep_form-const,none,l1,0.016,0.064,0.128,0.032,0.016,4.0,16,0.016,const,,30,203,random,12,1800,0,50,False,1.0,som,1.0,1.0,20.0,0.0,100.0,inf,1.0,2.0,1.5,0.5,0.5,0.15,0,0,397.2,0,nan,nan,0.99925,0.045581018179655076,nan,1.0,0.0,1.0,0.09416018104379828,0.03251231527093596,0.8986105817790625,0.027586206896551724,0.8,0.8,15.8,1.0,5.6,196.4,0.035496872290968894,0.9999999403953552
bound-l1_lr_dep-0.016_dep_form-thr,none,l1,0.016,0.064,0.128,0.032,0.016,4.0,16,0.016,thr,,30,203,random,12,1800,0,50,False,1.0,som,1.0,1.0,20.0,0.0,100.0,inf,1.0,2.0,1.5,0.5,0.5,0.15,0,5,nan,5,nan,nan,nan,0.03461144417524338,nan,1.0,0.0,1.0,0.09544610649131857,0.08632968021811407,0.894673656157086,0.09899746211581033,0.8,0.8,13.6,4.2,13.6,178.0,nan,nan
bound-l1_lr_dep-0.064_dep_form-const,none,l1,0.016,0.064,0.128,0.032,0.016,4.0,16,0.064,const,,30,203,random,12,1800,0,50,False,1.0,som,1.0,1.0,20.0,0.0,100.0,inf,1.0,2.0,1.5,0.5,0.5,0.15,0,0,418.8,0,nan,nan,0.99725,0.04446934461593628,nan,1.0,0.0,1.0,0.08965382018509974,0.023645320197044337,0.9059813109798796,0.020689655172413793,1.2,1.6,27.0,0.6,4.2,198.2,0.023690863326191903,0.9999999403953552
bound-l1_lr_dep-0.064_dep_form-thr,none,l1,0.016,0.064,0.128,0.032,0.016,4.0,16,0.064,thr,,30,203,random,12,1800,0,50,False,1.0,som,1.0,1.0,20.0,0.0,100.0,inf,1.0,2.0,1.5,0.5,0.5,0.15,0,5,nan,5,nan,nan,nan,0.035605191439390185,nan,1.0,0.0,1.0,0.09450717886422397,0.08275650530793267,0.9021669895635315,0.08275862068965519,1.0,0.8,18.8,3.6,13.4,183.2,nan,nan
bound-l1_lr_dep-0.256_dep_form-const,none,l1,0.016,0.064,0.128,0.032,0.016,4.0,16,0.256,const,,30,203,random,12,1800,0,50,False,1.0,som,1.0,1.0,20.0,0.0,100.0,inf,1.0,2.0,1.5,0.5,0.5,0.15,0,0,737.6,0,nan,nan,0.96973,0.04126255065202713,nan,1.0,0.0,1.0,0.07282993705228767,0.010837438423645322,0.9143868363198788,0.010837438423645322,0.8,4.6,70.8,0.0,2.2,200.8,0.010983932018280029,0.9999998569488525
bound-l1_lr_dep-0.256_dep_form-thr,none,l1,0.016,0.064,0.128,0.032,0.016,4.0,16,0.256,thr,,30,203,random,12,1800,0,50,False,1.0,som,1.0,1.0,20.0,0.0,100.0,inf,1.0,2.0,1.5,0.5,0.5,0.15,0,5,nan,5,nan,nan,nan,0.03399403840303421,nan,1.0,0.0,1.0,0.09003329897073925,0.07632538249052698,0.9073048296303835,0.07192118226600985,2.2,1.8,28.4,3.0,12.4,186.0,nan,nan
bound-soft_lr_dep-0.016_dep_form-const,none,soft,0.016,0.064,0.128,0.032,0.016,4.0,16,0.016,const,,30,203,random,12,1800,0,50,False,1.0,som,1.0,1.0,20.0,0.0,100.0,inf,1.0,2.0,1.5,0.5,0.5,0.15,0,0,nan,5,nan,nan,0.51224,0.02934175357222557,nan,0.024791472405195237,9.528829557408756e-45,0.29283995032310484,0.09576298037354553,0.00022657672443463853,0.8808416457478268,0.7935049746164087,0.8,0.6,11.2,0.0,0.0,0.0,0.0013933979324065148,0.01674367906525731
bound-soft_lr_dep-0.016_dep_form-thr,none,soft,0.016,0.064,0.128,0.032,0.016,4.0,16,0.016,thr,,30,203,random,12,1800,0,50,False,1.0,som,1.0,1.0,20.0,0.0,100.0,inf,1.0,2.0,1.5,0.5,0.5,0.15,0,0,894.6666666666666,2,nan,nan,0.7879100000000001,0.02464728318154812,nan,0.18477190434932708,1.9898438193412401e-44,0.7408558368682862,0.09586671342922581,0.02881802484762051,0.8808241080965538,0.8779081875283319,0.8,0.6,11.6,0.0,0.6,7.2,0.019166191446129233,0.6218326162546873
bound-soft_lr_dep-0.064_dep_form-const,none,soft,0.016,0.064,0.128,0.032,0.016,4.0,16,0.064,const,,30,203,random,12,1800,0,50,False,1.0,som,1.0,1.0,20.0,0.0,100.0,inf,1.0,2.0,1.5,0.5,0.5,0.15,0,0,nan,5,nan,nan,0.51166,0.02943032532930374,nan,0.0010764073114842177,2.802596928649634e-45,0.02947361469268799,0.09538388060310729,2.1772968628628682e-18,0.8809599591336209,3.466397634346713e-15,0.8,0.6,9.6,0.0,0.0,0.0,0.0014891019207425415,0.016768242698162794
bound-soft_lr_dep-0.064_dep_form-thr,none,soft,0.016,0.064,0.128,0.032,0.016,4.0,16,0.064,thr,,30,203,random,12,1800,0,50,False,1.0,som,1.0,1.0,20.0,0.0,100.0,inf,1.0,2.0,1.5,0.5,0.5,0.15,0,0,1052.5,3,nan,nan,0.7052100000000001,0.02719106450676918,nan,0.09522394835948944,3.363116314379561e-45,0.7408558368682862,0.09580869306923924,0.010787638585268051,0.880931198550295,0.31425909310967926,0.8,0.6,11.4,0.0,0.6,7.2,0.010428191185928882,0.6100491125136613
bound-soft_lr_dep-0.256_dep_form-const,none,soft,0.016,0.064,0.128,0.032,0.016,4.0,16,0.256,const,,30,203,random,12,1800,0,50,False,1.0,som,1.0,1.0,20.0,0.0,100.0,inf,1.0,2.0,1.5,0.5,0.5,0.15,0,0,nan,5,nan,nan,0.51159,0.02694268599152565,nan,9.082722884912186e-09,5.6051938572992686e-46,2.669881362216131e-07,0.09369051636460371,2.2222130206054393e-33,0.8817832864746556,0.0,0.4,0.6,7.6,0.0,0.0,0.0,0.0016124889953061938,0.017226994317024947
bound-soft_lr_dep-0.256_dep_form-thr,none,soft,0.016,0.064,0.128,0.032,0.016,4.0,16,0.256,thr,,30,203,random,12,1800,0,50,False,1.0,som,1.0,1.0,20.0,0.0,100.0,inf,1.0,2.0,1.5,0.5,0.5,0.15,0,0,1156.5,3,nan,nan,0.70138,0.027080757170915605,nan,0.07645129859447479,1.1210387714598537e-45,0.7408558368682862,0.09556926615317504,0.010759545987783073,0.8812656899728244,0.011900296836912608,0.8,0.6,11.2,0.0,0.6,7.2,0.008522959193214774,0.6103392766788602
