config,rule,bound,lr_bas,lr_ap,lr_policy,lr_td,lr_trace,theta_0,theta_bas_0,n_noise,n_z,init,init_power,n_trials,n_trials_inhibited,snapshot_every,store_full,gate_power,gh_post,gh_theta_scale,oja_decay,burst_tau,burst_kappa,bcm_tau,us_tau,bcm_e0_scale,ca_beta,ca_theta_p,ca_ltd_frac,ca_gamma_d,ca_smooth,n_failed,diverged,expert_proxy,expert_proxy_n_not_reached,expert_after_lift,perf_inhibited_end,final_perf,w_bas_change,w_bas_change_inhibited,w_bas_sum_mean,w_bas_min,w_bas_max,task_frac_start,task_frac_end,selectivity_start,selectivity_end,det_tone_start,det_texture_start,det_distractor_start,det_tone,det_texture,det_distractor,w_ap_mean,w_ap_max
lr_policy-0.016_lr_td-0.016_lr_ap-0.016_lr_bas-0.016_theta_0-16_theta_bas_0-128,hebb,soft,0.016,0.016,0.016,0.016,0.016,16,128,30,203,random,12,1800,0,50,False,1.0,som,1.0,1.0,20.0,0.0,100.0,inf,1.0,2.0,1.5,0.5,0.5,0.15,0,0,nan,5,nan,nan,0.49055,0.02935894429683685,nan,0.005991097958758474,1.9618178500547438e-45,0.2667569100856781,0.09546714187314762,2.5707989484398356e-11,0.8808896851603908,0.008255124437038578,0.8,0.6,10.0,0.0,0.0,0.4,0.005801124405115843,0.03193109780550003
lr_policy-0.016_lr_td-0.016_lr_ap-0.016_lr_bas-0.016_theta_0-16_theta_bas_0-16,hebb,soft,0.016,0.016,0.016,0.016,0.016,16,16,30,203,random,12,1800,0,50,False,1.0,som,1.0,1.0,20.0,0.0,100.0,inf,1.0,2.0,1.5,0.5,0.5,0.15,0,0,nan,5,nan,nan,0.5340199999999999,0.026157357171177863,nan,0.23644105195999146,1.9898438193412401e-44,0.9995354413986206,0.09586681846577993,0.026687967931796973,0.8808245560253839,0.8783926299071474,0.8,0.6,11.6,0.0,2.8,20.8,0.001663279812783003,0.09367686621844769
lr_policy-0.016_lr_td-0.016_lr_ap-0.016_lr_bas-0.016_theta_0-16_theta_bas_0-32,hebb,soft,0.016,0.016,0.016,0.016,0.016,16,32,30,203,random,12,1800,0,50,False,1.0,som,1.0,1.0,20.0,0.0,100.0,inf,1.0,2.0,1.5,0.5,0.5,0.15,0,0,nan,5,nan,nan,0.49535,0.028509553894400595,nan,0.05651269853115082,7.286752014489049e-45,0.6800045073032379,0.09581094563788453,0.0010956796675558158,0.8808398807497928,0.801854000778536,0.8,0.6,11.2,0.0,0.0,2.2,0.004346348624676466,0.028414303809404372
lr_policy-0.016_lr_td-0.016_lr_ap-0.016_lr_bas-0.016_theta_0-16_theta_bas_0-4,hebb,soft,0.016,0.016,0.016,0.016,0.016,16,4,30,203,random,12,1800,0,50,False,1.0,som,1.0,1.0,20.0,0.0,100.0,inf,1.0,2.0,1.5,0.5,0.5,0.15,0,1,nan,5,nan,nan,0.5158308108108107,0.07336167804896832,nan,3.3600756525993347,9.703991865449358e-44,0.9999999403953552,0.09590846407646607,0.10305315978257291,0.8808118271454664,0.8943013114420582,0.8,0.6,11.6,14.4,9.6,139.0,0.011416289024055004,0.9999999403953552
lr_policy-0.016_lr_td-0.016_lr_ap-0.016_lr_bas-0.016_theta_0-16_theta_bas_0-64,hebb,soft,0.016,0.016,0.016,0.016,0.016,16,64,30,203,random,12,1800,0,50,False,1.0,som,1.0,1.0,20.0,0.0,100.0,inf,1.0,2.0,1.5,0.5,0.5,0.15,0,0,nan,5,nan,nan,0.48966000000000004,0.029341791942715644,nan,0.020122436992824077,3.363116314379561e-45,0.44958768486976625,0.09569799763739027,9.159322977252277e-08,0.8808647084499632,0.293851843391038,0.8,0.6,10.8,0.0,0.0,0.6,0.005259141977876425,0.03064899630844593
lr_policy-0.016_lr_td-0.016_lr_ap-0.016_lr_bas-0.016_theta_0-16_theta_bas_0-8,hebb,soft,0.016,0.016,0.016,0.016,0.016,16,8,30,203,random,12,1800,0,50,False,1.0,som,1.0,1.0,20.0,0.0,100.0,inf,1.0,2.0,1.5,0.5,0.5,0.15,0,0,1495.5,3,nan,nan,0.65411,0.03389776647090912,nan,1.3052651643753053,3.923635700109488e-44,0.9999998927116394,0.09589460681176995,0.09600284740630045,0.8808161861576828,0.8936283379449013,0.8,0.6,11.6,5.4,14.2,133.8,0.009143716376274823,0.9999992966651916
lr_policy-0.016_lr_td-0.016_lr_ap-0.016_lr_bas-0.016_theta_0-1_theta_bas_0-128,hebb,soft,0.016,0.016,0.016,0.016,0.016,1,128,30,203,random,12,1800,0,50,False,1.0,som,1.0,1.0,20.0,0.0,100.0,inf,1.0,2.0,1.5,0.5,0.5,0.15,0,0,nan,5,nan,nan,0.48819,0.029358744621276855,nan,0.0059976506978273395,1.9618178500547438e-45,0.2672222763299942,0.09546714187314762,2.5691106372987573e-11,0.8808896851603908,0.008255920460220143,0.8,0.6,10.0,0.0,0.0,0.4,0.08306883871555329,0.13270739018917083
lr_policy-0.016_lr_td-0.016_lr_ap-0.016_lr_bas-0.016_theta_0-1_theta_bas_0-16,hebb,soft,0.016,0.016,0.016,0.016,0.016,1,16,30,203,random,12,1800,0,50,False,1.0,som,1.0,1.0,20.0,0.0,100.0,inf,1.0,2.0,1.5,0.5,0.5,0.15,0,0,1351.5,1,nan,nan,0.8446300000000001,0.026367129012942313,nan,0.260273939371109,1.9898438193412401e-44,0.9999998688697815,0.09586681846577993,0.033544620141931304,0.8808245560253839,0.8781500939563772,0.8,0.6,11.6,0.0,5.0,22.8,0.10219530910253524,0.9999997615814209
lr_policy-0.016_lr_td-0.016_lr_ap-0.016_lr_bas-0.016_theta_0-1_theta_bas_0-32,hebb,soft,0.016,0.016,0.016,0.016,0.016,1,32,30,203,random,12,1800,0,50,False,1.0,som,1.0,1.0,20.0,0.0,100.0,inf,1.0,2.0,1.5,0.5,0.5,0.15,0,0,nan,5,nan,nan,0.50184,0.028505663946270944,nan,0.05670590177178383,7.286752014489049e-45,0.6826397120952606,0.09581094563788453,0.0011304142047996089,0.8808398807497928,0.8019091876034476,0.8,0.6,11.2,0.0,0.0,2.2,0.08244697600603104,0.13353592455387114
lr_policy-0.016_lr_td-0.016_lr_ap-0.016_lr_bas-0.016_theta_0-1_theta_bas_0-4,hebb,soft,0.016,0.016,0.016,0.016,0.016,1,4,30,203,random,12,1800,0,50,False,1.0,som,1.0,1.0,20.0,0.0,100.0,inf,1.0,2.0,1.5,0.5,0.5,0.15,0,5,nan,5,nan,nan,nan,0.03550007790327072,nan,2.1414912223815916,8.96831017167883e-44,0.9999996781349182,0.09590846407646607,0.12554947685316625,0.8808118271454664,0.8893374553067359,0.8,0.6,11.6,14.0,23.4,149.8,nan,nan
lr_policy-0.016_lr_td-0.016_lr_ap-0.016_lr_bas-0.016_theta_0-1_theta_bas_0-64,hebb,soft,0.016,0.016,0.016,0.016,0.016,1,64,30,203,random,12,1800,0,50,False,1.0,som,1.0,1.0,20.0,0.0,100.0,inf,1.0,2.0,1.5,0.5,0.5,0.15,0,0,nan,5,nan,nan,0.49058,0.02934119328856468,nan,0.020150170475244523,3.363116314379561e-45,0.45059031844139097,0.09569799763739027,9.159952118941434e-08,0.8808647084499632,0.2938934416764783,0.8,0.6,10.8,0.0,0.0,0.6,0.08273608237504959,0.13302076756954193
lr_policy-0.016_lr_td-0.016_lr_ap-0.016_lr_bas-0.016_theta_0-1_theta_bas_0-8,hebb,soft,0.016,0.016,0.016,0.016,0.016,1,8,30,203,random,12,1800,0,50,False,1.0,som,1.0,1.0,20.0,0.0,100.0,inf,1.0,2.0,1.5,0.5,0.5,0.15,0,5,nan,5,nan,nan,nan,0.02693869322538376,nan,1.4701710939407349,3.9796876386824803e-44,0.9999999284744263,0.09589460681176995,0.1167150685939391,0.8808161861576828,0.8916153877013974,0.8,0.6,11.6,6.6,24.6,121.8,nan,nan
lr_policy-0.016_lr_td-0.016_lr_ap-0.016_lr_bas-0.016_theta_0-4_theta_bas_0-128,hebb,soft,0.016,0.016,0.016,0.016,0.016,4,128,30,203,random,12,1800,0,50,False,1.0,som,1.0,1.0,20.0,0.0,100.0,inf,1.0,2.0,1.5,0.5,0.5,0.15,0,0,nan,5,nan,nan,0.48819,0.029358795657753945,nan,0.005995953781530261,1.9618178500547438e-45,0.26710413992404936,0.09546714187314762,2.5695095501770188e-11,0.8808896851603908,0.008255706481064667,0.8,0.6,10.0,0.0,0.0,0.4,0.04760345965623856,0.09728768169879913
lr_policy-0.016_lr_td-0.016_lr_ap-0.016_lr_bas-0.016_theta_0-4_theta_bas_0-16,hebb,soft,0.016,0.016,0.016,0.016,0.016,4,16,30,203,random,12,1800,0,50,False,1.0,som,1.0,1.0,20.0,0.0,100.0,inf,1.0,2.0,1.5,0.5,0.5,0.15,0,0,1156.0,3,nan,nan,0.74028,0.026314280182123184,nan,0.2505821257829666,1.9898438193412401e-44,0.9999215483665467,0.09586681846577993,0.029819911646019624,0.8808245560253839,0.8777945723615517,0.8,0.6,11.6,0.0,4.2,21.8,0.0412497740238905,0.8557636439800262
lr_policy-0.016_lr_td-0.016_lr_ap-0.016_lr_bas-0.016_theta_0-4_theta_bas_0-32,hebb,soft,0.016,0.016,0.016,0.016,0.016,4,32,30,203,random,12,1800,0,50,False,1.0,som,1.0,1.0,20.0,0.0,100.0,inf,1.0,2.0,1.5,0.5,0.5,0.15,0,0,nan,5,nan,nan,0.4985099999999999,0.028506831824779512,nan,0.05664980188012123,7.286752014489049e-45,0.6819355607032775,0.09581094563788453,0.0011205682440855913,0.8808398807497928,0.8018914154249753,0.8,0.6,11.2,0.0,0.0,2.2,0.0440962590277195,0.09442858099937439
lr_policy-0.016_lr_td-0.016_lr_ap-0.016_lr_bas-0.016_theta_0-4_theta_bas_0-4,hebb,soft,0.016,0.016,0.016,0.016,0.016,4,4,30,203,random,12,1800,0,50,False,1.0,som,1.0,1.0,20.0,0.0,100.0,inf,1.0,2.0,1.5,0.5,0.5,0.15,0,5,nan,5,nan,nan,nan,nan,nan,nan,nan,nan,0.09590846407646607,nan,0.8808118271454664,nan,0.8,0.6,11.6,14.0,23.8,136.8,nan,nan
lr_policy-0.016_lr_td-0.016_lr_ap-0.016_lr_bas-0.016_theta_0-4_theta_bas_0-64,hebb,soft,0.016,0.016,0.016,0.016,0.016,4,64,30,203,random,12,1800,0,50,False,1.0,som,1.0,1.0,20.0,0.0,100.0,inf,1.0,2.0,1.5,0.5,0.5,0.15,0,0,nan,5,nan,nan,0.49033,0.02934136614203453,nan,0.020142482407391072,3.363116314379561e-45,0.4503212869167328,0.09569799763739027,9.159532794701324e-08,0.8808647084499632,0.29387942859699434,0.8,0.6,10.8,0.0,0.0,0.6,0.046370302140712735,0.09641923755407333
lr_policy-0.016_lr_td-0.016_lr_ap-0.016_lr_bas-0.016_theta_0-4_theta_bas_0-8,hebb,soft,0.016,0.016,0.016,0.016,0.016,4,8,30,203,random,12,1800,0,50,False,1.0,som,1.0,1.0,20.0,0.0,100.0,inf,1.0,2.0,1.5,0.5,0.5,0.15,0,5,nan,5,nan,nan,nan,0.029518291354179382,nan,1.4316165049870808,1.401298464324817e-45,0.9999999403953552,0.09589460681176995,0.10397405629336177,0.8808161861576828,0.8908450186589493,0.8,0.6,11.6,5.4,22.8,114.0,nan,nan
lr_policy-0.064_lr_td-0.016_lr_ap-0.128_lr_bas-0.128_theta_0-16_theta_bas_0-128,hebb,soft,0.128,0.128,0.064,0.016,0.016,16,128,30,203,random,12,1800,0,50,False,1.0,som,1.0,1.0,20.0,0.0,100.0,inf,1.0,2.0,1.5,0.5,0.5,0.15,0,0,nan,5,nan,nan,0.5167499999999999,0.024202691018581392,nan,1.1930953630501228e-06,0.0,0.00022665875026639526,0.09168659230486056,2.2260141896489093e-33,0.8834200952617787,0.0,0.2,0.6,6.6,0.0,0.0,0.0,1.7179103271869334e-07,3.38981898437396e-05
lr_policy-0.064_lr_td-0.016_lr_ap-0.128_lr_bas-0.128_theta_0-16_theta_bas_0-16,hebb,soft,0.128,0.128,0.064,0.016,0.016,16,16,30,203,random,12,1800,0,50,False,1.0,som,1.0,1.0,20.0,0.0,100.0,inf,1.0,2.0,1.5,0.5,0.5,0.15,0,0,1697.0,4,nan,nan,0.6449100000000001,0.030493373423814772,nan,0.19114325642585756,1.9618178500547438e-45,0.9999998807907104,0.0957310984150674,0.01133307612243733,0.8810578005866849,0.024465078342761674,0.8,0.6,11.2,0.0,2.6,29.6,0.0009856017034377287,0.20002006122988475
lr_policy-0.064_lr_td-0.016_lr_ap-0.128_lr_bas-0.128_theta_0-16_theta_bas_0-32,hebb,soft,0.128,0.128,0.064,0.016,0.016,16,32,30,203,random,12,1800,0,50,False,1.0,som,1.0,1.0,20.0,0.0,100.0,inf,1.0,2.0,1.5,0.5,0.5,0.15,0,0,nan,5,nan,nan,0.5141500000000001,0.028933561220765115,nan,0.013846344640478491,1.1210387714598537e-45,0.7922086358070374,0.09526312007613481,2.9565056059104186e-17,0.8810895265350212,5.6141724789323655e-05,0.6,0.6,10.0,0.0,0.0,2.4,1.8420719515854778e-07,3.635269732154001e-05
lr_policy-0.064_lr_td-0.016_lr_ap-0.128_lr_bas-0.128_theta_0-16_theta_bas_0-4,hebb,soft,0.128,0.128,0.064,0.016,0.016,16,4,30,203,random,12,1800,0,50,False,1.0,som,1.0,1.0,20.0,0.0,100.0,inf,1.0,2.0,1.5,0.5,0.5,0.15,0,5,nan,5,nan,nan,nan,nan,nan,nan,nan,nan,0.0960647109111244,nan,0.8809901118546202,nan,0.8,0.6,12.8,1.2,1.2,0.0,nan,nan
lr_policy-0.064_lr_td-0.016_lr_ap-0.128_lr_bas-0.128_theta_0-16_theta_bas_0-64,hebb,soft,0.128,0.128,0.064,0.016,0.016,16,64,30,203,random,12,1800,0,50,False,1.0,som,1.0,1.0,20.0,0.0,100.0,inf,1.0,2.0,1.5,0.5,0.5,0.15,0,0,nan,5,nan,nan,0.51628,0.027388649061322212,nan,0.0025716692920923377,5.6051938572992686e-46,0.21935982002760285,0.09423586945045381,6.664377125258321e-27,0.8815394707809355,7.783561855467542e-16,0.4,0.6,8.0,0.0,0.0,0.4,1.6612317604025594e-07,3.283857234492871e-05
lr_policy-0.064_lr_td-0.016_lr_ap-0.128_lr_bas-0.128_theta_0-16_theta_bas_0-8,hebb,soft,0.128,0.128,0.064,0.016,0.016,16,8,30,203,random,12,1800,0,50,False,1.0,som,1.0,1.0,20.0,0.0,100.0,inf,1.0,2.0,1.5,0.5,0.5,0.15,0,5,nan,5,nan,nan,nan,0.05309059098362923,nan,1.7298520803451538,0.0,1.0,0.09595507599474629,0.08188226668803641,0.8810206640831437,0.7223454324270607,0.8,0.6,12.6,2.0,5.2,27.8,nan,nan
lr_policy-0.064_lr_td-0.016_lr_ap-0.128_lr_bas-0.128_theta_0-1_theta_bas_0-128,hebb,soft,0.128,0.128,0.064,0.016,0.016,1,128,30,203,random,12,1800,0,50,False,1.0,som,1.0,1.0,20.0,0.0,100.0,inf,1.0,2.0,1.5,0.5,0.5,0.15,0,0,nan,5,nan,nan,0.5167499999999999,0.024202691018581392,nan,1.1965890977488903e-06,0.0,0.0002272155472947901,0.09168659230486056,2.225975836168001e-33,0.8834200952617787,0.0,0.2,0.6,6.6,0.0,0.0,0.0,0.01669097039848566,0.055303603410720825
lr_policy-0.064_lr_td-0.016_lr_ap-0.128_lr_bas-0.128_theta_0-1_theta_bas_0-16,hebb,soft,0.128,0.128,0.064,0.016,0.016,1,16,30,203,random,12,1800,0,50,False,1.0,som,1.0,1.0,20.0,0.0,100.0,inf,1.0,2.0,1.5,0.5,0.5,0.15,0,0,814.0,0,nan,nan,0.9572,0.030642660707235335,nan,0.201434662938118,2.2420775429197074e-45,1.0,0.0957310984150674,0.010178930567496195,0.8810578005866849,0.045425527044741565,0.8,0.6,11.2,0.0,2.8,29.8,0.08769719302654266,1.0
lr_policy-0.064_lr_td-0.016_lr_ap-0.128_lr_bas-0.128_theta_0-1_theta_bas_0-32,hebb,soft,0.128,0.128,0.064,0.016,0.016,1,32,30,203,random,12,1800,0,50,False,1.0,som,1.0,1.0,20.0,0.0,100.0,inf,1.0,2.0,1.5,0.5,0.5,0.15,0,0,nan,5,nan,nan,0.5131500000000001,0.028933063521981238,nan,0.013960420805960893,1.1210387714598537e-45,0.7985593944787979,0.09526312007613481,2.976147916612165e-17,0.8810895265350212,5.667024667647979e-05,0.6,0.6,10.0,0.0,0.0,2.4,0.01555712278932333,0.0773900292813778
lr_policy-0.064_lr_td-0.016_lr_ap-0.128_lr_bas-0.128_theta_0-1_theta_bas_0-4,hebb,soft,0.128,0.128,0.064,0.016,0.016,1,4,30,203,random,12,1800,0,50,False,1.0,som,1.0,1.0,20.0,0.0,100.0,inf,1.0,2.0,1.5,0.5,0.5,0.15,0,5,nan,5,nan,nan,nan,0.08239050507545471,nan,3.685544967651367,4.119817485114962e-44,1.0,0.0960647109111244,0.11111589241890071,0.8809901118546202,0.8927333188426949,0.8,0.6,12.8,25.8,40.0,137.0,nan,nan
lr_policy-0.064_lr_td-0.016_lr_ap-0.128_lr_bas-0.128_theta_0-1_theta_bas_0-64,hebb,soft,0.128,0.128,0.064,0.016,0.016,1,64,30,203,random,12,1800,0,50,False,1.0,som,1.0,1.0,20.0,0.0,100.0,inf,1.0,2.0,1.5,0.5,0.5,0.15,0,0,nan,5,nan,nan,0.5172,0.027388162165880203,nan,0.002589334732147108,5.6051938572992686e-46,0.2196524778904859,0.09423586945045381,6.601427645946612e-27,0.8815394707809355,7.846464759125506e-16,0.4,0.6,8.0,0.0,0.0,0.4,0.016346976906061173,0.06081781089305878
lr_policy-0.064_lr_td-0.016_lr_ap-0.128_lr_bas-0.128_theta_0-1_theta_bas_0-8,hebb,soft,0.128,0.128,0.064,0.016,0.016,1,8,30,203,random,12,1800,0,50,False,1.0,som,1.0,1.0,20.0,0.0,100.0,inf,1.0,2.0,1.5,0.5,0.5,0.15,0,5,nan,5,nan,nan,nan,0.04765437468886376,nan,1.8216642141342163,5.605193857299268e-45,1.0,0.09595507599474629,0.08946735628913312,0.8810206640831437,0.8929273661320817,0.8,0.6,12.6,5.8,28.2,136.8,nan,nan
lr_policy-0.064_lr_td-0.016_lr_ap-0.128_lr_bas-0.128_theta_0-4_theta_bas_0-128,hebb,soft,0.128,0.128,0.064,0.016,0.016,4,128,30,203,random,12,1800,0,50,False,1.0,som,1.0,1.0,20.0,0.0,100.0,inf,1.0,2.0,1.5,0.5,0.5,0.15,0,0,nan,5,nan,nan,0.5167499999999999,0.024202691018581392,nan,1.195348549196118e-06,0.0,0.00022701932543611747,0.09168659230486056,2.226001547525248e-33,0.8834200952617787,0.0,0.2,0.6,6.6,0.0,0.0,0.0,0.0002305253583472222,0.006585726537741721
lr_policy-0.064_lr_td-0.016_lr_ap-0.128_lr_bas-0.128_theta_0-4_theta_bas_0-16,hebb,soft,0.128,0.128,0.064,0.016,0.016,4,16,30,203,random,12,1800,0,50,False,1.0,som,1.0,1.0,20.0,0.0,100.0,inf,1.0,2.0,1.5,0.5,0.5,0.15,0,0,1025.2,0,nan,nan,0.9235800000000001,0.030535973981022833,nan,0.19569132030010222,1.9618178500547438e-45,1.0,0.0957310984150674,0.010720190339993604,0.8810578005866849,0.02469847560891198,0.8,0.6,11.2,0.0,2.8,29.6,0.013934677187353372,1.0
lr_policy-0.064_lr_td-0.016_lr_ap-0.128_lr_bas-0.128_theta_0-4_theta_bas_0-32,hebb,soft,0.128,0.128,0.064,0.016,0.016,4,32,30,203,random,12,1800,0,50,False,1.0,som,1.0,1.0,20.0,0.0,100.0,inf,1.0,2.0,1.5,0.5,0.5,0.15,0,0,nan,5,nan,nan,0.5141500000000001,0.02893323116004467,nan,0.013893746631219983,1.1210387714598537e-45,0.7945945620536804,0.09526312007613481,2.9671273635991993e-17,0.8810895265350212,5.6427854233540986e-05,0.6,0.6,10.0,0.0,0.0,2.4,0.00020871136366622521,0.007743182312697172
lr_policy-0.064_lr_td-0.016_lr_ap-0.128_lr_bas-0.128_theta_0-4_theta_bas_0-4,hebb,soft,0.128,0.128,0.064,0.016,0.016,4,4,30,203,random,12,1800,0,50,False,1.0,som,1.0,1.0,20.0,0.0,100.0,inf,1.0,2.0,1.5,0.5,0.5,0.15,0,5,nan,5,nan,nan,nan,nan,nan,nan,nan,nan,0.0960647109111244,nan,0.8809901118546202,nan,0.8,0.6,12.8,25.6,38.0,119.8,nan,nan
lr_policy-0.064_lr_td-0.016_lr_ap-0.128_lr_bas-0.128_theta_0-4_theta_bas_0-64,hebb,soft,0.128,0.128,0.064,0.016,0.016,4,64,30,203,random,12,1800,0,50,False,1.0,som,1.0,1.0,20.0,0.0,100.0,inf,1.0,2.0,1.5,0.5,0.5,0.15,0,0,nan,5,nan,nan,0.51628,0.027388425543904305,nan,0.002579824423764876,5.6051938572992686e-46,0.219533270271495,0.09423586945045381,6.620459490398542e-27,0.8815394707809355,7.817842809482525e-16,0.4,0.6,8.0,0.0,0.0,0.4,0.00022054580331314354,0.007233688421547413
lr_policy-0.064_lr_td-0.016_lr_ap-0.128_lr_bas-0.128_theta_0-4_theta_bas_0-8,hebb,soft,0.128,0.128,0.064,0.016,0.016,4,8,30,203,random,12,1800,0,50,False,1.0,som,1.0,1.0,20.0,0.0,100.0,inf,1.0,2.0,1.5,0.5,0.5,0.15,0,5,nan,5,nan,nan,nan,0.04606340453028679,nan,1.6487412452697754,9.341989762165448e-45,1.0,0.09595507599474629,0.07062917830186512,0.8810206640831437,0.8971345972326682,0.8,0.6,12.6,5.2,25.0,102.8,nan,nan
lr_policy-0.128_lr_td-0.032_lr_ap-0.064_lr_bas-0.064_theta_0-16_theta_bas_0-128,hebb,soft,0.064,0.064,0.128,0.032,0.016,16,128,30,203,random,12,1800,0,50,False,1.0,som,1.0,1.0,20.0,0.0,100.0,inf,1.0,2.0,1.5,0.5,0.5,0.15,0,0,nan,5,nan,nan,0.51159,0.027248802408576012,nan,0.0001345021659744816,5.6051938572992686e-46,0.01571507678600028,0.09405784895451094,2.036492805182385e-26,0.8814574659722976,6.893800678793106e-16,0.4,0.6,7.6,0.0,0.0,0.0,2.2999911038823483e-06,0.00036582574066414966
lr_policy-0.128_lr_td-0.032_lr_ap-0.064_lr_bas-0.064_theta_0-16_theta_bas_0-16,hebb,soft,0.064,0.064,0.128,0.032,0.016,16,16,30,203,random,12,1800,0,50,False,1.0,som,1.0,1.0,20.0,0.0,100.0,inf,1.0,2.0,1.5,0.5,0.5,0.15,0,0,1129.5,3,nan,nan,0.73741,0.029974069073796274,nan,0.1943603664636612,3.363116314379561e-45,0.9999997973442077,0.09580912240920497,0.011707176714659692,0.8809329853710108,0.3164178836401196,0.8,0.6,11.4,0.0,2.8,28.4,0.00197368860028746,0.40041478490893495
lr_policy-0.128_lr_td-0.032_lr_ap-0.064_lr_bas-0.064_theta_0-16_theta_bas_0-32,hebb,soft,0.064,0.064,0.128,0.032,0.016,16,32,30,203,random,12,1800,0,50,False,1.0,som,1.0,1.0,20.0,0.0,100.0,inf,1.0,2.0,1.5,0.5,0.5,0.15,0,0,nan,5,nan,nan,0.51237,0.02937467135488987,nan,0.01820487845689058,1.9618178500547438e-45,0.7990057468414307,0.09558126208650239,8.477400984318221e-12,0.8809632903434593,0.008943815155205469,0.8,0.6,10.6,0.0,0.0,2.2,2.0245637387006356e-06,0.000325205669105344
lr_policy-0.128_lr_td-0.032_lr_ap-0.064_lr_bas-0.064_theta_0-16_theta_bas_0-4,hebb,soft,0.064,0.064,0.128,0.032,0.016,16,4,30,203,random,12,1800,0,50,False,1.0,som,1.0,1.0,20.0,0.0,100.0,inf,1.0,2.0,1.5,0.5,0.5,0.15,0,5,nan,5,nan,nan,nan,nan,nan,nan,nan,nan,0.09597579278083754,nan,0.8808891089387687,nan,0.8,0.6,12.4,0.0,1.4,0.0,nan,nan
lr_policy-0.128_lr_td-0.032_lr_ap-0.064_lr_bas-0.064_theta_0-16_theta_bas_0-64,hebb,soft,0.064,0.064,0.128,0.032,0.016,16,64,30,203,random,12,1800,0,50,False,1.0,som,1.0,1.0,20.0,0.0,100.0,inf,1.0,2.0,1.5,0.5,0.5,0.15,0,0,nan,5,nan,nan,0.51145,0.028784020245075224,nan,0.0036714901973027734,1.1210387714598537e-45,0.2641589816659689,0.09510489715019117,1.1612067407913688e-16,0.8810129065249974,4.673988592698503e-05,0.6,0.6,9.0,0.0,0.0,0.6,2.1689924281531605e-06,0.0003486624225843116
lr_policy-0.128_lr_td-0.032_lr_ap-0.064_lr_bas-0.064_theta_0-16_theta_bas_0-8,hebb,soft,0.064,0.064,0.128,0.032,0.016,16,8,30,203,random,12,1800,0,50,False,1.0,som,1.0,1.0,20.0,0.0,100.0,inf,1.0,2.0,1.5,0.5,0.5,0.15,0,5,nan,5,nan,nan,nan,0.0468166247010231,nan,1.5465717911720276,2.1019476964872256e-45,1.0,0.09592062796990938,0.09080875662260364,0.8809056507355104,0.8656708927415797,0.8,0.6,12.2,3.6,8.2,54.4,nan,nan
lr_policy-0.128_lr_td-0.032_lr_ap-0.064_lr_bas-0.064_theta_0-1_theta_bas_0-128,hebb,soft,0.064,0.064,0.128,0.032,0.016,1,128,30,203,random,12,1800,0,50,False,1.0,som,1.0,1.0,20.0,0.0,100.0,inf,1.0,2.0,1.5,0.5,0.5,0.15,0,0,nan,5,nan,nan,0.51174,0.027248654142022134,nan,0.00013940470403213113,5.6051938572992686e-46,0.016615627045393922,0.09405784895451094,2.0383426511171854e-26,0.8814574659722976,6.925445459195497e-16,0.4,0.6,7.6,0.0,0.0,0.0,0.03251631073653698,0.07962239980697632
lr_policy-0.128_lr_td-0.032_lr_ap-0.064_lr_bas-0.064_theta_0-1_theta_bas_0-16,hebb,soft,0.064,0.064,0.128,0.032,0.016,1,16,30,203,random,12,1800,0,50,False,1.0,som,1.0,1.0,20.0,0.0,100.0,inf,1.0,2.0,1.5,0.5,0.5,0.15,0,0,587.2,0,nan,nan,0.9908000000000001,0.030326197296380995,nan,0.22345933616161345,3.363116314379561e-45,1.0,0.09580912240920497,0.014090946832703993,0.8809329853710108,0.33037563535946346,0.8,0.6,11.4,0.0,4.2,29.6,0.08467043787240983,0.9999999880790711
lr_policy-0.128_lr_td-0.032_lr_ap-0.064_lr_bas-0.064_theta_0-1_theta_bas_0-32,hebb,soft,0.064,0.064,0.128,0.032,0.016,1,32,30,203,random,12,1800,0,50,False,1.0,som,1.0,1.0,20.0,0.0,100.0,inf,1.0,2.0,1.5,0.5,0.5,0.15,0,0,nan,5,nan,nan,0.51096,0.029372460767626764,nan,0.018385463766753672,1.9618178500547438e-45,0.8032174289226532,0.09558126208650239,8.48871288097765e-12,0.8809632903434593,0.008969554326535515,0.8,0.6,10.6,0.0,0.0,2.2,0.03179100975394249,0.09039583802223206
lr_policy-0.128_lr_td-0.032_lr_ap-0.064_lr_bas-0.064_theta_0-1_theta_bas_0-4,hebb,soft,0.064,0.064,0.128,0.032,0.016,1,4,30,203,random,12,1800,0,50,False,1.0,som,1.0,1.0,20.0,0.0,100.0,inf,1.0,2.0,1.5,0.5,0.5,0.15,0,5,nan,5,nan,nan,nan,0.051804523915052414,nan,2.679684114456177,4.988622532996349e-44,1.0,0.09597579278083754,0.11530432468721438,0.8808891089387687,0.8928371758780541,0.8,0.6,12.4,16.8,18.4,164.0,nan,nan
lr_policy-0.128_lr_td-0.032_lr_ap-0.064_lr_bas-0.064_theta_0-1_theta_bas_0-64,hebb,soft,0.064,0.064,0.128,0.032,0.016,1,64,30,203,random,12,1800,0,50,False,1.0,som,1.0,1.0,20.0,0.0,100.0,inf,1.0,2.0,1.5,0.5,0.5,0.15,0,0,nan,5,nan,nan,0.50996,0.028784091770648956,nan,0.003713758254889399,1.1210387714598537e-45,0.26530947759747503,0.09510489715019117,1.1496821511880871e-16,0.8810129065249974,4.697074350060465e-05,0.6,0.6,9.0,0.0,0.0,0.6,0.03216685578227043,0.08334520012140274
lr_policy-0.128_lr_td-0.032_lr_ap-0.064_lr_bas-0.064_theta_0-1_theta_bas_0-8,hebb,soft,0.064,0.064,0.128,0.032,0.016,1,8,30,203,random,12,1800,0,50,False,1.0,som,1.0,1.0,20.0,0.0,100.0,inf,1.0,2.0,1.5,0.5,0.5,0.15,0,5,nan,5,nan,nan,nan,0.03355249464511871,nan,1.5755321979522705,1.14906474074635e-44,1.0,0.09592062796990938,0.10482419420420148,0.8809056507355104,0.8974399429592228,0.8,0.6,12.2,6.0,22.0,134.6,nan,nan
lr_policy-0.128_lr_td-0.032_lr_ap-0.064_lr_bas-0.064_theta_0-4_theta_bas_0-128,hebb,soft,0.064,0.064,0.128,0.032,0.016,4,128,30,203,random,12,1800,0,50,False,1.0,som,1.0,1.0,20.0,0.0,100.0,inf,1.0,2.0,1.5,0.5,0.5,0.15,0,0,nan,5,nan,nan,0.51159,0.027248713374137878,nan,0.00013742702553827258,5.6051938572992686e-46,0.01625429380510468,0.09405784895451094,2.037269918156168e-26,0.8814574659722976,6.913443020178788e-16,0.4,0.6,7.6,0.0,0.0,0.0,0.001609513582661748,0.017444998398423193
lr_policy-0.128_lr_td-0.032_lr_ap-0.064_lr_bas-0.064_theta_0-4_theta_bas_0-16,hebb,soft,0.064,0.064,0.128,0.032,0.016,4,16,30,203,random,12,1800,0,50,False,1.0,som,1.0,1.0,20.0,0.0,100.0,inf,1.0,2.0,1.5,0.5,0.5,0.15,0,0,693.2,0,nan,nan,0.98872,0.030144454911351204,nan,0.20851373076438903,3.363116314379561e-45,1.0,0.09580912240920497,0.013498838876143967,0.8809329853710108,0.3177043789892694,0.8,0.6,11.4,0.0,3.6,29.4,0.018014570139348506,0.9999999880790711
lr_policy-0.128_lr_td-0.032_lr_ap-0.064_lr_bas-0.064_theta_0-4_theta_bas_0-32,hebb,soft,0.064,0.064,0.128,0.032,0.016,4,32,30,203,random,12,1800,0,50,False,1.0,som,1.0,1.0,20.0,0.0,100.0,inf,1.0,2.0,1.5,0.5,0.5,0.15,0,0,nan,5,nan,nan,0.51237,0.029373542219400407,nan,0.0182936605066061,1.9618178500547438e-45,0.8007886350154877,0.09558126208650239,8.480193132603238e-12,0.8809632903434593,0.008957097911610309,0.8,0.6,10.6,0.0,0.0,2.2,0.001459400646854192,0.018950561154633762
lr_policy-0.128_lr_td-0.032_lr_ap-0.064_lr_bas-0.064_theta_0-4_theta_bas_0-4,hebb,soft,0.064,0.064,0.128,0.032,0.016,4,4,30,203,random,12,1800,0,50,False,1.0,som,1.0,1.0,20.0,0.0,100.0,inf,1.0,2.0,1.5,0.5,0.5,0.15,0,5,nan,5,nan,nan,nan,nan,nan,nan,nan,nan,0.09597579278083754,nan,0.8808891089387687,nan,0.8,0.6,12.4,12.4,16.8,102.8,nan,nan
lr_policy-0.128_lr_td-0.032_lr_ap-0.064_lr_bas-0.064_theta_0-4_theta_bas_0-64,hebb,soft,0.064,0.064,0.128,0.032,0.016,4,64,30,203,random,12,1800,0,50,False,1.0,som,1.0,1.0,20.0,0.0,100.0,inf,1.0,2.0,1.5,0.5,0.5,0.15,0,0,nan,5,nan,nan,0.5111399999999999,0.028784087300300597,nan,0.0036954747047275305,1.1210387714598537e-45,0.2648021765053272,0.09510489715019117,1.1535736831819726e-16,0.8810129065249974,4.6883438143925836e-05,0.6,0.6,9.0,0.0,0.0,0.6,0.0015409526647999882,0.018418012466281653
lr_policy-0.128_lr_td-0.032_lr_ap-0.064_lr_bas-0.064_theta_0-4_theta_bas_0-8,hebb,soft,0.064,0.064,0.128,0.032,0.016,4,8,30,203,random,12,1800,0,50,False,1.0,som,1.0,1.0,20.0,0.0,100.0,inf,1.0,2.0,1.5,0.5,0.5,0.15,0,5,nan,5,nan,nan,nan,0.033765463158488274,nan,1.5135589838027954,2.1019476964872256e-45,1.0,0.09592062796990938,0.10787534757521303,0.8809056507355104,0.8946777174875808,0.8,0.6,12.2,5.0,20.8,106.8,nan,nan
