config,rule,bound,lr_bas,lr_ap,lr_policy,lr_td,lr_trace,theta_0,theta_bas_0,rule_sees_gain,lr_dep,dep_form,theta_gate,n_noise,n_z,init,init_power,init_sigma,init_alpha,n_trials,reset_at_lift,n_trials_inhibited,snapshot_every,store_full,gate_power,gh_post,gh_theta_scale,oja_decay,burst_tau,burst_kappa,bcm_tau,us_tau,bcm_e0_scale,ca_beta,ca_theta_p,ca_ltd_frac,ca_gamma_d,ca_smooth,n_failed,diverged,expert_proxy,expert_proxy_n_not_reached,expert_after_lift,perf_inhibited_end,final_perf,w_bas_change,w_bas_change_inhibited,w_bas_sum_mean,w_bas_min,w_bas_max,task_frac_start,task_frac_end,selectivity_start,selectivity_end,det_tone_start,det_texture_start,det_distractor_start,det_tone,det_texture,det_distractor,w_ap_mean,w_ap_max
rule-bcm_bound-soft_lr_bas-0.048_bcm_tau-35_bcm_e0_scale-0.5_lr_ap-0.032,bcm,soft,0.048,0.032,0.016,0.056,0.256,4.0,,True,0.0,thr,,30,203,random,12,1.0,0.1,2500,,0,50,False,1.0,som,1.0,1.0,20.0,0.0,35,inf,0.5,2.0,1.5,0.5,0.5,0.15,0,0,nan,5,nan,nan,0.49537,0.020781541615724562,nan,0.9101832270622253,0.0,0.9999998331069946,0.09591271599249504,0.06423696357433663,0.8808022016057944,0.8702575086624261,0.8,0.6,11.8,2.8,0.0,116.4,0.0853829026222229,0.9999990463256836
rule-bcm_bound-soft_lr_bas-0.048_bcm_tau-35_bcm_e0_scale-0.5_lr_ap-0.064,bcm,soft,0.048,0.064,0.016,0.056,0.256,4.0,,True,0.0,thr,,30,203,random,12,1.0,0.1,2500,,0,50,False,1.0,som,1.0,1.0,20.0,0.0,35,inf,0.5,2.0,1.5,0.5,0.5,0.15,0,0,1527.0,3,nan,nan,0.6613399999999999,0.020695288479328156,nan,0.9277876615524292,0.0,1.0,0.09591271599249504,0.05719236579747984,0.8808022016057944,0.8683785396730836,0.8,0.6,11.8,1.8,0.8,118.8,0.05258107967674732,0.999999463558197
rule-bcm_bound-soft_lr_bas-0.048_bcm_tau-35_bcm_e0_scale-0.7_lr_ap-0.032,bcm,soft,0.048,0.032,0.016,0.056,0.256,4.0,,True,0.0,thr,,30,203,random,12,1.0,0.1,2500,,0,50,False,1.0,som,1.0,1.0,20.0,0.0,35,inf,0.7,2.0,1.5,0.5,0.5,0.15,0,0,1083.6666666666667,2,nan,nan,0.7588600000000001,0.02650272212922573,nan,1.0354310035705567,0.0,1.0,0.09591280417692104,0.06251744532638374,0.8808024102333902,0.8608044620999324,0.8,0.6,11.8,1.8,1.6,152.0,0.09692067429423332,0.9999999046325684
rule-bcm_bound-soft_lr_bas-0.048_bcm_tau-35_bcm_e0_scale-0.7_lr_ap-0.064,bcm,soft,0.048,0.064,0.016,0.056,0.256,4.0,,True,0.0,thr,,30,203,random,12,1.0,0.1,2500,,0,50,False,1.0,som,1.0,1.0,20.0,0.0,35,inf,0.7,2.0,1.5,0.5,0.5,0.15,0,1,1119.6666666666667,2,nan,nan,0.8083875,0.026753485668450594,nan,1.054824948310852,0.0,1.0,0.09591280417692104,0.05171411404002996,0.8808024102333902,0.865196700367734,0.8,0.6,11.8,2.8,3.4,129.4,0.0753757543861866,0.9999999552965164
rule-bcm_bound-soft_lr_bas-0.048_bcm_tau-50_bcm_e0_scale-0.5_lr_ap-0.032,bcm,soft,0.048,0.032,0.016,0.056,0.256,4.0,,True,0.0,thr,,30,203,random,12,1.0,0.1,2500,,0,50,False,1.0,som,1.0,1.0,20.0,0.0,50,inf,0.5,2.0,1.5,0.5,0.5,0.15,0,0,1174.6666666666667,2,nan,nan,0.7541800000000001,0.021072619780898093,nan,0.9210999250411988,0.0,0.9999998331069946,0.09591287781590134,0.06343630935380958,0.8808023947422031,0.8683307877855718,0.8,0.6,11.8,1.8,1.6,118.8,0.05340677127242088,0.9999559879302978
rule-bcm_bound-soft_lr_bas-0.048_bcm_tau-50_bcm_e0_scale-0.5_lr_ap-0.064,bcm,soft,0.048,0.064,0.016,0.056,0.256,4.0,,True,0.0,thr,,30,203,random,12,1.0,0.1,2500,,0,50,False,1.0,som,1.0,1.0,20.0,0.0,50,inf,0.5,2.0,1.5,0.5,0.5,0.15,0,0,824.3333333333334,2,nan,nan,0.76976,0.021131569147109987,nan,0.926350212097168,0.0,1.0,0.09591287781590134,0.054033382385505216,0.8808023947422031,0.8678055937704082,0.8,0.6,11.8,1.6,1.8,119.6,0.046410687081515786,0.9999987483024597
rule-bcm_bound-soft_lr_bas-0.048_bcm_tau-50_bcm_e0_scale-0.7_lr_ap-0.032,bcm,soft,0.048,0.032,0.016,0.056,0.256,4.0,,True,0.0,thr,,30,203,random,12,1.0,0.1,2500,,0,50,False,1.0,som,1.0,1.0,20.0,0.0,50,inf,0.7,2.0,1.5,0.5,0.5,0.15,0,2,1036.0,4,nan,nan,0.7634000000000002,0.027241116855293512,nan,1.0214761942625046,0.0,1.0,0.09591293904519801,0.050410685725414045,0.8808025409112705,0.8645828652523673,0.8,0.6,11.8,1.4,3.2,135.4,0.048261317114035286,0.9999999602635702
rule-bcm_bound-soft_lr_bas-0.048_bcm_tau-50_bcm_e0_scale-0.7_lr_ap-0.064,bcm,soft,0.048,0.064,0.016,0.056,0.256,4.0,,True,0.0,thr,,30,203,random,12,1.0,0.1,2500,,0,50,False,1.0,som,1.0,1.0,20.0,0.0,50,inf,0.7,2.0,1.5,0.5,0.5,0.15,0,5,nan,5,nan,nan,nan,nan,nan,nan,nan,nan,0.09591293904519801,nan,0.8808025409112705,nan,0.8,0.6,11.8,3.8,11.6,77.2,nan,nan
rule-bcm_bound-soft_lr_bas-0.048_bcm_tau-70_bcm_e0_scale-0.5_lr_ap-0.032,bcm,soft,0.048,0.032,0.016,0.056,0.256,4.0,,True,0.0,thr,,30,203,random,12,1.0,0.1,2500,,0,50,False,1.0,som,1.0,1.0,20.0,0.0,70,inf,0.5,2.0,1.5,0.5,0.5,0.15,0,0,1112.3333333333333,2,nan,nan,0.75763,0.021426187455654146,nan,0.9175818920135498,0.0,1.0,0.09591298536407449,0.05981641166221578,0.8808025239520116,0.8642709315430663,0.8,0.6,11.8,2.2,2.0,118.8,0.050367555022239684,0.9997519135475159
rule-bcm_bound-soft_lr_bas-0.048_bcm_tau-70_bcm_e0_scale-0.5_lr_ap-0.064,bcm,soft,0.048,0.064,0.016,0.056,0.256,4.0,,True,0.0,thr,,30,203,random,12,1.0,0.1,2500,,0,50,False,1.0,som,1.0,1.0,20.0,0.0,70,inf,0.5,2.0,1.5,0.5,0.5,0.15,0,4,376.0,4,nan,nan,0.9939500000000001,0.020678576081991196,nan,0.9143857955932617,0.0,1.0,0.09591298536407449,0.062472833777847556,0.8808025239520116,0.8403165948476894,0.8,0.6,11.8,3.0,7.8,85.4,0.0668935552239418,1.0
rule-bcm_bound-soft_lr_bas-0.048_bcm_tau-70_bcm_e0_scale-0.7_lr_ap-0.032,bcm,soft,0.048,0.032,0.016,0.056,0.256,4.0,,True,0.0,thr,,30,203,random,12,1.0,0.1,2500,,0,50,False,1.0,som,1.0,1.0,20.0,0.0,70,inf,0.7,2.0,1.5,0.5,0.5,0.15,0,5,nan,5,nan,nan,nan,0.025634050369262695,nan,1.0509666204452515,0.0,1.0,0.09591302869012286,0.05090885792906738,0.8808026281136989,0.8272776238810691,0.8,0.6,12.0,6.8,14.4,128.4,nan,nan
rule-bcm_bound-soft_lr_bas-0.048_bcm_tau-70_bcm_e0_scale-0.7_lr_ap-0.064,bcm,soft,0.048,0.064,0.016,0.056,0.256,4.0,,True,0.0,thr,,30,203,random,12,1.0,0.1,2500,,0,50,False,1.0,som,1.0,1.0,20.0,0.0,70,inf,0.7,2.0,1.5,0.5,0.5,0.15,0,5,nan,5,nan,nan,nan,nan,nan,nan,nan,nan,0.09591302869012286,nan,0.8808026281136989,nan,0.8,0.6,12.0,8.0,19.4,109.4,nan,nan
rule-bcm_bound-soft_lr_bas-0.064_bcm_tau-35_bcm_e0_scale-0.5_lr_ap-0.032,bcm,soft,0.064,0.032,0.016,0.056,0.256,4.0,,True,0.0,thr,,30,203,random,12,1.0,0.1,2500,,0,50,False,1.0,som,1.0,1.0,20.0,0.0,35,inf,0.5,2.0,1.5,0.5,0.5,0.15,0,0,1325.0,3,nan,nan,0.6480300000000001,0.023791524395346642,nan,0.9014113664627075,0.0,1.0,0.09592162538324803,0.06706096757157866,0.8808076336203271,0.8687887158841047,0.8,0.6,12.2,2.4,1.4,128.2,0.0621651642024517,0.9999382495880127
rule-bcm_bound-soft_lr_bas-0.064_bcm_tau-35_bcm_e0_scale-0.5_lr_ap-0.064,bcm,soft,0.064,0.064,0.016,0.056,0.256,4.0,,True,0.0,thr,,30,203,random,12,1.0,0.1,2500,,0,50,False,1.0,som,1.0,1.0,20.0,0.0,35,inf,0.5,2.0,1.5,0.5,0.5,0.15,0,0,906.3333333333334,2,nan,nan,0.76786,0.023819613456726074,nan,0.9044042348861694,0.0,1.0,0.09592162538324803,0.052822943470841766,0.8808076336203271,0.8660243050046524,0.8,0.6,12.2,1.0,2.6,128.2,0.04949451275169849,0.9999450802803039
rule-bcm_bound-soft_lr_bas-0.064_bcm_tau-35_bcm_e0_scale-0.7_lr_ap-0.032,bcm,soft,0.064,0.032,0.016,0.056,0.256,4.0,,True,0.0,thr,,30,203,random,12,1.0,0.1,2500,,0,50,False,1.0,som,1.0,1.0,20.0,0.0,35,inf,0.7,2.0,1.5,0.5,0.5,0.15,0,0,1147.2,0,nan,nan,0.9672500000000002,0.029240353032946587,nan,0.9961156725883484,0.0,1.0,0.0959217424165957,0.06258215725881051,0.8808079105500408,0.8609730659242635,0.8,0.6,12.2,1.2,3.0,159.6,0.07775071114301682,0.9999999403953552
rule-bcm_bound-soft_lr_bas-0.064_bcm_tau-35_bcm_e0_scale-0.7_lr_ap-0.064,bcm,soft,0.064,0.064,0.016,0.056,0.256,4.0,,True,0.0,thr,,30,203,random,12,1.0,0.1,2500,,0,50,False,1.0,som,1.0,1.0,20.0,0.0,35,inf,0.7,2.0,1.5,0.5,0.5,0.15,0,3,902.0,3,nan,nan,0.9419750000000001,0.029846214689314365,nan,1.0330862402915955,0.0,1.0,0.0959217424165957,0.05105195891166989,0.8808079105500408,0.8623539446740072,0.8,0.6,12.2,2.8,6.4,99.6,0.05511932820081711,1.0
rule-bcm_bound-soft_lr_bas-0.064_bcm_tau-50_bcm_e0_scale-0.5_lr_ap-0.032,bcm,soft,0.064,0.032,0.016,0.056,0.256,4.0,,True,0.0,thr,,30,203,random,12,1.0,0.1,2500,,0,50,False,1.0,som,1.0,1.0,20.0,0.0,50,inf,0.5,2.0,1.5,0.5,0.5,0.15,0,0,869.25,1,nan,nan,0.8632,0.02426966354250908,nan,0.904294741153717,0.0,1.0,0.0959218406450344,0.06218577414989753,0.8808078905652096,0.8672275454395381,0.8,0.6,12.2,1.2,3.0,130.2,0.06030777990818024,0.9984721660614013
rule-bcm_bound-soft_lr_bas-0.064_bcm_tau-50_bcm_e0_scale-0.5_lr_ap-0.064,bcm,soft,0.064,0.064,0.016,0.056,0.256,4.0,,True,0.0,thr,,30,203,random,12,1.0,0.1,2500,,0,50,False,1.0,som,1.0,1.0,20.0,0.0,50,inf,0.5,2.0,1.5,0.5,0.5,0.15,0,1,750.75,1,nan,nan,0.9748,0.024503611959517002,nan,0.9129440039396286,0.0,1.0,0.0959218406450344,0.05439980825378676,0.8808078905652096,0.8640556856598803,0.8,0.6,12.2,2.2,3.6,115.4,0.055053967982530594,1.0
rule-bcm_bound-soft_lr_bas-0.064_bcm_tau-50_bcm_e0_scale-0.7_lr_ap-0.032,bcm,soft,0.064,0.032,0.016,0.056,0.256,4.0,,True,0.0,thr,,30,203,random,12,1.0,0.1,2500,,0,50,False,1.0,som,1.0,1.0,20.0,0.0,50,inf,0.7,2.0,1.5,0.5,0.5,0.15,0,3,719.0,3,nan,nan,0.9576,0.030057024210691452,nan,1.013084352016449,0.0,1.0,0.09592192174007837,0.04783889094240247,0.8808080841415558,0.8655103550442378,0.8,0.6,12.2,4.0,6.8,116.2,0.045330556109547615,0.9999999701976776
rule-bcm_bound-soft_lr_bas-0.064_bcm_tau-50_bcm_e0_scale-0.7_lr_ap-0.064,bcm,soft,0.064,0.064,0.016,0.056,0.256,4.0,,True,0.0,thr,,30,203,random,12,1.0,0.1,2500,,0,50,False,1.0,som,1.0,1.0,20.0,0.0,50,inf,0.7,2.0,1.5,0.5,0.5,0.15,0,5,nan,5,nan,nan,nan,nan,nan,nan,nan,nan,0.09592192174007837,nan,0.8808080841415558,nan,0.8,0.6,12.2,5.4,17.0,100.0,nan,nan
rule-bcm_bound-soft_lr_bas-0.064_bcm_tau-70_bcm_e0_scale-0.5_lr_ap-0.032,bcm,soft,0.064,0.032,0.016,0.056,0.256,4.0,,True,0.0,thr,,30,203,random,12,1.0,0.1,2500,,0,50,False,1.0,som,1.0,1.0,20.0,0.0,70,inf,0.5,2.0,1.5,0.5,0.5,0.15,0,1,972.0,1,nan,nan,0.956675,0.024678343534469606,nan,0.8969605684280395,0.0,1.0,0.0959219832939712,0.059425225151606434,0.8808080614757439,0.85919566801899,0.8,0.6,12.2,1.8,4.2,129.4,0.04452114086598158,0.9999999403953552
rule-bcm_bound-soft_lr_bas-0.064_bcm_tau-70_bcm_e0_scale-0.5_lr_ap-0.064,bcm,soft,0.064,0.064,0.016,0.056,0.256,4.0,,True,0.0,thr,,30,203,random,12,1.0,0.1,2500,,0,50,False,1.0,som,1.0,1.0,20.0,0.0,70,inf,0.5,2.0,1.5,0.5,0.5,0.15,0,5,nan,5,nan,nan,nan,0.01860865391790867,nan,0.8414117097854614,0.0,1.0,0.0959219832939712,0.07708827555461199,0.8808080614757439,0.8370888588329597,0.8,0.6,12.2,4.2,13.4,76.0,nan,nan
rule-bcm_bound-soft_lr_bas-0.064_bcm_tau-70_bcm_e0_scale-0.7_lr_ap-0.032,bcm,soft,0.064,0.032,0.016,0.056,0.256,4.0,,True,0.0,thr,,30,203,random,12,1.0,0.1,2500,,0,50,False,1.0,som,1.0,1.0,20.0,0.0,70,inf,0.7,2.0,1.5,0.5,0.5,0.15,0,5,nan,5,nan,nan,nan,nan,nan,nan,nan,nan,0.09592204104664029,nan,0.8808082002272284,nan,0.8,0.6,12.2,8.4,20.8,126.8,nan,nan
rule-bcm_bound-soft_lr_bas-0.064_bcm_tau-70_bcm_e0_scale-0.7_lr_ap-0.064,bcm,soft,0.064,0.064,0.016,0.056,0.256,4.0,,True,0.0,thr,,30,203,random,12,1.0,0.1,2500,,0,50,False,1.0,som,1.0,1.0,20.0,0.0,70,inf,0.7,2.0,1.5,0.5,0.5,0.15,0,5,nan,5,nan,nan,nan,nan,nan,nan,nan,nan,0.09592204104664029,nan,0.8808082002272284,nan,0.8,0.6,12.2,9.0,22.0,114.4,nan,nan
rule-bcm_bound-soft_lr_bas-0.096_bcm_tau-35_bcm_e0_scale-0.5_lr_ap-0.032,bcm,soft,0.096,0.032,0.016,0.056,0.256,4.0,,True,0.0,thr,,30,203,random,12,1.0,0.1,2500,,0,50,False,1.0,som,1.0,1.0,20.0,0.0,35,inf,0.5,2.0,1.5,0.5,0.5,0.15,0,0,1008.6666666666666,2,nan,nan,0.7800199999999998,0.027508526295423507,nan,0.8739867091178894,0.0,0.9999999403953552,0.09593939958608151,0.06490908189005376,0.8808184316168133,0.8601005976450893,0.8,0.6,12.2,2.0,4.0,141.6,0.031222645938396455,0.9015540719032288
rule-bcm_bound-soft_lr_bas-0.096_bcm_tau-35_bcm_e0_scale-0.5_lr_ap-0.064,bcm,soft,0.096,0.064,0.016,0.056,0.256,4.0,,True,0.0,thr,,30,203,random,12,1.0,0.1,2500,,0,50,False,1.0,som,1.0,1.0,20.0,0.0,35,inf,0.5,2.0,1.5,0.5,0.5,0.15,0,0,1091.75,1,nan,nan,0.86609,0.027750998362898828,nan,0.8740150094032287,0.0,0.9999999523162841,0.09593939958608151,0.05305640840891512,0.8808184316168133,0.8631944647284296,0.8,0.6,12.2,1.2,3.2,144.0,0.05084667271003127,0.9999810099601746
rule-bcm_bound-soft_lr_bas-0.096_bcm_tau-35_bcm_e0_scale-0.7_lr_ap-0.032,bcm,soft,0.096,0.032,0.016,0.056,0.256,4.0,,True,0.0,thr,,30,203,random,12,1.0,0.1,2500,,0,50,False,1.0,som,1.0,1.0,20.0,0.0,35,inf,0.7,2.0,1.5,0.5,0.5,0.15,0,1,660.0,1,nan,nan,0.9710625,0.03200547304004431,nan,0.962686076760292,0.0,1.0,0.09593957340805598,0.05861171966153618,0.8808188440498872,0.8562546966003761,0.8,0.6,12.2,2.8,5.0,147.4,0.04427481768652797,0.9999999552965164
rule-bcm_bound-soft_lr_bas-0.096_bcm_tau-35_bcm_e0_scale-0.7_lr_ap-0.064,bcm,soft,0.096,0.064,0.016,0.056,0.256,4.0,,True,0.0,thr,,30,203,random,12,1.0,0.1,2500,,0,50,False,1.0,som,1.0,1.0,20.0,0.0,35,inf,0.7,2.0,1.5,0.5,0.5,0.15,0,5,nan,5,nan,nan,nan,0.023629525676369667,nan,1.0148597955703735,0.0,1.0,0.09593957340805598,0.06785883987525163,0.8808188440498872,0.8135997567092519,0.8,0.6,12.2,3.6,10.4,92.0,nan,nan
rule-bcm_bound-soft_lr_bas-0.096_bcm_tau-50_bcm_e0_scale-0.5_lr_ap-0.032,bcm,soft,0.096,0.032,0.016,0.056,0.256,4.0,,True,0.0,thr,,30,203,random,12,1.0,0.1,2500,,0,50,False,1.0,som,1.0,1.0,20.0,0.0,50,inf,0.5,2.0,1.5,0.5,0.5,0.15,0,0,820.0,0,nan,nan,0.9835899999999999,0.02800477035343647,nan,0.8755180835723877,0.0,1.0,0.09593972062115776,0.06564449635493705,0.8808188140393876,0.8618997515000076,0.8,0.6,12.2,1.2,5.4,142.0,0.03665489368140697,0.9999999403953552
rule-bcm_bound-soft_lr_bas-0.096_bcm_tau-50_bcm_e0_scale-0.5_lr_ap-0.064,bcm,soft,0.096,0.064,0.016,0.056,0.256,4.0,,True,0.0,thr,,30,203,random,12,1.0,0.1,2500,,0,50,False,1.0,som,1.0,1.0,20.0,0.0,50,inf,0.5,2.0,1.5,0.5,0.5,0.15,0,2,955.3333333333334,2,nan,nan,0.9711,0.028440121561288834,nan,0.8757090965906779,0.0,1.0,0.09593972062115776,0.05626250700624676,0.8808188140393876,0.8463526731469777,0.8,0.6,12.2,1.8,9.0,119.8,0.039490360766649246,1.0
rule-bcm_bound-soft_lr_bas-0.096_bcm_tau-50_bcm_e0_scale-0.7_lr_ap-0.032,bcm,soft,0.096,0.032,0.016,0.056,0.256,4.0,,True,0.0,thr,,30,203,random,12,1.0,0.1,2500,,0,50,False,1.0,som,1.0,1.0,20.0,0.0,50,inf,0.7,2.0,1.5,0.5,0.5,0.15,0,4,572.0,4,nan,nan,0.95865,0.032480861991643906,nan,0.9695667624473572,0.0,1.0,0.09593984105465825,0.04720209050265186,0.8808191028820598,0.8880087170122299,0.8,0.6,12.2,6.6,11.6,120.0,0.03604958578944206,1.0
rule-bcm_bound-soft_lr_bas-0.096_bcm_tau-50_bcm_e0_scale-0.7_lr_ap-0.064,bcm,soft,0.096,0.064,0.016,0.056,0.256,4.0,,True,0.0,thr,,30,203,random,12,1.0,0.1,2500,,0,50,False,1.0,som,1.0,1.0,20.0,0.0,50,inf,0.7,2.0,1.5,0.5,0.5,0.15,0,5,nan,5,nan,nan,nan,nan,nan,nan,nan,nan,0.09593984105465825,nan,0.8808191028820598,nan,0.8,0.6,12.2,7.4,22.0,109.0,nan,nan
rule-bcm_bound-soft_lr_bas-0.096_bcm_tau-70_bcm_e0_scale-0.5_lr_ap-0.032,bcm,soft,0.096,0.032,0.016,0.056,0.256,4.0,,True,0.0,thr,,30,203,random,12,1.0,0.1,2500,,0,50,False,1.0,som,1.0,1.0,20.0,0.0,70,inf,0.5,2.0,1.5,0.5,0.5,0.15,0,0,742.75,1,nan,nan,0.87401,0.028002116456627847,nan,0.8706681132316589,0.0,1.0,0.09593993321580474,0.06257906803607555,0.88081906911733,0.8601404766715115,0.8,0.6,12.2,1.6,5.6,140.6,0.023887737840414047,0.9523471355438232
rule-bcm_bound-soft_lr_bas-0.096_bcm_tau-70_bcm_e0_scale-0.5_lr_ap-0.064,bcm,soft,0.096,0.064,0.016,0.056,0.256,4.0,,True,0.0,thr,,30,203,random,12,1.0,0.1,2500,,0,50,False,1.0,som,1.0,1.0,20.0,0.0,70,inf,0.5,2.0,1.5,0.5,0.5,0.15,0,5,nan,5,nan,nan,nan,nan,nan,nan,nan,nan,0.09593993321580474,nan,0.88081906911733,nan,0.8,0.6,12.2,5.4,20.0,88.8,nan,nan
rule-bcm_bound-soft_lr_bas-0.096_bcm_tau-70_bcm_e0_scale-0.7_lr_ap-0.032,bcm,soft,0.096,0.032,0.016,0.056,0.256,4.0,,True,0.0,thr,,30,203,random,12,1.0,0.1,2500,,0,50,False,1.0,som,1.0,1.0,20.0,0.0,70,inf,0.7,2.0,1.5,0.5,0.5,0.15,0,5,nan,5,nan,nan,nan,nan,nan,nan,nan,nan,0.09594001880885471,nan,0.8808192752203429,nan,0.8,0.6,12.2,9.2,28.8,118.4,nan,nan
rule-bcm_bound-soft_lr_bas-0.096_bcm_tau-70_bcm_e0_scale-0.7_lr_ap-0.064,bcm,soft,0.096,0.064,0.016,0.056,0.256,4.0,,True,0.0,thr,,30,203,random,12,1.0,0.1,2500,,0,50,False,1.0,som,1.0,1.0,20.0,0.0,70,inf,0.7,2.0,1.5,0.5,0.5,0.15,0,5,nan,5,nan,nan,nan,nan,nan,nan,nan,nan,0.09594001880885471,nan,0.8808192752203429,nan,0.8,0.6,12.2,9.2,27.2,121.6,nan,nan
rule-calcium_bound-l1_lr_bas-0.0005_ca_ltd_frac-0.4_ca_theta_p-1.25_ca_gamma_d-1.0_ca_beta-2_lr_ap-0.128,calcium,l1,0.0005,0.128,0.016,0.056,0.256,4.0,,True,0.0,thr,,30,203,random,12,1.0,0.1,2500,,0,50,False,1.0,som,1.0,1.0,20.0,0.0,100.0,inf,1.0,2,1.25,0.4,1.0,0.15,0,3,916.5,3,nan,nan,0.9967666666666667,0.024769461154937743,nan,1.0,0.0,0.9584041357040405,0.09585845170236681,0.08169926725536984,0.8832401330431358,0.2911819495432321,0.8,0.6,11.6,1.8,12.0,132.8,0.07145296409726143,1.0
rule-calcium_bound-l1_lr_bas-0.0005_ca_ltd_frac-0.4_ca_theta_p-1.25_ca_gamma_d-1.0_ca_beta-2_lr_ap-0.256,calcium,l1,0.0005,0.256,0.016,0.056,0.256,4.0,,True,0.0,thr,,30,203,random,12,1.0,0.1,2500,,0,50,False,1.0,som,1.0,1.0,20.0,0.0,100.0,inf,1.0,2,1.25,0.4,1.0,0.15,0,0,873.8,0,nan,nan,0.9924000000000003,0.026453001797199248,nan,1.0,0.0,0.9632124304771423,0.09585845170236681,0.07643135710320312,0.8832401330431358,0.2785181824312445,0.8,0.6,11.6,1.8,11.8,143.6,0.06606045737862587,1.0
rule-calcium_bound-l1_lr_bas-0.0005_ca_ltd_frac-0.4_ca_theta_p-1.25_ca_gamma_d-1.5_ca_beta-2_lr_ap-0.128,calcium,l1,0.0005,0.128,0.016,0.056,0.256,4.0,,True,0.0,thr,,30,203,random,12,1.0,0.1,2500,,0,50,False,1.0,som,1.0,1.0,20.0,0.0,100.0,inf,1.0,2,1.25,0.4,1.5,0.15,0,4,846.0,4,nan,nan,0.9976499999999999,0.028227407857775687,nan,1.0,0.0,0.9956099629402161,0.09584111109517139,0.06807976470719446,0.8829395970204723,0.256136229409199,0.8,0.6,11.6,1.2,9.4,144.2,0.07883819937705994,1.0
rule-calcium_bound-l1_lr_bas-0.0005_ca_ltd_frac-0.4_ca_theta_p-1.25_ca_gamma_d-1.5_ca_beta-2_lr_ap-0.256,calcium,l1,0.0005,0.256,0.016,0.056,0.256,4.0,,True,0.0,thr,,30,203,random,12,1.0,0.1,2500,,0,50,False,1.0,som,1.0,1.0,20.0,0.0,100.0,inf,1.0,2,1.25,0.4,1.5,0.15,0,0,803.8,0,nan,nan,0.98762,0.03243957161903381,nan,1.0,0.0,0.9963956475257874,0.09584111109517139,0.0601826592366483,0.8829395970204723,0.21325801471709674,0.8,0.6,11.6,1.0,10.4,160.0,0.06601242423057556,1.0
rule-calcium_bound-l1_lr_bas-0.0005_ca_ltd_frac-0.4_ca_theta_p-1.5_ca_gamma_d-1.0_ca_beta-2_lr_ap-0.128,calcium,l1,0.0005,0.128,0.016,0.056,0.256,4.0,,True,0.0,thr,,30,203,random,12,1.0,0.1,2500,,0,50,False,1.0,som,1.0,1.0,20.0,0.0,100.0,inf,1.0,2,1.5,0.4,1.0,0.15,0,1,923.0,1,nan,nan,0.9927500000000001,0.02387489564716816,nan,1.0,0.0,0.9343819260597229,0.09585828809102029,0.07871553386073679,0.8831745710461378,0.29304627939830125,0.8,0.6,11.6,0.8,11.0,118.0,0.07267517782747746,1.0
rule-calcium_bound-l1_lr_bas-0.0005_ca_ltd_frac-0.4_ca_theta_p-1.5_ca_gamma_d-1.0_ca_beta-2_lr_ap-0.256,calcium,l1,0.0005,0.256,0.016,0.056,0.256,4.0,,True,0.0,thr,,30,203,random,12,1.0,0.1,2500,,0,50,False,1.0,som,1.0,1.0,20.0,0.0,100.0,inf,1.0,2,1.5,0.4,1.0,0.15,0,0,960.0,0,nan,nan,0.9922400000000001,0.024209020659327507,nan,1.0,0.0,0.933789074420929,0.09585828809102029,0.07295990113463223,0.8831745710461378,0.29358322448910795,0.8,0.6,11.6,0.8,9.4,120.6,0.05911343619227409,1.0
rule-calcium_bound-l1_lr_bas-0.0005_ca_ltd_frac-0.4_ca_theta_p-1.5_ca_gamma_d-1.5_ca_beta-2_lr_ap-0.128,calcium,l1,0.0005,0.128,0.016,0.056,0.256,4.0,,True,0.0,thr,,30,203,random,12,1.0,0.1,2500,,0,50,False,1.0,som,1.0,1.0,20.0,0.0,100.0,inf,1.0,2,1.5,0.4,1.5,0.15,0,1,807.5,1,nan,nan,0.99671,0.030568012222647666,nan,1.0,0.0,0.9964440345764161,0.09584265997492639,0.05945782531468263,0.8828906374110904,0.24693110305237803,0.8,0.6,11.6,0.2,9.2,145.6,0.07636195421218872,1.0
rule-calcium_bound-l1_lr_bas-0.0005_ca_ltd_frac-0.4_ca_theta_p-1.5_ca_gamma_d-1.5_ca_beta-2_lr_ap-0.256,calcium,l1,0.0005,0.256,0.016,0.056,0.256,4.0,,True,0.0,thr,,30,203,random,12,1.0,0.1,2500,,0,50,False,1.0,som,1.0,1.0,20.0,0.0,100.0,inf,1.0,2,1.5,0.4,1.5,0.15,0,0,914.0,0,nan,nan,0.9915800000000001,0.030812601372599602,nan,1.0,0.0,0.9968086123466492,0.09584265997492639,0.05527842553065967,0.8828906374110904,0.2441105608841796,0.8,0.6,11.6,0.0,8.0,146.4,0.055307412520051,1.0
rule-calcium_bound-l1_lr_bas-0.0005_ca_ltd_frac-0.5_ca_theta_p-1.25_ca_gamma_d-1.0_ca_beta-2_lr_ap-0.128,calcium,l1,0.0005,0.128,0.016,0.056,0.256,4.0,,True,0.0,thr,,30,203,random,12,1.0,0.1,2500,,0,50,False,1.0,som,1.0,1.0,20.0,0.0,100.0,inf,1.0,2,1.25,0.5,1.0,0.15,0,0,879.6,0,nan,nan,0.99361,0.021126367151737213,nan,1.0,0.0,0.8833266139030457,0.09586348410080145,0.08338056549226014,0.8825088862155412,0.33611415645093046,0.8,0.6,11.6,0.8,11.0,104.2,0.08571691215038299,1.0
rule-calcium_bound-l1_lr_bas-0.0005_ca_ltd_frac-0.5_ca_theta_p-1.25_ca_gamma_d-1.0_ca_beta-2_lr_ap-0.256,calcium,l1,0.0005,0.256,0.016,0.056,0.256,4.0,,True,0.0,thr,,30,203,random,12,1.0,0.1,2500,,0,50,False,1.0,som,1.0,1.0,20.0,0.0,100.0,inf,1.0,2,1.25,0.5,1.0,0.15,0,0,1014.0,0,nan,nan,0.98903,0.021138210594654084,nan,1.0,0.0,0.8824066877365112,0.09586348410080145,0.07671146521082461,0.8825088862155412,0.33704860964394057,0.8,0.6,11.6,0.6,9.4,105.8,0.05831263884902001,1.0
rule-calcium_bound-l1_lr_bas-0.0005_ca_ltd_frac-0.5_ca_theta_p-1.25_ca_gamma_d-1.5_ca_beta-2_lr_ap-0.128,calcium,l1,0.0005,0.128,0.016,0.056,0.256,4.0,,True,0.0,thr,,30,203,random,12,1.0,0.1,2500,,0,50,False,1.0,som,1.0,1.0,20.0,0.0,100.0,inf,1.0,2,1.25,0.5,1.5,0.15,0,0,889.0,0,nan,nan,0.9918800000000001,0.02790640592575073,nan,1.0,0.0,0.9679312109947205,0.09584836084938744,0.06232256152450198,0.8848633075997856,0.2983485676776992,0.8,0.6,11.6,0.0,8.6,134.2,0.07489012330770492,1.0
rule-calcium_bound-l1_lr_bas-0.0005_ca_ltd_frac-0.5_ca_theta_p-1.25_ca_gamma_d-1.5_ca_beta-2_lr_ap-0.256,calcium,l1,0.0005,0.256,0.016,0.056,0.256,4.0,,True,0.0,thr,,30,203,random,12,1.0,0.1,2500,,0,50,False,1.0,som,1.0,1.0,20.0,0.0,100.0,inf,1.0,2,1.25,0.5,1.5,0.15,0,0,1072.4,0,nan,nan,0.98892,0.027868252620100974,nan,1.0,0.0,0.963526725769043,0.09584836084938744,0.05818169391741439,0.8848633075997856,0.303866198885838,0.8,0.6,11.6,0.0,7.2,134.4,0.05123203136026859,1.0
rule-calcium_bound-l1_lr_bas-0.0005_ca_ltd_frac-0.5_ca_theta_p-1.5_ca_gamma_d-1.0_ca_beta-2_lr_ap-0.128,calcium,l1,0.0005,0.128,0.016,0.056,0.256,4.0,,True,0.0,thr,,30,203,random,12,1.0,0.1,2500,,0,50,False,1.0,som,1.0,1.0,20.0,0.0,100.0,inf,1.0,2,1.5,0.5,1.0,0.15,0,0,957.4,0,nan,nan,0.99028,0.018061752989888193,nan,1.0,0.0,0.8555986523628235,0.09586422730634925,0.0809738382905207,0.8822883678706589,0.3385753009727584,0.8,0.6,11.6,0.8,7.4,72.4,0.07488273680210114,1.0
rule-calcium_bound-l1_lr_bas-0.0005_ca_ltd_frac-0.5_ca_theta_p-1.5_ca_gamma_d-1.0_ca_beta-2_lr_ap-0.256,calcium,l1,0.0005,0.256,0.016,0.056,0.256,4.0,,True,0.0,thr,,30,203,random,12,1.0,0.1,2500,,0,50,False,1.0,som,1.0,1.0,20.0,0.0,100.0,inf,1.0,2,1.5,0.5,1.0,0.15,0,0,1168.8,0,nan,nan,0.9811,0.01801679693162441,nan,1.0,0.0,0.8555320143699646,0.09586422730634925,0.07580453803197555,0.8822883678706589,0.33808158567183766,0.8,0.6,11.6,0.6,6.2,72.0,0.05222420394420624,1.0
rule-calcium_bound-l1_lr_bas-0.0005_ca_ltd_frac-0.5_ca_theta_p-1.5_ca_gamma_d-1.5_ca_beta-2_lr_ap-0.128,calcium,l1,0.0005,0.128,0.016,0.056,0.256,4.0,,True,0.0,thr,,30,203,random,12,1.0,0.1,2500,,0,50,False,1.0,som,1.0,1.0,20.0,0.0,100.0,inf,1.0,2,1.5,0.5,1.5,0.15,0,0,1071.2,0,nan,nan,0.9873200000000001,0.02453622855246067,nan,1.0,0.0,0.9330482482910156,0.09585114354407147,0.06054252781581092,0.8847143277935994,0.31012590277590124,0.8,0.6,11.6,0.0,5.8,108.8,0.06207415834069252,1.0
rule-calcium_bound-l1_lr_bas-0.0005_ca_ltd_frac-0.5_ca_theta_p-1.5_ca_gamma_d-1.5_ca_beta-2_lr_ap-0.256,calcium,l1,0.0005,0.256,0.016,0.056,0.256,4.0,,True,0.0,thr,,30,203,random,12,1.0,0.1,2500,,0,50,False,1.0,som,1.0,1.0,20.0,0.0,100.0,inf,1.0,2,1.5,0.5,1.5,0.15,0,0,1163.0,0,nan,nan,0.98099,0.024445951730012894,nan,1.0,0.0,0.9327479720115661,0.09585114354407147,0.059113410635799404,0.8847143277935994,0.3136939832919109,0.8,0.6,11.6,0.0,5.0,107.6,0.04840502291917801,1.0
rule-calcium_bound-l1_lr_bas-0.0005_ca_ltd_frac-0.6_ca_theta_p-1.25_ca_gamma_d-1.0_ca_beta-2_lr_ap-0.128,calcium,l1,0.0005,0.128,0.016,0.056,0.256,4.0,,True,0.0,thr,,30,203,random,12,1.0,0.1,2500,,0,50,False,1.0,som,1.0,1.0,20.0,0.0,100.0,inf,1.0,2,1.25,0.6,1.0,0.15,0,0,990.8,0,nan,nan,0.99006,0.01540333814918995,nan,1.0,0.0,0.8175639510154724,0.0958685394033018,0.08513946455037054,0.8809487015708125,0.3591598661080496,0.8,0.6,11.6,0.6,6.6,55.6,0.07586251795291901,1.0
rule-calcium_bound-l1_lr_bas-0.0005_ca_ltd_frac-0.6_ca_theta_p-1.25_ca_gamma_d-1.0_ca_beta-2_lr_ap-0.256,calcium,l1,0.0005,0.256,0.016,0.056,0.256,4.0,,True,0.0,thr,,30,203,random,12,1.0,0.1,2500,,0,50,False,1.0,som,1.0,1.0,20.0,0.0,100.0,inf,1.0,2,1.25,0.6,1.0,0.15,0,0,1183.0,0,nan,nan,0.9788,0.015380412526428699,nan,1.0,0.0,0.8157704591751098,0.0958685394033018,0.07992809690517728,0.8809487015708125,0.3581470008696689,0.8,0.6,11.6,0.2,5.8,55.4,0.053203563392162326,1.0
rule-calcium_bound-l1_lr_bas-0.0005_ca_ltd_frac-0.6_ca_theta_p-1.25_ca_gamma_d-1.5_ca_beta-2_lr_ap-0.128,calcium,l1,0.0005,0.128,0.016,0.056,0.256,4.0,,True,0.0,thr,,30,203,random,12,1.0,0.1,2500,,0,50,False,1.0,som,1.0,1.0,20.0,0.0,100.0,inf,1.0,2,1.25,0.6,1.5,0.15,0,0,1098.8,0,nan,nan,0.98558,0.02159627005457878,nan,1.0,0.0,0.9029804944992066,0.09585554600651806,0.06452834633258576,0.881454454609259,0.3445760767791138,0.8,0.6,11.6,0.0,5.0,88.6,0.06502569019794464,1.0
rule-calcium_bound-l1_lr_bas-0.0005_ca_ltd_frac-0.6_ca_theta_p-1.25_ca_gamma_d-1.5_ca_beta-2_lr_ap-0.256,calcium,l1,0.0005,0.256,0.016,0.056,0.256,4.0,,True,0.0,thr,,30,203,random,12,1.0,0.1,2500,,0,50,False,1.0,som,1.0,1.0,20.0,0.0,100.0,inf,1.0,2,1.25,0.6,1.5,0.15,0,0,1217.8,0,nan,nan,0.97331,0.02147691585123539,nan,1.0,0.0,0.8998685598373413,0.09585554600651806,0.062214780409740635,0.881454454609259,0.34400851513982955,0.8,0.6,11.6,0.0,3.6,88.8,0.04532054774463177,1.0
rule-calcium_bound-l1_lr_bas-0.0005_ca_ltd_frac-0.6_ca_theta_p-1.5_ca_gamma_d-1.0_ca_beta-2_lr_ap-0.128,calcium,l1,0.0005,0.128,0.016,0.056,0.256,4.0,,True,0.0,thr,,30,203,random,12,1.0,0.1,2500,,0,50,False,1.0,som,1.0,1.0,20.0,0.0,100.0,inf,1.0,2,1.5,0.6,1.0,0.15,0,0,1098.2,0,nan,nan,0.98709,0.012461183406412602,nan,1.0,0.0,0.8156216382980347,0.0958699220149408,0.08471240565972318,0.8806411374230786,0.3630119059363276,0.8,0.6,11.6,0.6,3.6,24.8,0.07093649283051491,1.0
rule-calcium_bound-l1_lr_bas-0.0005_ca_ltd_frac-0.6_ca_theta_p-1.5_ca_gamma_d-1.0_ca_beta-2_lr_ap-0.256,calcium,l1,0.0005,0.256,0.016,0.056,0.256,4.0,,True,0.0,thr,,30,203,random,12,1.0,0.1,2500,,0,50,False,1.0,som,1.0,1.0,20.0,0.0,100.0,inf,1.0,2,1.5,0.6,1.0,0.15,0,0,1281.8,0,nan,nan,0.9676600000000001,0.012415050342679024,nan,1.0,0.0,0.8138155698776245,0.0958699220149408,0.0818216747552509,0.8806411374230786,0.36206732257754554,0.8,0.6,11.6,0.4,2.6,24.8,0.05123156607151032,1.0
rule-calcium_bound-l1_lr_bas-0.0005_ca_ltd_frac-0.6_ca_theta_p-1.5_ca_gamma_d-1.5_ca_beta-2_lr_ap-0.128,calcium,l1,0.0005,0.128,0.016,0.056,0.256,4.0,,True,0.0,thr,,30,203,random,12,1.0,0.1,2500,,0,50,False,1.0,som,1.0,1.0,20.0,0.0,100.0,inf,1.0,2,1.5,0.6,1.5,0.15,0,0,1190.6,0,nan,nan,0.9781000000000001,0.017693770676851274,nan,1.0,0.0,0.8795676708221436,0.09585956401525225,0.0669602561035153,0.8808683830366941,0.34653071647645356,0.8,0.6,11.6,0.0,2.8,53.2,0.06207596585154533,1.0
rule-calcium_bound-l1_lr_bas-0.0005_ca_ltd_frac-0.6_ca_theta_p-1.5_ca_gamma_d-1.5_ca_beta-2_lr_ap-0.256,calcium,l1,0.0005,0.256,0.016,0.056,0.256,4.0,,True,0.0,thr,,30,203,random,12,1.0,0.1,2500,,0,50,False,1.0,som,1.0,1.0,20.0,0.0,100.0,inf,1.0,2,1.5,0.6,1.5,0.15,0,0,1367.6,0,nan,nan,0.9489700000000001,0.01756340228021145,nan,1.0,0.0,0.8754052996635437,0.09585956401525225,0.06706184601802709,0.8808683830366941,0.3463363408411955,0.8,0.6,11.6,0.0,2.4,52.2,0.046305904164910316,1.0
rule-calcium_bound-l1_lr_bas-0.0015_ca_ltd_frac-0.4_ca_theta_p-1.25_ca_gamma_d-1.0_ca_beta-2_lr_ap-0.128,calcium,l1,0.0015,0.128,0.016,0.056,0.256,4.0,,True,0.0,thr,,30,203,random,12,1.0,0.1,2500,,0,50,False,1.0,som,1.0,1.0,20.0,0.0,100.0,inf,1.0,2,1.25,0.4,1.0,0.15,0,5,nan,5,nan,nan,nan,0.027555861324071885,nan,1.0,0.0,0.9831878542900085,0.09580858346183371,0.07344864951753863,0.8811467211675457,0.26125797199630885,0.8,0.6,11.6,1.6,11.6,147.4,nan,nan
rule-calcium_bound-l1_lr_bas-0.0015_ca_ltd_frac-0.4_ca_theta_p-1.25_ca_gamma_d-1.0_ca_beta-2_lr_ap-0.256,calcium,l1,0.0015,0.256,0.016,0.056,0.256,4.0,,True,0.0,thr,,30,203,random,12,1.0,0.1,2500,,0,50,False,1.0,som,1.0,1.0,20.0,0.0,100.0,inf,1.0,2,1.25,0.4,1.0,0.15,0,5,nan,5,nan,nan,nan,0.030320585891604423,nan,1.0,0.0,0.9964717030525208,0.09580858346183371,0.06679971769945611,0.8811467211675457,0.22278854940736315,0.8,0.6,11.6,1.4,12.0,159.2,nan,nan
rule-calcium_bound-l1_lr_bas-0.0015_ca_ltd_frac-0.4_ca_theta_p-1.25_ca_gamma_d-1.5_ca_beta-2_lr_ap-0.128,calcium,l1,0.0015,0.128,0.016,0.056,0.256,4.0,,True,0.0,thr,,30,203,random,12,1.0,0.1,2500,,0,50,False,1.0,som,1.0,1.0,20.0,0.0,100.0,inf,1.0,2,1.25,0.4,1.5,0.15,0,5,nan,5,nan,nan,nan,0.034855824708938596,nan,1.0,0.0,1.0,0.09576004863070202,0.05604936856772136,0.8804269450288802,0.15378795421725255,0.8,0.6,11.6,0.6,9.2,169.2,nan,nan
rule-calcium_bound-l1_lr_bas-0.0015_ca_ltd_frac-0.4_ca_theta_p-1.25_ca_gamma_d-1.5_ca_beta-2_lr_ap-0.256,calcium,l1,0.0015,0.256,0.016,0.056,0.256,4.0,,True,0.0,thr,,30,203,random,12,1.0,0.1,2500,,0,50,False,1.0,som,1.0,1.0,20.0,0.0,100.0,inf,1.0,2,1.25,0.4,1.5,0.15,0,4,561.0,4,nan,nan,0.9918,0.03695821985602379,nan,1.0,0.0,1.0,0.09576004863070202,0.0511739399726545,0.8804269450288802,0.12915514727429628,0.8,0.6,11.6,0.6,8.6,175.6,0.054187193512916565,1.0
rule-calcium_bound-l1_lr_bas-0.0015_ca_ltd_frac-0.4_ca_theta_p-1.5_ca_gamma_d-1.0_ca_beta-2_lr_ap-0.128,calcium,l1,0.0015,0.128,0.016,0.056,0.256,4.0,,True,0.0,thr,,30,203,random,12,1.0,0.1,2500,,0,50,False,1.0,som,1.0,1.0,20.0,0.0,100.0,inf,1.0,2,1.5,0.4,1.0,0.15,0,5,nan,5,nan,nan,nan,0.031202614307403564,nan,1.0,0.0,0.9952577114105224,0.09580826645524607,0.06274435818569617,0.8809786260234702,0.2151915887530015,0.8,0.6,11.6,0.2,10.6,149.8,nan,nan
rule-calcium_bound-l1_lr_bas-0.0015_ca_ltd_frac-0.4_ca_theta_p-1.5_ca_gamma_d-1.0_ca_beta-2_lr_ap-0.256,calcium,l1,0.0015,0.256,0.016,0.056,0.256,4.0,,True,0.0,thr,,30,203,random,12,1.0,0.1,2500,,0,50,False,1.0,som,1.0,1.0,20.0,0.0,100.0,inf,1.0,2,1.5,0.4,1.0,0.15,0,5,nan,5,nan,nan,1.0,0.035202838107943536,nan,1.0,0.0,0.9985863089561462,0.09580826645524607,0.05548830293317662,0.8809786260234702,0.16400585161735326,0.8,0.6,11.6,0.0,10.2,168.8,nan,nan
rule-calcium_bound-l1_lr_bas-0.0015_ca_ltd_frac-0.4_ca_theta_p-1.5_ca_gamma_d-1.5_ca_beta-2_lr_ap-0.128,calcium,l1,0.0015,0.128,0.016,0.056,0.256,4.0,,True,0.0,thr,,30,203,random,12,1.0,0.1,2500,,0,50,False,1.0,som,1.0,1.0,20.0,0.0,100.0,inf,1.0,2,1.5,0.4,1.5,0.15,0,3,683.0,3,nan,nan,0.9916,0.03950905352830887,nan,1.0,0.0,1.0,0.09576434116164864,0.04340588775975956,0.8808988711445711,0.10251374578534736,0.8,0.6,11.6,0.0,7.4,180.2,0.0517242606729269,1.0
rule-calcium_bound-l1_lr_bas-0.0015_ca_ltd_frac-0.4_ca_theta_p-1.5_ca_gamma_d-1.5_ca_beta-2_lr_ap-0.256,calcium,l1,0.0015,0.256,0.016,0.056,0.256,4.0,,True,0.0,thr,,30,203,random,12,1.0,0.1,2500,,0,50,False,1.0,som,1.0,1.0,20.0,0.0,100.0,inf,1.0,2,1.5,0.4,1.5,0.15,0,3,770.5,3,nan,nan,0.9724555555555555,0.04157099649310112,nan,1.0,0.0,1.0,0.09576434116164864,0.036858418327046706,0.8808988711445711,0.07357195834306465,0.8,0.6,11.6,0.0,7.2,185.4,0.04679802991449833,1.0
rule-calcium_bound-l1_lr_bas-0.0015_ca_ltd_frac-0.5_ca_theta_p-1.25_ca_gamma_d-1.0_ca_beta-2_lr_ap-0.128,calcium,l1,0.0015,0.128,0.016,0.056,0.256,4.0,,True,0.0,thr,,30,203,random,12,1.0,0.1,2500,,0,50,False,1.0,som,1.0,1.0,20.0,0.0,100.0,inf,1.0,2,1.25,0.5,1.0,0.15,0,5,nan,5,nan,nan,nan,0.02743794471025467,nan,1.0,0.0,0.9875548005104064,0.0958226938168037,0.07067249935492005,0.883157747274599,0.2887228678041864,0.8,0.6,11.6,0.4,10.8,136.8,nan,nan
rule-calcium_bound-l1_lr_bas-0.0015_ca_ltd_frac-0.5_ca_theta_p-1.25_ca_gamma_d-1.0_ca_beta-2_lr_ap-0.256,calcium,l1,0.0015,0.256,0.016,0.056,0.256,4.0,,True,0.0,thr,,30,203,random,12,1.0,0.1,2500,,0,50,False,1.0,som,1.0,1.0,20.0,0.0,100.0,inf,1.0,2,1.25,0.5,1.0,0.15,0,4,846.0,4,nan,nan,0.9953,0.03201733669266105,nan,1.0,0.0,0.9961194097995758,0.0958226938168037,0.058306683461420684,0.883157747274599,0.24556710735936982,0.8,0.6,11.6,0.0,10.8,125.0,0.04926108196377754,1.0
rule-calcium_bound-l1_lr_bas-0.0015_ca_ltd_frac-0.5_ca_theta_p-1.25_ca_gamma_d-1.5_ca_beta-2_lr_ap-0.128,calcium,l1,0.0015,0.128,0.016,0.056,0.256,4.0,,True,0.0,thr,,30,203,random,12,1.0,0.1,2500,,0,50,False,1.0,som,1.0,1.0,20.0,0.0,100.0,inf,1.0,2,1.25,0.5,1.5,0.15,0,3,744.5,3,nan,nan,0.9914000000000001,0.0371130708605051,nan,1.0,0.0,1.0,0.09578106460815246,0.04405960789454702,0.8809956861729009,0.15641134461231004,0.8,0.6,11.6,0.0,7.8,172.4,0.05172428861260414,1.0
rule-calcium_bound-l1_lr_bas-0.0015_ca_ltd_frac-0.5_ca_theta_p-1.25_ca_gamma_d-1.5_ca_beta-2_lr_ap-0.256,calcium,l1,0.0015,0.256,0.016,0.056,0.256,4.0,,True,0.0,thr,,30,203,random,12,1.0,0.1,2500,,0,50,False,1.0,som,1.0,1.0,20.0,0.0,100.0,inf,1.0,2,1.25,0.5,1.5,0.15,0,3,792.0,3,nan,nan,0.9504632478632479,0.03956432193517685,nan,1.0,0.0,1.0,0.09578106460815246,0.038378258341008754,0.8809956861729009,0.11553593673318296,0.8,0.6,11.6,0.0,6.8,180.0,0.04434123449027538,1.0
rule-calcium_bound-l1_lr_bas-0.0015_ca_ltd_frac-0.5_ca_theta_p-1.5_ca_gamma_d-1.0_ca_beta-2_lr_ap-0.128,calcium,l1,0.0015,0.128,0.016,0.056,0.256,4.0,,True,0.0,thr,,30,203,random,12,1.0,0.1,2500,,0,50,False,1.0,som,1.0,1.0,20.0,0.0,100.0,inf,1.0,2,1.5,0.5,1.0,0.15,0,3,987.5,3,nan,nan,0.9959,0.032722536474466324,nan,1.0,0.0,0.9874279379844666,0.09582430141341605,0.06004231774669534,0.8830126058842251,0.2505715699821753,0.8,0.6,11.6,0.0,10.4,148.8,0.05176050029695034,1.0
rule-calcium_bound-l1_lr_bas-0.0015_ca_ltd_frac-0.5_ca_theta_p-1.5_ca_gamma_d-1.0_ca_beta-2_lr_ap-0.256,calcium,l1,0.0015,0.256,0.016,0.056,0.256,4.0,,True,0.0,thr,,30,203,random,12,1.0,0.1,2500,,0,50,False,1.0,som,1.0,1.0,20.0,0.0,100.0,inf,1.0,2,1.5,0.5,1.0,0.15,0,0,1029.6,0,nan,nan,0.99222,0.03493465185165405,nan,1.0,0.0,0.9955638766288757,0.09582430141341605,0.0547719740005367,0.8830126058842251,0.22149351767287664,0.8,0.6,11.6,0.0,9.8,157.8,0.05123991519212723,1.0
rule-calcium_bound-l1_lr_bas-0.0015_ca_ltd_frac-0.5_ca_theta_p-1.5_ca_gamma_d-1.5_ca_beta-2_lr_ap-0.128,calcium,l1,0.0015,0.128,0.016,0.056,0.256,4.0,,True,0.0,thr,,30,203,random,12,1.0,0.1,2500,,0,50,False,1.0,som,1.0,1.0,20.0,0.0,100.0,inf,1.0,2,1.5,0.5,1.5,0.15,0,0,1102.2,0,nan,nan,0.96851,0.040314337611198424,nan,1.0,0.0,1.0,0.09578921157051858,0.029450123624949077,0.8809323972494777,0.10049514894812943,0.8,0.6,11.6,0.0,5.2,174.0,0.040400304831564426,1.0
rule-calcium_bound-l1_lr_bas-0.0015_ca_ltd_frac-0.5_ca_theta_p-1.5_ca_gamma_d-1.5_ca_beta-2_lr_ap-0.256,calcium,l1,0.0015,0.256,0.016,0.056,0.256,4.0,,True,0.0,thr,,30,203,random,12,1.0,0.1,2500,,0,50,False,1.0,som,1.0,1.0,20.0,0.0,100.0,inf,1.0,2,1.5,0.5,1.5,0.15,0,0,1186.4,0,nan,nan,0.96696,0.040307974070310594,nan,1.0,0.0,1.0,0.09578921157051858,0.02770594813157049,0.8809323972494777,0.11142878574425427,0.8,0.6,11.6,0.0,4.8,174.4,0.03153502270579338,1.0
rule-calcium_bound-l1_lr_bas-0.0015_ca_ltd_frac-0.6_ca_theta_p-1.25_ca_gamma_d-1.0_ca_beta-2_lr_ap-0.128,calcium,l1,0.0015,0.128,0.016,0.056,0.256,4.0,,True,0.0,thr,,30,203,random,12,1.0,0.1,2500,,0,50,False,1.0,som,1.0,1.0,20.0,0.0,100.0,inf,1.0,2,1.25,0.6,1.0,0.15,0,2,882.3333333333334,2,nan,nan,0.9952833333333334,0.028525057062506676,nan,1.0,0.0,0.9674774408340454,0.09583607942458423,0.07019310456547291,0.8842572563871505,0.3125233735279801,0.8,0.6,11.6,0.0,11.0,131.6,0.06899025787909825,1.0
rule-calcium_bound-l1_lr_bas-0.0015_ca_ltd_frac-0.6_ca_theta_p-1.25_ca_gamma_d-1.0_ca_beta-2_lr_ap-0.256,calcium,l1,0.0015,0.256,0.016,0.056,0.256,4.0,,True,0.0,thr,,30,203,random,12,1.0,0.1,2500,,0,50,False,1.0,som,1.0,1.0,20.0,0.0,100.0,inf,1.0,2,1.25,0.6,1.0,0.15,0,1,1132.0,1,nan,nan,0.9907500000000001,0.030882981047034262,nan,1.0,0.0,0.971458375453949,0.09583607942458423,0.06415820366695853,0.8842572563871505,0.29777340656543944,0.8,0.6,11.6,0.0,10.2,143.6,0.05173616297543049,1.0
rule-calcium_bound-l1_lr_bas-0.0015_ca_ltd_frac-0.6_ca_theta_p-1.25_ca_gamma_d-1.5_ca_beta-2_lr_ap-0.128,calcium,l1,0.0015,0.128,0.016,0.056,0.256,4.0,,True,0.0,thr,,30,203,random,12,1.0,0.1,2500,,0,50,False,1.0,som,1.0,1.0,20.0,0.0,100.0,inf,1.0,2,1.25,0.6,1.5,0.15,0,0,1139.2,0,nan,nan,0.9473500000000001,0.03727309852838516,nan,1.0,0.0,1.0,0.09580127129366198,0.03394666195863398,0.8821199871521935,0.21019223364182893,0.8,0.6,11.6,0.0,5.4,163.6,0.04147505927830934,1.0
rule-calcium_bound-l1_lr_bas-0.0015_ca_ltd_frac-0.6_ca_theta_p-1.25_ca_gamma_d-1.5_ca_beta-2_lr_ap-0.256,calcium,l1,0.0015,0.256,0.016,0.056,0.256,4.0,,True,0.0,thr,,30,203,random,12,1.0,0.1,2500,,0,50,False,1.0,som,1.0,1.0,20.0,0.0,100.0,inf,1.0,2,1.25,0.6,1.5,0.15,0,0,1333.4,0,nan,nan,0.9400600000000001,0.03724615424871445,nan,1.0,0.0,1.0,0.09580127129366198,0.0321530417402565,0.8821199871521935,0.2233499132807064,0.8,0.6,11.6,0.0,4.6,162.8,0.027668897062540054,1.0
rule-calcium_bound-l1_lr_bas-0.0015_ca_ltd_frac-0.6_ca_theta_p-1.5_ca_gamma_d-1.0_ca_beta-2_lr_ap-0.128,calcium,l1,0.0015,0.128,0.016,0.056,0.256,4.0,,True,0.0,thr,,30,203,random,12,1.0,0.1,2500,,0,50,False,1.0,som,1.0,1.0,20.0,0.0,100.0,inf,1.0,2,1.5,0.6,1.0,0.15,0,0,1127.0,0,nan,nan,0.9862299999999999,0.02693415805697441,nan,1.0,0.0,0.9314166188240052,0.09583974265258513,0.06296389573934555,0.8845001096092654,0.30403387420048433,0.8,0.6,11.6,0.0,7.4,110.0,0.05320402160286904,1.0
rule-calcium_bound-l1_lr_bas-0.0015_ca_ltd_frac-0.6_ca_theta_p-1.5_ca_gamma_d-1.0_ca_beta-2_lr_ap-0.256,calcium,l1,0.0015,0.256,0.016,0.056,0.256,4.0,,True,0.0,thr,,30,203,random,12,1.0,0.1,2500,,0,50,False,1.0,som,1.0,1.0,20.0,0.0,100.0,inf,1.0,2,1.5,0.6,1.0,0.15,0,0,1268.4,0,nan,nan,0.9662700000000001,0.026864289492368697,nan,1.0,0.0,0.9309194087982178,0.09583974265258513,0.05939415195507643,0.8845001096092654,0.3059219699785277,0.8,0.6,11.6,0.0,5.8,109.0,0.042364546284079554,1.0
rule-calcium_bound-l1_lr_bas-0.0015_ca_ltd_frac-0.6_ca_theta_p-1.5_ca_gamma_d-1.5_ca_beta-2_lr_ap-0.128,calcium,l1,0.0015,0.128,0.016,0.056,0.256,4.0,,True,0.0,thr,,30,203,random,12,1.0,0.1,2500,,0,50,False,1.0,som,1.0,1.0,20.0,0.0,100.0,inf,1.0,2,1.5,0.6,1.5,0.15,0,0,1584.4,0,nan,nan,0.9023299999999999,0.03369017243385315,nan,1.0,0.0,0.995511794090271,0.09581166674806466,0.033813251479844084,0.8833401111319461,0.24660209867485877,0.8,0.6,11.6,0.0,3.0,139.8,0.03280558940023184,1.0
rule-calcium_bound-l1_lr_bas-0.0015_ca_ltd_frac-0.6_ca_theta_p-1.5_ca_gamma_d-1.5_ca_beta-2_lr_ap-0.256,calcium,l1,0.0015,0.256,0.016,0.056,0.256,4.0,,True,0.0,thr,,30,203,random,12,1.0,0.1,2500,,0,50,False,1.0,som,1.0,1.0,20.0,0.0,100.0,inf,1.0,2,1.5,0.6,1.5,0.15,0,0,1592.8,0,nan,nan,0.9151400000000001,0.0335306316614151,nan,1.0,0.0,0.9939223408699036,0.09581166674806466,0.03566092291697908,0.8833401111319461,0.2574669329836365,0.8,0.6,11.6,0.0,3.0,139.0,0.029556943848729134,1.0
rule-calcium_bound-l1_lr_bas-0.001_ca_ltd_frac-0.4_ca_theta_p-1.25_ca_gamma_d-1.0_ca_beta-2_lr_ap-0.128,calcium,l1,0.001,0.128,0.016,0.056,0.256,4.0,,True,0.0,thr,,30,203,random,12,1.0,0.1,2500,,0,50,False,1.0,som,1.0,1.0,20.0,0.0,100.0,inf,1.0,2,1.25,0.4,1.0,0.15,0,5,nan,5,nan,nan,nan,0.024510313291102648,nan,1.0,0.0,0.9733636379241943,0.09583309666596443,0.07682356313601953,0.8820534018407141,0.2840639149622938,0.8,0.6,11.6,1.6,10.2,105.2,nan,nan
rule-calcium_bound-l1_lr_bas-0.001_ca_ltd_frac-0.4_ca_theta_p-1.25_ca_gamma_d-1.0_ca_beta-2_lr_ap-0.256,calcium,l1,0.001,0.256,0.016,0.056,0.256,4.0,,True,0.0,thr,,30,203,random,12,1.0,0.1,2500,,0,50,False,1.0,som,1.0,1.0,20.0,0.0,100.0,inf,1.0,2,1.25,0.4,1.0,0.15,0,5,nan,5,nan,nan,nan,0.029755197837948798,nan,1.0,0.0,0.9913549542427063,0.09583309666596443,0.06948999743732649,0.8820534018407141,0.23833936648872545,0.8,0.6,11.6,1.4,12.6,157.0,nan,nan
rule-calcium_bound-l1_lr_bas-0.001_ca_ltd_frac-0.4_ca_theta_p-1.25_ca_gamma_d-1.5_ca_beta-2_lr_ap-0.128,calcium,l1,0.001,0.128,0.016,0.056,0.256,4.0,,True,0.0,thr,,30,203,random,12,1.0,0.1,2500,,0,50,False,1.0,som,1.0,1.0,20.0,0.0,100.0,inf,1.0,2,1.25,0.4,1.5,0.15,0,5,nan,5,nan,nan,nan,0.03200547583401203,nan,1.0,0.0,1.0,0.09580012554794207,0.061031754132137205,0.8811192440195601,0.20669432902335078,0.8,0.6,11.6,0.8,8.8,158.6,nan,nan
rule-calcium_bound-l1_lr_bas-0.001_ca_ltd_frac-0.4_ca_theta_p-1.25_ca_gamma_d-1.5_ca_beta-2_lr_ap-0.256,calcium,l1,0.001,0.256,0.016,0.056,0.256,4.0,,True,0.0,thr,,30,203,random,12,1.0,0.1,2500,,0,50,False,1.0,som,1.0,1.0,20.0,0.0,100.0,inf,1.0,2,1.25,0.4,1.5,0.15,0,4,671.0,4,nan,nan,0.9885,0.03493994027376175,nan,1.0,0.0,1.0,0.09580012554794207,0.054854080863467825,0.8811192440195601,0.16222496964269692,0.8,0.6,11.6,0.6,9.0,168.4,0.05911330133676529,1.0
rule-calcium_bound-l1_lr_bas-0.001_ca_ltd_frac-0.4_ca_theta_p-1.5_ca_gamma_d-1.0_ca_beta-2_lr_ap-0.128,calcium,l1,0.001,0.128,0.016,0.056,0.256,4.0,,True,0.0,thr,,30,203,random,12,1.0,0.1,2500,,0,50,False,1.0,som,1.0,1.0,20.0,0.0,100.0,inf,1.0,2,1.5,0.4,1.0,0.15,0,5,nan,5,nan,nan,nan,0.028642699867486954,nan,1.0,0.0,0.985705578327179,0.09583270391840377,0.06841812236148762,0.8821806934694919,0.2500624997772026,0.8,0.6,11.6,0.2,10.6,141.2,nan,nan
rule-calcium_bound-l1_lr_bas-0.001_ca_ltd_frac-0.4_ca_theta_p-1.5_ca_gamma_d-1.0_ca_beta-2_lr_ap-0.256,calcium,l1,0.001,0.256,0.016,0.056,0.256,4.0,,True,0.0,thr,,30,203,random,12,1.0,0.1,2500,,0,50,False,1.0,som,1.0,1.0,20.0,0.0,100.0,inf,1.0,2,1.5,0.4,1.0,0.15,0,2,834.3333333333334,2,nan,nan,0.9984421171171171,0.03433848321437836,nan,1.0,0.0,0.9996325254440308,0.09583270391840377,0.06000199444902447,0.8821806934694919,0.19245450377448453,0.8,0.6,11.6,0.0,11.2,165.0,0.059113300095001854,1.0
rule-calcium_bound-l1_lr_bas-0.001_ca_ltd_frac-0.4_ca_theta_p-1.5_ca_gamma_d-1.5_ca_beta-2_lr_ap-0.128,calcium,l1,0.001,0.128,0.016,0.056,0.256,4.0,,True,0.0,thr,,30,203,random,12,1.0,0.1,2500,,0,50,False,1.0,som,1.0,1.0,20.0,0.0,100.0,inf,1.0,2,1.5,0.4,1.5,0.15,0,3,782.0,3,nan,nan,0.9942500000000001,0.03547847718000412,nan,1.0,0.0,1.0,0.09580345822431957,0.0495424543497394,0.8809577772796041,0.16019870566908356,0.8,0.6,11.6,0.0,8.8,164.8,0.05911340191960335,1.0
rule-calcium_bound-l1_lr_bas-0.001_ca_ltd_frac-0.4_ca_theta_p-1.5_ca_gamma_d-1.5_ca_beta-2_lr_ap-0.256,calcium,l1,0.001,0.256,0.016,0.056,0.256,4.0,,True,0.0,thr,,30,203,random,12,1.0,0.1,2500,,0,50,False,1.0,som,1.0,1.0,20.0,0.0,100.0,inf,1.0,2,1.5,0.4,1.5,0.15,0,3,874.0,3,nan,nan,0.9958166666666667,0.03783547356724739,nan,1.0,0.0,1.0,0.09580345822431957,0.04313227076726619,0.8809577772796041,0.12654466115590934,0.8,0.6,11.6,0.0,8.0,175.4,0.04433523677289486,1.0
rule-calcium_bound-l1_lr_bas-0.001_ca_ltd_frac-0.5_ca_theta_p-1.25_ca_gamma_d-1.0_ca_beta-2_lr_ap-0.128,calcium,l1,0.001,0.128,0.016,0.056,0.256,4.0,,True,0.0,thr,,30,203,random,12,1.0,0.1,2500,,0,50,False,1.0,som,1.0,1.0,20.0,0.0,100.0,inf,1.0,2,1.25,0.5,1.0,0.15,0,5,nan,5,nan,nan,nan,0.02607174515724182,nan,1.0,0.0,0.960546875,0.0958427069102932,0.07453520212082818,0.8832257181356503,0.3035470890867275,0.8,0.6,11.6,0.2,10.8,132.2,nan,nan
rule-calcium_bound-l1_lr_bas-0.001_ca_ltd_frac-0.5_ca_theta_p-1.25_ca_gamma_d-1.0_ca_beta-2_lr_ap-0.256,calcium,l1,0.001,0.256,0.016,0.056,0.256,4.0,,True,0.0,thr,,30,203,random,12,1.0,0.1,2500,,0,50,False,1.0,som,1.0,1.0,20.0,0.0,100.0,inf,1.0,2,1.25,0.5,1.0,0.15,0,1,948.0,1,nan,nan,0.99585,0.031374213844537736,nan,1.0,0.0,0.9837100625038147,0.0958427069102932,0.06623490502354071,0.8832257181356503,0.2700478745347621,0.8,0.6,11.6,0.0,11.6,152.6,0.060345111414790154,1.0
rule-calcium_bound-l1_lr_bas-0.001_ca_ltd_frac-0.5_ca_theta_p-1.25_ca_gamma_d-1.5_ca_beta-2_lr_ap-0.128,calcium,l1,0.001,0.128,0.016,0.056,0.256,4.0,,True,0.0,thr,,30,203,random,12,1.0,0.1,2500,,0,50,False,1.0,som,1.0,1.0,20.0,0.0,100.0,inf,1.0,2,1.25,0.5,1.5,0.15,0,3,816.5,3,nan,nan,0.9959,0.033441949635744095,nan,1.0,0.0,0.992501163482666,0.0958142383299677,0.05180606398534815,0.8831575609675978,0.22201477545354678,0.8,0.6,11.6,0.0,8.2,156.6,0.06650293618440628,1.0
rule-calcium_bound-l1_lr_bas-0.001_ca_ltd_frac-0.5_ca_theta_p-1.25_ca_gamma_d-1.5_ca_beta-2_lr_ap-0.256,calcium,l1,0.001,0.256,0.016,0.056,0.256,4.0,,True,0.0,thr,,30,203,random,12,1.0,0.1,2500,,0,50,False,1.0,som,1.0,1.0,20.0,0.0,100.0,inf,1.0,2,1.25,0.5,1.5,0.15,0,2,846.6666666666666,2,nan,nan,0.9956833333333334,0.03674400299787521,nan,1.0,0.0,1.0,0.0958142383299677,0.04347878451402655,0.8831575609675978,0.1789944585485866,0.8,0.6,11.6,0.0,7.2,171.4,0.05418736239274343,1.0
rule-calcium_bound-l1_lr_bas-0.001_ca_ltd_frac-0.5_ca_theta_p-1.5_ca_gamma_d-1.0_ca_beta-2_lr_ap-0.128,calcium,l1,0.001,0.128,0.016,0.056,0.256,4.0,,True,0.0,thr,,30,203,random,12,1.0,0.1,2500,,0,50,False,1.0,som,1.0,1.0,20.0,0.0,100.0,inf,1.0,2,1.5,0.5,1.0,0.15,0,0,905.2,0,nan,nan,0.99516,0.0287874236702919,nan,1.0,0.0,0.9610515356063842,0.09584385954875968,0.06917742292376665,0.8831583750969653,0.28431658817822425,0.8,0.6,11.6,0.0,11.4,130.2,0.06900555565953255,1.0
rule-calcium_bound-l1_lr_bas-0.001_ca_ltd_frac-0.5_ca_theta_p-1.5_ca_gamma_d-1.0_ca_beta-2_lr_ap-0.256,calcium,l1,0.001,0.256,0.016,0.056,0.256,4.0,,True,0.0,thr,,30,203,random,12,1.0,0.1,2500,,0,50,False,1.0,som,1.0,1.0,20.0,0.0,100.0,inf,1.0,2,1.5,0.5,1.0,0.15,0,0,1111.8,0,nan,nan,0.99002,0.028819736465811728,nan,1.0,0.0,0.9583972454071045,0.09584385954875968,0.06232221772023276,0.8831583750969653,0.2845145428670259,0.8,0.6,11.6,0.0,8.8,132.0,0.05024695359170437,1.0
rule-calcium_bound-l1_lr_bas-0.001_ca_ltd_frac-0.5_ca_theta_p-1.5_ca_gamma_d-1.5_ca_beta-2_lr_ap-0.128,calcium,l1,0.001,0.128,0.016,0.056,0.256,4.0,,True,0.0,thr,,30,203,random,12,1.0,0.1,2500,,0,50,False,1.0,som,1.0,1.0,20.0,0.0,100.0,inf,1.0,2,1.5,0.5,1.5,0.15,0,0,959.4,0,nan,nan,0.98709,0.035241035372018815,nan,1.0,0.0,1.0,0.09581945496085201,0.04165592762157004,0.8830262846139165,0.20898293625930126,0.8,0.6,11.6,0.0,6.0,159.0,0.053308960795402524,1.0
rule-calcium_bound-l1_lr_bas-0.001_ca_ltd_frac-0.5_ca_theta_p-1.5_ca_gamma_d-1.5_ca_beta-2_lr_ap-0.256,calcium,l1,0.001,0.256,0.016,0.056,0.256,4.0,,True,0.0,thr,,30,203,random,12,1.0,0.1,2500,,0,50,False,1.0,som,1.0,1.0,20.0,0.0,100.0,inf,1.0,2,1.5,0.5,1.5,0.15,0,0,1123.2,0,nan,nan,0.98199,0.035206098854541776,nan,1.0,0.0,1.0,0.09581945496085201,0.03853132709218593,0.8830262846139165,0.21872364982799733,0.8,0.6,11.6,0.0,5.2,158.8,0.045338968932628634,1.0
rule-calcium_bound-l1_lr_bas-0.001_ca_ltd_frac-0.6_ca_theta_p-1.25_ca_gamma_d-1.0_ca_beta-2_lr_ap-0.128,calcium,l1,0.001,0.128,0.016,0.056,0.256,4.0,,True,0.0,thr,,30,203,random,12,1.0,0.1,2500,,0,50,False,1.0,som,1.0,1.0,20.0,0.0,100.0,inf,1.0,2,1.25,0.6,1.0,0.15,0,0,908.2,0,nan,nan,0.99452,0.025099553912878037,nan,1.0,0.0,0.9082361340522767,0.09585198462696828,0.0769847859699531,0.8824963890549578,0.3282389250081482,0.8,0.6,11.6,0.0,11.2,117.4,0.07389627024531364,1.0
rule-calcium_bound-l1_lr_bas-0.001_ca_ltd_frac-0.6_ca_theta_p-1.25_ca_gamma_d-1.0_ca_beta-2_lr_ap-0.256,calcium,l1,0.001,0.256,0.016,0.056,0.256,4.0,,True,0.0,thr,,30,203,random,12,1.0,0.1,2500,,0,50,False,1.0,som,1.0,1.0,20.0,0.0,100.0,inf,1.0,2,1.25,0.6,1.0,0.15,0,0,1149.2,0,nan,nan,0.98755,0.025095559284090997,nan,1.0,0.0,0.9044849395751953,0.09585198462696828,0.06886283843211596,0.8824963890549578,0.3306650888419901,0.8,0.6,11.6,0.0,9.2,118.4,0.05024737268686295,1.0
rule-calcium_bound-l1_lr_bas-0.001_ca_ltd_frac-0.6_ca_theta_p-1.25_ca_gamma_d-1.5_ca_beta-2_lr_ap-0.128,calcium,l1,0.001,0.128,0.016,0.056,0.256,4.0,,True,0.0,thr,,30,203,random,12,1.0,0.1,2500,,0,50,False,1.0,som,1.0,1.0,20.0,0.0,100.0,inf,1.0,2,1.25,0.6,1.5,0.15,0,0,1044.6,0,nan,nan,0.98575,0.031834859773516654,nan,1.0,0.0,0.9884828567504883,0.09582746316368218,0.046437318828920264,0.8850454624174606,0.2866273947382665,0.8,0.6,11.6,0.0,6.0,144.4,0.05616934075951576,1.0
rule-calcium_bound-l1_lr_bas-0.001_ca_ltd_frac-0.6_ca_theta_p-1.25_ca_gamma_d-1.5_ca_beta-2_lr_ap-0.256,calcium,l1,0.001,0.256,0.016,0.056,0.256,4.0,,True,0.0,thr,,30,203,random,12,1.0,0.1,2500,,0,50,False,1.0,som,1.0,1.0,20.0,0.0,100.0,inf,1.0,2,1.25,0.6,1.5,0.15,0,0,1329.6,0,nan,nan,0.9741800000000002,0.031814172863960266,nan,1.0,0.0,0.9872842907905579,0.09582746316368218,0.042722572959384524,0.8850454624174606,0.28600179452521857,0.8,0.6,11.6,0.0,4.6,144.4,0.0453236922621727,1.0
rule-calcium_bound-l1_lr_bas-0.001_ca_ltd_frac-0.6_ca_theta_p-1.5_ca_gamma_d-1.0_ca_beta-2_lr_ap-0.128,calcium,l1,0.001,0.128,0.016,0.056,0.256,4.0,,True,0.0,thr,,30,203,random,12,1.0,0.1,2500,,0,50,False,1.0,som,1.0,1.0,20.0,0.0,100.0,inf,1.0,2,1.5,0.6,1.0,0.15,0,0,1101.6,0,nan,nan,0.9870600000000002,0.02087109349668026,nan,1.0,0.0,0.8680150032043457,0.09585463170194207,0.07277399100257137,0.8823414941770249,0.330511972908362,0.8,0.6,11.6,0.0,7.0,78.8,0.062069736421108246,1.0
rule-calcium_bound-l1_lr_bas-0.001_ca_ltd_frac-0.6_ca_theta_p-1.5_ca_gamma_d-1.0_ca_beta-2_lr_ap-0.256,calcium,l1,0.001,0.256,0.016,0.056,0.256,4.0,,True,0.0,thr,,30,203,random,12,1.0,0.1,2500,,0,50,False,1.0,som,1.0,1.0,20.0,0.0,100.0,inf,1.0,2,1.5,0.6,1.0,0.15,0,0,1221.8,0,nan,nan,0.9717700000000002,0.020814144238829612,nan,1.0,0.0,0.8636491537094116,0.09585463170194207,0.0692811831791447,0.8823414941770249,0.331920416716721,0.8,0.6,11.6,0.0,5.4,78.0,0.045320266112685206,1.0
rule-calcium_bound-l1_lr_bas-0.001_ca_ltd_frac-0.6_ca_theta_p-1.5_ca_gamma_d-1.5_ca_beta-2_lr_ap-0.128,calcium,l1,0.001,0.128,0.016,0.056,0.256,4.0,,True,0.0,thr,,30,203,random,12,1.0,0.1,2500,,0,50,False,1.0,som,1.0,1.0,20.0,0.0,100.0,inf,1.0,2,1.5,0.6,1.5,0.15,0,0,1369.2,0,nan,nan,0.92893,0.02757035456597805,nan,1.0,0.0,0.9643675446510315,0.0958347385539865,0.0465080728756895,0.8844501363108387,0.2949586307006963,0.8,0.6,11.6,0.0,3.2,109.6,0.04633491486310959,1.0
rule-calcium_bound-l1_lr_bas-0.001_ca_ltd_frac-0.6_ca_theta_p-1.5_ca_gamma_d-1.5_ca_beta-2_lr_ap-0.256,calcium,l1,0.001,0.256,0.016,0.056,0.256,4.0,,True,0.0,thr,,30,203,random,12,1.0,0.1,2500,,0,50,False,1.0,som,1.0,1.0,20.0,0.0,100.0,inf,1.0,2,1.5,0.6,1.5,0.15,0,0,1398.75,1,nan,nan,0.87006,0.027433665096759798,nan,1.0,0.0,0.9628774523735046,0.0958347385539865,0.0470817087846956,0.8844501363108387,0.29624654519567806,0.8,0.6,11.6,0.0,3.4,107.8,0.03947432301938534,1.0
rule-hebb_bound-soft_lr_bas-0.096_theta_bas_0-15_theta_0-2_lr_ap-0.064,hebb,soft,0.096,0.064,0.016,0.056,0.256,2,15,True,0.0,thr,,30,203,random,12,1.0,0.1,2500,,0,50,False,1.0,som,1.0,1.0,20.0,0.0,100.0,inf,1.0,2.0,1.5,0.5,0.5,0.15,0,1,997.5,1,nan,nan,0.93655,0.031233471632003785,nan,0.3186348915100098,2.5223372357846708e-45,1.0,0.09579141784201613,0.020335461105760434,0.8809950103948649,0.20400177879568834,0.8,0.6,11.4,0.2,5.0,42.2,0.06370946951210499,1.0
rule-hebb_bound-soft_lr_bas-0.096_theta_bas_0-15_theta_0-4_lr_ap-0.064,hebb,soft,0.096,0.064,0.016,0.056,0.256,4,15,True,0.0,thr,,30,203,random,12,1.0,0.1,2500,,0,50,False,1.0,som,1.0,1.0,20.0,0.0,100.0,inf,1.0,2.0,1.5,0.5,0.5,0.15,0,1,591.6666666666666,2,nan,nan,0.9429375,0.03099578581750393,nan,0.2977192997932434,2.5223372357846708e-45,1.0,0.09579141784201613,0.018588832724057307,0.8809950103948649,0.19815135544841161,0.8,0.6,11.4,0.2,4.4,40.2,0.018666195450350642,1.0
rule-hebb_bound-soft_lr_bas-0.096_theta_bas_0-15_theta_0-8_lr_ap-0.064,hebb,soft,0.096,0.064,0.016,0.056,0.256,8,15,True,0.0,thr,,30,203,random,12,1.0,0.1,2500,,0,50,False,1.0,som,1.0,1.0,20.0,0.0,100.0,inf,1.0,2.0,1.5,0.5,0.5,0.15,0,1,759.0,2,nan,nan,0.9200250000000001,0.030945323407649994,nan,0.2755191832780838,2.5223372357846708e-45,1.0,0.09579141784201613,0.014500080753066164,0.8809950103948649,0.17957216566740802,0.8,0.6,11.4,0.2,4.0,39.4,0.014779152115806937,1.0
rule-hebb_bound-soft_lr_bas-0.096_theta_bas_0-16_theta_0-2_lr_ap-0.064,hebb,soft,0.096,0.064,0.016,0.056,0.256,2,16,True,0.0,thr,,30,203,random,12,1.0,0.1,2500,,0,50,False,1.0,som,1.0,1.0,20.0,0.0,100.0,inf,1.0,2.0,1.5,0.5,0.5,0.15,0,1,983.5,1,nan,nan,0.9569875000000001,0.030801125336438417,nan,0.20747188106179237,3.1529215447308384e-45,1.0,0.0957702692190591,0.011649528245986154,0.8809983340145993,0.032030822539040125,0.8,0.6,11.2,0.0,4.2,32.8,0.033995527774095535,1.0
rule-hebb_bound-soft_lr_bas-0.096_theta_bas_0-16_theta_0-4_lr_ap-0.064,hebb,soft,0.096,0.064,0.016,0.056,0.256,4,16,True,0.0,thr,,30,203,random,12,1.0,0.1,2500,,0,50,False,1.0,som,1.0,1.0,20.0,0.0,100.0,inf,1.0,2.0,1.5,0.5,0.5,0.15,0,1,1037.25,1,nan,nan,0.94845,0.03080729767680168,nan,0.213501438498497,2.5223372357846708e-45,1.0,0.0957702692190591,0.012530516195617375,0.8809983340145993,0.045823695734875144,0.8,0.6,11.2,0.0,3.6,30.8,0.014987756498157978,1.0
rule-hebb_bound-soft_lr_bas-0.096_theta_bas_0-16_theta_0-8_lr_ap-0.064,hebb,soft,0.096,0.064,0.016,0.056,0.256,8,16,True,0.0,thr,,30,203,random,12,1.0,0.1,2500,,0,50,False,1.0,som,1.0,1.0,20.0,0.0,100.0,inf,1.0,2.0,1.5,0.5,0.5,0.15,0,0,1065.4,0,nan,nan,0.95014,0.030780035257339477,nan,0.2066277652978897,2.5223372357846708e-45,1.0,0.0957702692190591,0.012623025506716252,0.8809983340145993,0.025562287013080637,0.8,0.6,11.2,0.0,3.4,30.6,0.01675223708152771,1.0
rule-hebb_bound-soft_lr_bas-0.096_theta_bas_0-17_theta_0-2_lr_ap-0.064,hebb,soft,0.096,0.064,0.016,0.056,0.256,2,17,True,0.0,thr,,30,203,random,12,1.0,0.1,2500,,0,50,False,1.0,som,1.0,1.0,20.0,0.0,100.0,inf,1.0,2.0,1.5,0.5,0.5,0.15,0,0,1126.0,2,nan,nan,0.7935200000000001,0.03048628531396389,nan,0.16570046544075012,2.2420775429197074e-45,0.9999999523162841,0.09574906339705305,0.006777353001294039,0.8810013650581687,0.023352364714608338,0.8,0.6,11.2,0.0,2.0,25.4,0.026768026873469353,0.8133206695318222
rule-hebb_bound-soft_lr_bas-0.096_theta_bas_0-17_theta_0-4_lr_ap-0.064,hebb,soft,0.096,0.064,0.016,0.056,0.256,4,17,True,0.0,thr,,30,203,random,12,1.0,0.1,2500,,0,50,False,1.0,som,1.0,1.0,20.0,0.0,100.0,inf,1.0,2.0,1.5,0.5,0.5,0.15,0,0,1143.6666666666667,2,nan,nan,0.78583,0.03045148402452469,nan,0.16234793066978453,2.2420775429197074e-45,0.9999999403953552,0.09574906339705305,0.006322758861109575,0.8810013650581687,0.01623333116669694,0.8,0.6,11.2,0.0,1.8,25.4,0.009308514557778836,0.8022457927465438
rule-hebb_bound-soft_lr_bas-0.096_theta_bas_0-17_theta_0-8_lr_ap-0.064,hebb,soft,0.096,0.064,0.016,0.056,0.256,8,17,True,0.0,thr,,30,203,random,12,1.0,0.1,2500,,0,50,False,1.0,som,1.0,1.0,20.0,0.0,100.0,inf,1.0,2.0,1.5,0.5,0.5,0.15,0,0,1264.3333333333333,2,nan,nan,0.7736,0.030395972728729247,nan,0.15889475643634796,2.2420775429197074e-45,0.9999999403953552,0.09574906339705305,0.006967227269882742,0.8810013650581687,0.016099489131792686,0.8,0.6,11.2,0.0,1.8,25.2,0.00887742571048875,0.8000896036741324
rule-hebb_bound-soft_lr_bas-0.128_theta_bas_0-15_theta_0-2_lr_ap-0.064,hebb,soft,0.128,0.064,0.016,0.056,0.256,2,15,True,0.0,thr,,30,203,random,12,1.0,0.1,2500,,0,50,False,1.0,som,1.0,1.0,20.0,0.0,100.0,inf,1.0,2.0,1.5,0.5,0.5,0.15,0,1,988.5,1,nan,nan,0.939125,0.03137984983623028,nan,0.31064535677433014,2.2420775429197074e-45,1.0,0.09575944709132421,0.018507499166042295,0.8810549870035385,0.19058509149637623,0.8,0.6,11.4,0.2,4.8,41.8,0.04623478837311268,1.0
rule-hebb_bound-soft_lr_bas-0.128_theta_bas_0-15_theta_0-4_lr_ap-0.064,hebb,soft,0.128,0.064,0.016,0.056,0.256,4,15,True,0.0,thr,,30,203,random,12,1.0,0.1,2500,,0,50,False,1.0,som,1.0,1.0,20.0,0.0,100.0,inf,1.0,2.0,1.5,0.5,0.5,0.15,0,1,559.6666666666666,2,nan,nan,0.9423625000000002,0.03115071915090084,nan,0.2901864260435104,2.2420775429197074e-45,1.0,0.09575944709132421,0.015561895995433197,0.8810549870035385,0.18143391348519652,0.8,0.6,11.4,0.2,4.0,40.6,0.01626622397452593,1.0
rule-hebb_bound-soft_lr_bas-0.128_theta_bas_0-15_theta_0-8_lr_ap-0.064,hebb,soft,0.128,0.064,0.016,0.056,0.256,8,15,True,0.0,thr,,30,203,random,12,1.0,0.1,2500,,0,50,False,1.0,som,1.0,1.0,20.0,0.0,100.0,inf,1.0,2.0,1.5,0.5,0.5,0.15,0,1,701.0,2,nan,nan,0.9282625,0.031071257218718527,nan,0.2742030143737793,2.2420775429197074e-45,1.0,0.09575944709132421,0.014602399505554545,0.8810549870035385,0.1547242187460799,0.8,0.6,11.4,0.2,4.0,39.4,0.014779360499233007,1.0
rule-hebb_bound-soft_lr_bas-0.128_theta_bas_0-16_theta_0-2_lr_ap-0.064,hebb,soft,0.128,0.064,0.016,0.056,0.256,2,16,True,0.0,thr,,30,203,random,12,1.0,0.1,2500,,0,50,False,1.0,som,1.0,1.0,20.0,0.0,100.0,inf,1.0,2.0,1.5,0.5,0.5,0.15,0,1,953.25,1,nan,nan,0.9550375,0.030691404640674592,nan,0.22621510922908783,1.9618178500547438e-45,1.0,0.0957310984150674,0.014062798536077248,0.8810578005866849,0.16499143834535182,0.8,0.6,11.2,0.0,4.0,31.8,0.033655415289103985,1.0
rule-hebb_bound-soft_lr_bas-0.128_theta_bas_0-16_theta_0-4_lr_ap-0.064,hebb,soft,0.128,0.064,0.016,0.056,0.256,4,16,True,0.0,thr,,30,203,random,12,1.0,0.1,2500,,0,50,False,1.0,som,1.0,1.0,20.0,0.0,100.0,inf,1.0,2.0,1.5,0.5,0.5,0.15,0,0,870.8,0,nan,nan,0.9554500000000001,0.03088991269469261,nan,0.20983586013317107,1.9618178500547438e-45,1.0,0.0957310984150674,0.012502665750604778,0.8810578005866849,0.019673956805152108,0.8,0.6,11.2,0.0,3.4,31.2,0.01695421673357487,1.0
rule-hebb_bound-soft_lr_bas-0.128_theta_bas_0-16_theta_0-8_lr_ap-0.064,hebb,soft,0.128,0.064,0.016,0.056,0.256,8,16,True,0.0,thr,,30,203,random,12,1.0,0.1,2500,,0,50,False,1.0,som,1.0,1.0,20.0,0.0,100.0,inf,1.0,2.0,1.5,0.5,0.5,0.15,0,0,734.5,1,nan,nan,0.9391400000000001,0.030829186365008355,nan,0.20420297384262084,1.9618178500547438e-45,1.0,0.0957310984150674,0.011046433661759952,0.8810578005866849,0.016820277542969313,0.8,0.6,11.2,0.0,3.0,30.8,0.014782886859029532,1.0
rule-hebb_bound-soft_lr_bas-0.128_theta_bas_0-17_theta_0-2_lr_ap-0.064,hebb,soft,0.128,0.064,0.016,0.056,0.256,2,17,True,0.0,thr,,30,203,random,12,1.0,0.1,2500,,0,50,False,1.0,som,1.0,1.0,20.0,0.0,100.0,inf,1.0,2.0,1.5,0.5,0.5,0.15,0,0,1079.0,2,nan,nan,0.7914000000000001,0.03050117753446102,nan,0.16452295780181886,1.9618178500547438e-45,0.9999999761581421,0.09570264745067741,0.006360288729901237,0.8810600712210179,0.01600529292591337,0.8,0.6,11.2,0.0,1.8,25.4,0.02613779716193676,0.8132678270339966
rule-hebb_bound-soft_lr_bas-0.128_theta_bas_0-17_theta_0-4_lr_ap-0.064,hebb,soft,0.128,0.064,0.016,0.056,0.256,4,17,True,0.0,thr,,30,203,random,12,1.0,0.1,2500,,0,50,False,1.0,som,1.0,1.0,20.0,0.0,100.0,inf,1.0,2.0,1.5,0.5,0.5,0.15,0,0,1134.0,2,nan,nan,0.7875700000000001,0.03043125607073307,nan,0.1604314148426056,1.9618178500547438e-45,0.9999999761581421,0.09570264745067741,0.006693437089571918,0.8810600712210179,0.010622116834493144,0.8,0.6,11.2,0.0,1.8,25.4,0.00932109683053568,0.8022437265142799
rule-hebb_bound-soft_lr_bas-0.128_theta_bas_0-17_theta_0-8_lr_ap-0.064,hebb,soft,0.128,0.064,0.016,0.056,0.256,8,17,True,0.0,thr,,30,203,random,12,1.0,0.1,2500,,0,50,False,1.0,som,1.0,1.0,20.0,0.0,100.0,inf,1.0,2.0,1.5,0.5,0.5,0.15,0,0,1251.6666666666667,2,nan,nan,0.7794800000000001,0.03039730340242386,nan,0.15787711143493652,1.9618178500547438e-45,0.9999999761581421,0.09570264745067741,0.006209376906405281,0.8810600712210179,0.00927324976910946,0.8,0.6,11.2,0.0,1.6,25.4,0.007892211793841853,0.8000899473612663
rule-hebb_bound-soft_lr_bas-0.192_theta_bas_0-15_theta_0-2_lr_ap-0.064,hebb,soft,0.192,0.064,0.016,0.056,0.256,2,15,True,0.0,thr,,30,203,random,12,1.0,0.1,2500,,0,50,False,1.0,som,1.0,1.0,20.0,0.0,100.0,inf,1.0,2.0,1.5,0.5,0.5,0.15,0,1,517.0,2,nan,nan,0.9340125000000001,0.031202711910009385,nan,0.2973917782306671,1.6815581571897804e-45,1.0,0.0956947656606643,0.015938346533799316,0.8811588457398016,0.17211639141314436,0.8,0.6,11.4,0.2,4.4,41.6,0.04391262121498585,1.0
rule-hebb_bound-soft_lr_bas-0.192_theta_bas_0-15_theta_0-4_lr_ap-0.064,hebb,soft,0.192,0.064,0.016,0.056,0.256,4,15,True,0.0,thr,,30,203,random,12,1.0,0.1,2500,,0,50,False,1.0,som,1.0,1.0,20.0,0.0,100.0,inf,1.0,2.0,1.5,0.5,0.5,0.15,0,1,542.0,2,nan,nan,0.9423625000000002,0.031147371605038644,nan,0.28976708352565766,1.6815581571897804e-45,1.0,0.0956947656606643,0.015266375167077966,0.8811588457398016,0.16590958051298899,0.8,0.6,11.4,0.2,4.0,41.0,0.016305763041600585,1.0
rule-hebb_bound-soft_lr_bas-0.192_theta_bas_0-15_theta_0-8_lr_ap-0.064,hebb,soft,0.192,0.064,0.016,0.056,0.256,8,15,True,0.0,thr,,30,203,random,12,1.0,0.1,2500,,0,50,False,1.0,som,1.0,1.0,20.0,0.0,100.0,inf,1.0,2.0,1.5,0.5,0.5,0.15,0,1,688.0,2,nan,nan,0.9287750000000001,0.03109820410609245,nan,0.27674359977245333,1.6815581571897804e-45,1.0,0.0956947656606643,0.015282761848823507,0.8811588457398016,0.12089281155485068,0.8,0.6,11.4,0.2,4.0,40.6,0.014779589837417006,1.0
rule-hebb_bound-soft_lr_bas-0.192_theta_bas_0-16_theta_0-2_lr_ap-0.064,hebb,soft,0.192,0.064,0.016,0.056,0.256,2,16,True,0.0,thr,,30,203,random,12,1.0,0.1,2500,,0,50,False,1.0,som,1.0,1.0,20.0,0.0,100.0,inf,1.0,2.0,1.5,0.5,0.5,0.15,0,0,1208.0,0,nan,nan,0.9131200000000002,0.030708086118102072,nan,0.20486983060836791,1.6815581571897804e-45,1.0,0.09565178199218616,0.010657184155545531,0.8811578554300062,0.020544204517904202,0.8,0.6,11.2,0.0,2.8,31.6,0.03661563359200955,1.0
rule-hebb_bound-soft_lr_bas-0.192_theta_bas_0-16_theta_0-4_lr_ap-0.064,hebb,soft,0.192,0.064,0.016,0.056,0.256,4,16,True,0.0,thr,,30,203,random,12,1.0,0.1,2500,,0,50,False,1.0,som,1.0,1.0,20.0,0.0,100.0,inf,1.0,2.0,1.5,0.5,0.5,0.15,0,0,952.0,1,nan,nan,0.9052199999999999,0.030686353519558906,nan,0.2025993287563324,1.6815581571897804e-45,1.0,0.09565178199218616,0.0111236932221104,0.8811578554300062,0.014797711727588782,0.8,0.6,11.2,0.0,2.8,31.4,0.014218562375754118,1.0
rule-hebb_bound-soft_lr_bas-0.192_theta_bas_0-16_theta_0-8_lr_ap-0.064,hebb,soft,0.192,0.064,0.016,0.056,0.256,8,16,True,0.0,thr,,30,203,random,12,1.0,0.1,2500,,0,50,False,1.0,som,1.0,1.0,20.0,0.0,100.0,inf,1.0,2.0,1.5,0.5,0.5,0.15,0,0,1065.75,1,nan,nan,0.8956100000000001,0.030683926492929458,nan,0.20137792229652404,1.6815581571897804e-45,1.0,0.09565178199218616,0.01117025824395774,0.8811578554300062,0.014428062697692387,0.8,0.6,11.2,0.0,2.8,31.2,0.013800967391580344,1.0
rule-hebb_bound-soft_lr_bas-0.192_theta_bas_0-17_theta_0-2_lr_ap-0.064,hebb,soft,0.192,0.064,0.016,0.056,0.256,2,17,True,0.0,thr,,30,203,random,12,1.0,0.1,2500,,0,50,False,1.0,som,1.0,1.0,20.0,0.0,100.0,inf,1.0,2.0,1.5,0.5,0.5,0.15,0,0,1434.5,1,nan,nan,0.79322,0.03031839244067669,nan,0.16113584637641906,1.401298464324817e-45,0.9999999880790711,0.09560856275879967,0.006315327771066273,0.8811555357498568,0.011495805725078485,0.8,0.6,11.2,0.0,1.6,26.0,0.02579909050837159,0.8133099466562271
rule-hebb_bound-soft_lr_bas-0.192_theta_bas_0-17_theta_0-4_lr_ap-0.064,hebb,soft,0.192,0.064,0.016,0.056,0.256,4,17,True,0.0,thr,,30,203,random,12,1.0,0.1,2500,,0,50,False,1.0,som,1.0,1.0,20.0,0.0,100.0,inf,1.0,2.0,1.5,0.5,0.5,0.15,0,0,1131.0,2,nan,nan,0.7866799999999999,0.03029251769185066,nan,0.15905461311340333,1.401298464324817e-45,0.9999999880790711,0.09560856275879967,0.006316883312531364,0.8811555357498568,0.008105684016455337,0.8,0.6,11.2,0.0,1.6,25.8,0.008441095356829464,0.8022186348214746
rule-hebb_bound-soft_lr_bas-0.192_theta_bas_0-17_theta_0-8_lr_ap-0.064,hebb,soft,0.192,0.064,0.016,0.056,0.256,8,17,True,0.0,thr,,30,203,random,12,1.0,0.1,2500,,0,50,False,1.0,som,1.0,1.0,20.0,0.0,100.0,inf,1.0,2.0,1.5,0.5,0.5,0.15,0,0,1233.6666666666667,2,nan,nan,0.7827000000000001,0.030277316644787788,nan,0.1583757758140564,1.401298464324817e-45,0.9999999880790711,0.09560856275879967,0.0063220094781993846,0.8811555357498568,0.008014680147287406,0.8,0.6,11.2,0.0,1.6,25.8,0.007892677749441645,0.8000888484471943
